nitrogen,phosphorus,potassium,ph,rainfall,temperature,humidity,soil_type,season,region,irrigation,crop
20.0,74.0,16.0,4.76,159.89,36.04,43.61,loamy,long_rains,sub_humid,0,pigeon_peas
133.0,57.0,19.0,7.95,84.13,23.54,75.98,clay,long_rains,sub_humid,0,cotton
32.0,76.0,15.0,7.6,43.36,28.05,63.5,clay,transitional,semi_arid,0,lentils
32.21,68.22,52.0,7.4,537.05,22.24,57.79,loamy,short_rains,sub_humid,0,beans
187.54,60.42,151.99,5.8,1632.52,28.31,75.75,loamy,long_rains,sub_humid,0,sugarcane
71.85,43.46,38.09,6.1,473.37,29.86,45.27,sandy,dry,arid,0,sorghum
70.93,40.98,41.14,5.8,454.08,25.36,53.81,loamy,dry,arid,1,sorghum
70.0,54.0,46.0,6.92,122.76,39.73,91.12,sandy,transitional,coastal,0,papaya
69.62,42.79,36.96,5.5,436.26,29.16,45.77,loamy,dry,arid,0,sorghum
25.47,65.8,47.1,6.8,391.17,18.65,46.89,clay,dry,semi_arid,1,lentils
40.0,55.0,18.0,7.12,47.95,30.38,40.59,sandy,short_rains,semi_arid,0,moth_beans
3.0,23.0,30.0,6.08,215.2,29.7,95.66,sandy,long_rains,coastal,0,coconut
51.38,47.74,85.98,6.1,896.96,28.56,69.48,sandy,long_rains,coastal,0,cassava
50.0,59.0,47.0,6.75,209.87,40.77,92.09,sandy,transitional,sub_humid,0,papaya
165.56,68.71,180.33,6.1,1454.82,26.51,79.02,loamy,long_rains,coastal,1,banana
129.21,54.55,100.44,5.6,1555.75,20.27,75.2,silty,long_rains,highland,0,coffee
96.52,65.3,102.03,6.6,435.35,23.01,55.63,sandy,dry,semi_arid,1,onion
152.14,50.36,86.82,4.9,1947.97,16.12,79.74,silty,long_rains,highland,0,tea
29.27,51.49,46.25,5.7,569.37,20.45,52.32,loamy,transitional,highland,1,chickpea
72.94,54.55,75.91,6.2,574.35,24.34,48.55,sandy,short_rains,sub_humid,1,sunflower
115.0,31.0,30.0,6.84,122.41,24.23,67.38,loamy,long_rains,highland,1,coffee
66.61,48.48,41.98,5.7,492.34,29.52,43.36,loamy,short_rains,arid,0,sorghum
25.82,63.85,62.72,5.8,731.62,27.91,63.07,loamy,long_rains,sub_humid,1,groundnut
103.37,89.41,126.7,6.7,623.72,24.02,62.98,loamy,dry,highland,1,tomato
29.96,61.48,52.12,7.2,548.08,22.6,61.04,silty,long_rains,highland,0,beans
31.24,62.03,48.29,7.0,501.12,19.79,63.38,loamy,short_rains,sub_humid,1,beans
70.92,55.02,97.84,6.0,570.38,27.28,67.32,sandy,short_rains,highland,0,sweetpotato
104.66,60.9,102.68,7.3,446.92,19.86,51.98,loamy,dry,semi_arid,0,onion
74.59,48.36,72.22,7.0,756.71,30.24,49.09,sandy,transitional,semi_arid,1,mango
99.0,29.0,55.0,6.66,26.48,29.19,91.46,loamy,dry,sub_humid,1,muskmelon
88.37,44.66,61.96,5.8,939.31,27.91,51.42,sandy,transitional,coastal,0,mango
25.89,64.76,66.94,7.0,717.17,29.38,54.31,loamy,long_rains,sub_humid,0,groundnut
96.49,62.54,49.48,6.5,714.87,22.51,70.81,loamy,long_rains,highland,0,maize
30.25,64.61,49.29,7.1,572.79,22.12,63.37,silty,long_rains,sub_humid,0,beans
35.27,70.25,56.2,6.1,529.15,21.04,62.11,silty,short_rains,highland,0,beans
72.36,37.27,43.54,5.8,456.65,30.24,44.51,loamy,dry,semi_arid,0,sorghum
114.77,82.9,131.07,5.6,701.71,15.52,70.77,loamy,transitional,highland,0,potato
30.91,64.99,52.84,7.3,514.9,21.93,58.19,loamy,long_rains,highland,0,beans
62.06,57.7,115.29,6.4,575.64,23.51,66.3,loamy,short_rains,sub_humid,0,sweetpotato
11.0,40.0,23.0,5.8,50.2,29.61,63.05,sandy,dry,arid,0,moth_beans
71.28,45.37,36.33,7.3,605.56,16.4,55.07,clay,dry,highland,0,wheat
124.98,64.37,108.99,6.1,1759.45,20.39,75.17,loamy,long_rains,highland,1,coffee
70.97,41.45,40.66,7.0,575.95,18.78,52.44,loamy,dry,highland,0,wheat
84.0,57.0,25.0,6.49,64.41,22.54,67.99,silty,long_rains,highland,1,maize
108.28,63.89,105.5,7.2,467.79,20.86,54.15,loamy,dry,highland,1,onion
105.57,73.32,136.92,6.2,481.89,23.58,62.07,loamy,transitional,sub_humid,1,tomato
85.0,9.0,53.0,6.45,28.79,28.21,92.87,sandy,transitional,sub_humid,0,muskmelon
53.0,67.0,17.0,7.3,61.47,31.78,69.02,clay,short_rains,coastal,1,blackgram
62.95,41.84,83.17,6.6,858.77,29.42,73.04,loamy,long_rains,sub_humid,1,cassava
37.04,67.59,59.85,6.5,695.22,29.12,63.21,sandy,long_rains,coastal,0,groundnut
100.92,64.79,104.25,7.4,411.22,22.37,51.56,loamy,dry,highland,1,onion
39.0,60.0,21.0,6.97,64.73,34.9,63.6,clay,short_rains,coastal,0,blackgram
65.21,43.85,68.52,5.6,731.81,29.76,59.18,loamy,dry,semi_arid,1,mango
185.65,56.28,189.08,6.2,1470.55,25.78,77.06,clay,long_rains,coastal,1,banana
99.01,66.37,117.9,6.0,516.39,19.23,47.3,sandy,dry,semi_arid,1,onion
111.0,6.0,53.0,6.31,46.06,26.49,88.59,sandy,short_rains,semi_arid,1,watermelon
103.15,78.57,135.12,6.4,558.69,22.0,60.65,silty,transitional,highland,1,tomato
100.39,87.81,142.48,6.0,569.01,23.43,60.56,loamy,dry,highland,0,tomato
58.68,38.85,33.66,6.1,369.5,30.87,46.07,sandy,dry,arid,0,millet
93.17,52.31,51.31,6.3,660.98,21.89,67.64,loamy,long_rains,sub_humid,1,maize
134.67,84.47,126.0,5.6,651.86,13.26,73.24,silty,long_rains,highland,0,potato
125.34,57.5,44.93,6.4,1923.09,26.96,88.23,silty,long_rains,sub_humid,1,rice
21.0,9.0,40.0,5.96,105.62,24.51,90.64,loamy,dry,arid,0,pomegranate
89.46,56.78,46.67,6.4,742.68,22.54,69.24,silty,short_rains,highland,1,maize
135.74,66.47,96.29,6.2,705.25,16.84,65.65,clay,long_rains,highland,0,cabbage
122.15,61.73,97.27,6.1,1625.37,20.41,76.36,silty,long_rains,highland,0,coffee
4.0,43.0,18.0,8.84,72.98,29.03,61.09,sandy,dry,semi_arid,0,moth_beans
103.05,58.46,71.11,6.3,863.91,28.56,49.85,clay,long_rains,coastal,0,cotton
2.0,123.0,205.0,5.74,124.98,22.37,90.79,silty,transitional,highland,1,apple
178.31,60.59,151.48,7.1,1806.25,31.73,68.91,clay,long_rains,sub_humid,1,sugarcane
97.0,22.0,50.0,6.77,58.98,26.26,86.15,loamy,dry,sub_humid,1,watermelon
17.0,64.0,16.0,7.16,180.72,30.98,32.25,loamy,short_rains,sub_humid,0,pigeon_peas
57.57,45.19,79.89,6.4,892.64,27.95,73.64,loamy,long_rains,coastal,0,cassava
29.93,62.47,42.41,6.6,359.77,19.61,43.21,clay,transitional,semi_arid,1,lentils
29.0,122.0,196.0,5.64,73.07,41.95,81.16,sandy,dry,semi_arid,1,grapes
65.23,42.06,39.73,6.4,484.97,29.77,47.38,sandy,dry,arid,1,sorghum
93.33,56.42,47.15,6.3,652.31,21.57,66.2,loamy,long_rains,highland,0,maize
79.34,37.79,39.2,6.9,596.05,16.46,56.24,clay,dry,highland,0,wheat
72.39,42.17,37.97,6.1,444.22,28.1,45.16,sandy,dry,semi_arid,1,sorghum
68.79,57.32,72.43,6.6,544.63,27.65,44.43,sandy,dry,sub_humid,1,sunflower
34.0,65.0,19.0,5.94,45.4,23.44,63.22,clay,dry,semi_arid,0,lentils
151.74,44.67,77.56,5.8,2279.84,16.37,78.53,silty,long_rains,highland,0,tea
60.4,55.67,104.63,6.2,543.78,24.61,70.68,loamy,short_rains,sub_humid,0,sweetpotato
123.73,50.24,45.86,6.0,1959.88,26.93,89.4,silty,long_rains,sub_humid,0,rice
65.0,62.0,51.0,6.51,207.07,31.53,90.87,loamy,transitional,sub_humid,0,papaya
74.01,61.93,97.61,6.1,567.03,26.0,65.34,sandy,short_rains,highland,0,sweetpotato
95.34,58.56,52.03,6.8,739.75,22.77,65.81,silty,long_rains,sub_humid,0,maize
6.0,63.0,23.0,5.91,160.33,26.02,49.95,loamy,long_rains,semi_arid,0,pigeon_peas
52.0,63.0,19.0,6.93,67.53,29.59,68.32,clay,transitional,coastal,0,blackgram
98.68,66.31,99.44,6.1,481.76,22.02,54.08,loamy,dry,highland,1,onion
54.0,61.0,77.0,6.21,77.54,18.81,15.22,sandy,transitional,semi_arid,0,chickpea
52.76,34.52,34.66,6.4,320.11,29.37,45.43,sandy,short_rains,arid,0,millet
32.0,48.0,18.0,5.99,64.16,26.46,56.4,sandy,short_rains,semi_arid,1,moth_beans
28.0,76.0,82.0,6.65,83.76,20.57,14.26,sandy,dry,highland,1,chickpea
34.0,65.0,48.0,6.67,199.31,41.42,90.04,sandy,transitional,sub_humid,0,papaya
61.0,44.0,17.0,6.93,102.27,26.1,71.57,silty,short_rains,sub_humid,0,maize
80.95,54.0,71.88,7.3,834.95,30.34,53.15,loamy,transitional,semi_arid,0,mango
74.62,46.22,44.89,6.5,515.63,15.96,54.07,clay,dry,highland,1,wheat
68.99,56.33,102.31,5.9,619.62,24.6,68.47,loamy,long_rains,sub_humid,0,sweetpotato
121.91,46.54,47.52,6.7,2122.2,28.58,84.31,clay,long_rains,sub_humid,1,rice
73.68,54.82,103.53,5.9,550.49,22.29,67.38,loamy,long_rains,sub_humid,0,sweetpotato
122.79,59.43,42.23,6.0,1729.01,29.78,88.6,silty,long_rains,coastal,1,rice
81.0,41.0,38.0,7.52,200.91,22.68,83.73,clay,long_rains,coastal,0,rice
2.0,36.0,31.0,5.73,91.78,30.9,49.96,sandy,dry,coastal,0,mango
105.26,61.79,70.47,7.4,745.51,25.22,53.99,clay,long_rains,coastal,0,cotton
36.0,57.0,16.0,8.29,57.03,28.61,57.14,sandy,short_rains,arid,0,moth_beans
173.52,63.14,180.52,5.7,1247.5,25.39,79.87,clay,long_rains,coastal,0,banana
31.0,56.0,23.0,5.66,174.57,31.47,35.39,sandy,long_rains,semi_arid,0,pigeon_peas
177.98,57.57,193.09,6.7,1292.36,28.59,79.34,clay,long_rains,sub_humid,0,banana
63.82,35.73,33.14,6.7,352.35,33.0,38.41,sandy,dry,arid,0,millet
30.2,61.12,45.79,7.7,358.99,20.05,44.75,clay,transitional,highland,0,lentils
118.0,50.0,19.0,6.36,66.48,22.96,82.34,clay,long_rains,coastal,0,cotton
65.74,57.03,108.66,6.6,591.1,27.57,66.15,loamy,short_rains,highland,0,sweetpotato
168.57,57.6,185.9,6.6,1281.06,24.74,81.38,clay,long_rains,sub_humid,1,banana
32.95,64.28,67.2,6.6,775.16,26.87,60.27,loamy,long_rains,coastal,0,groundnut
113.51,55.12,47.72,5.9,664.54,23.23,70.74,loamy,short_rains,highland,1,maize
36.37,74.72,53.66,6.5,551.61,20.03,67.34,loamy,short_rains,highland,0,beans
97.6,84.27,134.18,6.6,553.96,22.44,59.54,silty,dry,highland,1,tomato
55.66,52.01,78.58,5.9,927.37,26.92,73.12,sandy,long_rains,coastal,0,cassava
37.0,23.0,28.0,5.74,224.32,25.61,94.31,sandy,long_rains,coastal,0,coconut
103.85,52.98,50.09,5.9,740.22,23.93,68.46,loamy,long_rains,sub_humid,1,maize
95.0,13.0,46.0,6.13,23.28,29.84,93.76,loamy,dry,sub_humid,1,muskmelon
105.67,53.15,50.26,6.8,777.95,20.83,68.58,silty,short_rains,sub_humid,0,maize
126.49,66.22,109.73,7.2,633.99,17.49,66.17,clay,long_rains,highland,1,cabbage
66.6,42.28,43.84,6.2,417.04,28.47,44.79,loamy,short_rains,arid,0,sorghum
28.04,51.5,41.48,5.9,543.93,17.67,46.77,loamy,transitional,semi_arid,0,chickpea
66.92,48.83,65.7,7.2,606.64,26.31,48.99,sandy,short_rains,semi_arid,0,sunflower
142.15,42.53,76.75,4.8,2372.38,19.0,79.78,silty,long_rains,highland,0,tea
173.93,53.05,191.63,6.1,1547.28,27.45,78.89,loamy,long_rains,sub_humid,1,banana
138.83,46.41,69.54,4.7,1842.68,16.56,86.24,loamy,long_rains,highland,0,tea
34.1,58.19,49.86,7.3,615.46,20.88,61.25,loamy,short_rains,sub_humid,1,beans
50.13,37.44,33.72,5.7,335.23,34.76,39.71,sandy,dry,semi_arid,0,millet
146.96,41.53,78.08,4.8,1908.35,15.22,83.79,silty,long_rains,highland,1,tea
121.91,81.89,117.28,5.0,670.4,13.74,72.47,silty,long_rains,highland,1,potato
73.78,44.5,39.76,6.3,544.26,17.01,52.38,clay,dry,highland,0,wheat
106.0,70.0,55.0,5.74,116.3,25.87,78.52,clay,long_rains,coastal,0,banana
105.93,83.22,121.01,6.5,489.33,21.04,68.97,loamy,dry,highland,0,tomato
174.58,62.26,178.33,6.7,1478.26,24.21,79.83,loamy,long_rains,coastal,0,banana
27.0,30.0,31.0,5.72,148.84,28.99,90.74,sandy,long_rains,coastal,1,coconut
91.0,84.0,52.0,6.39,117.54,29.15,78.71,clay,long_rains,coastal,0,banana
98.42,63.25,111.73,6.9,386.83,21.08,58.67,loamy,dry,semi_arid,1,onion
54.46,38.87,33.02,7.0,308.78,30.89,36.12,sandy,short_rains,semi_arid,0,millet
126.0,50.0,19.0,6.63,78.58,24.69,81.74,clay,long_rains,sub_humid,1,cotton
86.62,44.54,44.78,7.5,635.8,19.45,50.54,loamy,dry,highland,0,wheat
56.61,40.0,38.45,6.3,327.56,28.98,33.24,sandy,dry,semi_arid,0,millet
22.0,78.0,76.0,8.62,76.32,17.85,19.09,loamy,dry,highland,0,chickpea
26.49,53.33,49.36,6.0,496.87,21.51,50.06,sandy,transitional,highland,1,chickpea
102.0,46.0,19.0,6.63,81.5,22.77,82.6,loamy,long_rains,coastal,0,cotton
122.36,59.87,46.56,6.2,1954.14,26.45,85.58,clay,long_rains,coastal,1,rice
30.44,70.44,51.34,7.4,532.35,21.18,60.65,loamy,short_rains,sub_humid,0,beans
184.9,59.98,145.01,7.4,1659.28,28.4,73.65,loamy,long_rains,coastal,0,sugarcane
95.0,12.0,51.0,6.68,44.22,25.76,84.17,sandy,short_rains,semi_arid,1,watermelon
2.0,24.0,34.0,6.47,94.76,28.89,54.81,sandy,dry,semi_arid,1,mango
37.5,60.1,65.61,5.8,698.2,30.35,60.79,loamy,long_rains,sub_humid,1,groundnut
107.55,81.14,129.51,6.2,582.92,20.29,59.04,loamy,transitional,sub_humid,0,tomato
11.0,78.0,22.0,5.94,112.66,23.9,22.74,loamy,short_rains,highland,0,kidney_beans
81.0,49.0,20.0,5.51,104.23,18.04,60.61,loamy,long_rains,sub_humid,0,maize
111.17,80.14,126.48,6.9,519.35,24.47,61.03,loamy,transitional,highland,1,tomato
48.0,62.0,47.0,6.8,174.4,25.35,93.03,sandy,long_rains,coastal,1,papaya
25.25,68.2,55.88,6.1,551.19,21.1,58.62,loamy,short_rains,sub_humid,0,beans
29.0,25.0,35.0,5.54,160.73,28.36,91.65,loamy,long_rains,coastal,0,coconut
87.0,14.0,48.0,6.61,29.11,29.69,92.59,loamy,dry,semi_arid,1,muskmelon
96.0,53.11,50.47,6.6,600.42,23.54,66.79,loamy,long_rains,highland,0,maize
29.29,56.91,45.01,5.5,552.65,19.62,54.4,sandy,transitional,semi_arid,0,chickpea
122.85,62.2,96.87,6.5,1386.95,20.47,74.97,silty,long_rains,highland,1,coffee
90.0,14.0,52.0,6.39,59.68,24.85,89.2,sandy,short_rains,sub_humid,1,watermelon
36.0,11.0,13.0,7.19,112.72,17.34,93.05,loamy,long_rains,sub_humid,0,orange
33.86,64.13,50.17,7.1,570.93,22.03,61.08,loamy,long_rains,highland,0,beans
67.63,55.59,91.62,6.1,608.65,26.56,70.69,sandy,short_rains,highland,0,sweetpotato
83.0,38.0,35.0,7.19,136.73,25.71,52.89,silty,long_rains,highland,0,coffee
104.0,73.0,46.0,6.28,90.45,29.14,80.12,clay,long_rains,coastal,0,banana
69.08,56.78,105.16,6.7,614.43,25.02,68.72,sandy,short_rains,highland,0,sweetpotato
32.1,71.07,55.81,6.7,529.73,21.84,64.56,loamy,long_rains,highland,1,beans
65.11,40.2,72.45,6.3,936.84,27.44,69.92,loamy,long_rains,coastal,0,cassava
183.36,54.06,131.45,6.7,1610.84,29.68,74.01,loamy,long_rains,sub_humid,1,sugarcane
61.29,38.16,76.59,6.2,897.03,28.88,71.85,sandy,long_rains,sub_humid,0,cassava
122.56,64.0,97.75,5.7,1601.44,18.88,73.01,loamy,long_rains,highland,0,coffee
92.62,56.17,50.98,6.9,749.29,22.74,69.43,loamy,short_rains,sub_humid,1,maize
59.31,41.1,85.62,6.2,911.53,24.62,74.51,sandy,long_rains,coastal,0,cassava
151.47,50.26,77.1,5.4,2122.16,18.22,80.46,silty,long_rains,highland,0,tea
31.61,51.38,48.69,6.2,564.41,19.83,50.03,loamy,transitional,highland,0,chickpea
147.78,42.23,83.08,5.6,2080.32,15.56,81.79,silty,long_rains,highland,0,tea
94.0,70.0,48.0,6.2,91.46,25.14,84.88,loamy,long_rains,coastal,0,banana
32.0,25.0,35.0,5.89,107.01,18.1,85.71,loamy,transitional,arid,1,pomegranate
85.0,21.0,52.0,6.08,23.7,29.63,90.1,loamy,dry,semi_arid,1,muskmelon
96.74,52.65,51.72,6.7,714.78,22.92,71.31,silty,short_rains,highland,1,maize
7.0,60.0,25.0,6.4,56.05,28.28,82.76,sandy,transitional,sub_humid,1,mung_bean
95.16,62.48,98.74,6.6,451.36,21.53,51.93,sandy,dry,highland,1,onion
155.01,43.38,75.47,5.5,2020.8,17.33,77.93,loamy,long_rains,highland,0,tea
171.18,69.44,130.2,7.2,1416.81,28.32,72.96,loamy,long_rains,coastal,1,sugarcane
78.56,52.95,72.78,6.5,734.5,29.35,54.29,sandy,transitional,coastal,0,mango
128.02,75.21,99.11,6.6,635.4,15.07,64.65,loamy,short_rains,highland,1,cabbage
39.0,71.0,84.0,8.14,82.52,20.28,16.4,sandy,transitional,semi_arid,0,chickpea
87.02,52.86,46.66,5.9,713.97,21.73,60.83,silty,short_rains,highland,0,maize
138.21,72.24,97.2,7.5,608.48,14.67,71.34,clay,short_rains,highland,0,cabbage
11.0,72.0,22.0,6.84,172.4,29.38,44.82,sandy,long_rains,semi_arid,0,pigeon_peas
57.0,64.0,55.0,6.58,62.51,26.68,92.96,loamy,transitional,sub_humid,0,papaya
19.0,57.0,23.0,7.34,141.13,23.67,47.29,sandy,long_rains,sub_humid,0,pigeon_peas
120.03,66.8,106.43,6.0,1671.78,18.57,77.71,loamy,long_rains,highland,0,coffee
24.0,45.0,19.0,5.95,34.74,26.86,48.82,sandy,dry,arid,0,moth_beans
55.95,43.71,34.04,6.1,322.83,30.14,38.33,sandy,short_rains,arid,0,millet
4.0,47.0,20.0,4.19,72.19,25.98,64.96,sandy,short_rains,arid,0,moth_beans
126.0,46.0,25.0,6.76,60.8,24.44,81.7,loamy,long_rains,coastal,0,cotton
66.28,41.89,40.2,6.9,471.78,28.88,42.03,loamy,short_rains,arid,0,sorghum
155.24,43.83,76.34,5.2,2048.55,17.48,80.66,silty,long_rains,highland,0,tea
1.0,124.0,199.0,5.66,112.67,23.71,93.27,silty,dry,highland,0,apple
31.87,64.81,51.42,6.3,522.14,21.5,59.47,loamy,long_rains,highland,1,beans
29.0,139.0,205.0,6.16,116.69,23.64,93.74,loamy,dry,highland,1,apple
123.63,62.39,108.53,5.8,1734.81,19.64,76.14,loamy,long_rains,highland,0,coffee
122.95,50.49,43.49,5.8,2082.91,25.27,84.83,clay,long_rains,coastal,1,rice
72.34,45.32,64.79,7.2,894.88,28.04,50.56,sandy,transitional,coastal,1,mango
98.0,7.0,45.0,6.16,26.85,27.79,92.51,sandy,transitional,semi_arid,0,muskmelon
125.55,51.74,45.96,5.8,1772.16,25.44,87.47,clay,long_rains,sub_humid,1,rice
135.51,68.5,117.33,7.4,638.81,17.1,69.04,loamy,long_rains,highland,1,cabbage
180.52,64.86,183.21,6.3,1714.23,25.11,81.26,loamy,long_rains,sub_humid,1,banana
60.0,36.0,43.0,5.29,219.9,23.43,83.06,clay,long_rains,sub_humid,1,rice
96.0,54.0,22.0,6.96,83.21,25.7,61.33,silty,long_rains,highland,1,maize
90.55,55.41,46.74,6.9,688.69,23.5,68.16,loamy,long_rains,highland,0,maize
70.41,47.24,35.99,6.9,415.89,29.15,43.82,loamy,dry,arid,1,sorghum
26.09,62.24,44.89,7.5,426.29,18.37,50.12,loamy,transitional,semi_arid,1,lentils
23.34,55.63,47.05,6.6,489.96,19.13,48.97,sandy,transitional,highland,0,chickpea
35.0,64.0,15.0,6.5,69.53,28.47,63.54,loamy,short_rains,coastal,1,blackgram
111.79,57.12,46.65,7.0,1919.4,28.17,90.3,silty,long_rains,coastal,1,rice
173.89,64.6,193.44,6.4,1437.67,26.56,78.18,clay,long_rains,sub_humid,0,banana
57.65,39.41,35.87,5.8,272.93,30.78,37.28,sandy,dry,arid,0,millet
128.25,58.07,109.7,6.5,1622.24,22.05,71.21,silty,long_rains,highland,1,coffee
109.0,21.0,55.0,6.77,57.45,24.9,89.74,sandy,dry,sub_humid,1,watermelon
28.0,68.0,19.0,7.7,72.43,34.64,61.39,clay,short_rains,sub_humid,1,blackgram
35.0,64.0,78.0,7.5,85.37,17.93,14.27,sandy,transitional,semi_arid,0,chickpea
22.0,138.0,195.0,6.21,73.03,27.83,83.51,loamy,dry,semi_arid,0,grapes
40.0,64.0,47.0,6.89,71.74,32.5,93.48,loamy,transitional,sub_humid,0,papaya
75.31,45.3,38.79,7.1,472.53,29.14,47.55,sandy,dry,arid,1,sorghum
33.44,63.87,63.3,6.3,684.37,27.83,59.61,loamy,long_rains,coastal,1,groundnut
99.0,38.0,21.0,6.35,67.73,22.88,71.6,loamy,long_rains,highland,0,maize
97.78,54.11,48.61,6.2,700.93,20.3,65.26,silty,short_rains,sub_humid,0,maize
28.07,59.84,47.73,6.1,342.34,21.1,47.97,clay,dry,highland,0,lentils
75.96,49.03,64.18,6.6,846.33,29.82,52.73,sandy,dry,coastal,0,mango
14.0,67.0,15.0,5.69,139.29,19.56,24.67,silty,short_rains,highland,1,kidney_beans
9.0,11.0,8.0,6.56,111.78,24.86,94.39,loamy,long_rains,highland,0,orange
25.76,58.77,38.87,7.4,417.0,19.73,47.2,loamy,transitional,highland,0,lentils
129.65,69.28,111.73,6.5,658.88,17.89,66.37,loamy,long_rains,highland,1,cabbage
39.0,16.0,27.0,4.93,91.55,35.54,52.95,loamy,dry,semi_arid,0,mango
9.0,143.0,197.0,5.57,117.66,23.75,92.88,silty,dry,highland,1,apple
27.72,60.15,51.05,7.3,600.84,21.59,68.99,silty,short_rains,highland,0,beans
171.53,56.26,138.31,7.4,1583.19,30.32,75.27,loamy,long_rains,coastal,0,sugarcane
193.19,59.4,141.75,5.6,1576.53,30.68,68.13,clay,long_rains,sub_humid,1,sugarcane
100.0,61.11,107.33,7.2,451.66,20.04,54.74,sandy,dry,semi_arid,1,onion
79.86,48.53,35.58,7.4,513.4,18.38,56.4,loamy,dry,highland,1,wheat
71.0,35.0,24.0,5.83,67.97,22.27,59.52,loamy,short_rains,sub_humid,1,maize
189.9,59.55,151.0,7.2,1601.34,28.26,66.66,loamy,long_rains,sub_humid,0,sugarcane
25.22,61.68,41.79,7.6,413.33,20.4,46.68,loamy,dry,semi_arid,0,lentils
5.0,68.0,20.0,5.0,139.87,18.73,61.33,loamy,short_rains,semi_arid,0,pigeon_peas
123.68,54.96,47.55,5.8,1750.14,26.41,83.52,silty,long_rains,coastal,0,rice
60.44,38.93,38.74,6.4,426.88,27.78,40.05,loamy,dry,semi_arid,1,sorghum
17.0,52.0,17.0,6.36,44.64,27.88,86.45,loamy,transitional,sub_humid,0,mung_bean
198.97,54.15,138.06,7.5,1465.61,29.93,70.21,clay,long_rains,sub_humid,1,sugarcane
96.16,57.87,51.2,6.9,711.92,24.11,67.56,silty,short_rains,sub_humid,1,maize
33.48,64.49,54.15,6.0,532.58,20.2,59.38,silty,long_rains,highland,1,beans
196.05,55.0,133.03,7.1,1789.63,30.78,74.62,clay,long_rains,sub_humid,1,sugarcane
60.0,46.0,53.0,6.76,183.49,24.49,92.98,sandy,transitional,sub_humid,1,papaya
101.0,92.0,45.0,5.76,98.0,28.23,80.64,clay,long_rains,coastal,0,banana
160.09,39.01,79.93,4.7,2065.57,17.42,82.94,silty,long_rains,highland,0,tea
29.53,63.42,60.08,6.9,593.5,20.77,65.37,loamy,short_rains,highland,1,beans
33.56,61.52,51.04,7.4,585.8,22.8,58.79,loamy,long_rains,sub_humid,0,beans
72.88,58.76,70.18,7.1,678.48,26.1,46.09,sandy,short_rains,semi_arid,0,sunflower
67.88,46.99,78.32,7.1,592.91,28.03,47.72,loamy,short_rains,semi_arid,0,sunflower
159.74,48.49,79.61,4.7,1873.03,17.52,78.51,loamy,long_rains,highland,1,tea
119.16,75.69,105.39,6.6,643.05,15.31,64.64,clay,long_rains,highland,0,cabbage
32.07,56.25,53.19,7.3,529.85,21.8,61.57,silty,long_rains,highland,0,beans
59.68,42.89,76.55,6.6,797.53,25.7,70.05,sandy,long_rains,sub_humid,0,cassava
2.0,75.0,22.0,6.66,52.56,23.89,61.79,loamy,transitional,highland,1,lentils
101.41,64.4,111.56,6.8,394.54,17.16,52.59,loamy,dry,highland,1,onion
174.43,53.24,213.02,6.8,1803.0,23.75,82.7,loamy,long_rains,coastal,1,banana
101.43,49.84,48.84,6.3,639.39,22.67,61.88,loamy,long_rains,highland,0,maize
67.74,45.81,34.83,7.1,537.89,28.07,45.07,sandy,dry,arid,0,sorghum
111.53,64.11,42.89,6.6,2054.95,27.51,85.19,silty,long_rains,coastal,1,rice
115.13,51.49,47.87,6.9,726.69,23.77,64.19,silty,short_rains,highland,0,maize
171.16,56.67,196.23,6.0,1614.88,28.51,81.2,loamy,long_rains,sub_humid,0,banana
95.0,74.0,50.0,6.0,110.1,25.9,80.47,clay,long_rains,coastal,0,banana
118.02,55.34,45.67,6.6,1989.34,26.59,80.76,silty,long_rains,sub_humid,1,rice
26.0,24.0,34.0,6.81,89.74,31.27,52.24,loamy,transitional,semi_arid,1,mango
126.23,62.17,112.86,5.6,1481.0,18.79,74.11,silty,long_rains,highland,0,coffee
87.53,45.29,38.75,7.1,562.86,14.75,55.86,clay,dry,highland,1,wheat
17.0,73.0,18.0,5.63,197.38,19.5,34.51,loamy,short_rains,sub_humid,0,pigeon_peas
21.59,56.76,42.53,7.6,374.87,17.74,53.06,clay,transitional,highland,1,lentils
131.79,62.04,105.71,6.1,1630.13,17.32,73.02,loamy,long_rains,highland,0,coffee
38.81,65.0,60.65,6.1,757.31,28.98,61.92,loamy,long_rains,sub_humid,0,groundnut
15.0,77.0,20.0,7.4,49.04,25.13,66.93,loamy,transitional,semi_arid,0,lentils
88.0,46.0,42.0,6.6,194.27,22.68,83.46,silty,long_rains,sub_humid,0,rice
64.02,41.46,76.39,6.6,960.9,27.54,73.31,loamy,long_rains,coastal,1,cassava
119.18,68.27,111.19,5.5,1622.67,20.0,76.01,loamy,long_rains,highland,0,coffee
38.0,56.0,25.0,7.88,67.43,25.74,45.38,sandy,dry,semi_arid,0,moth_beans
93.65,74.39,126.76,6.4,590.46,23.35,59.61,silty,transitional,sub_humid,1,tomato
38.72,64.3,69.33,5.9,702.78,29.24,58.56,loamy,long_rains,sub_humid,0,groundnut
176.51,57.6,190.17,6.8,1330.18,25.67,78.84,clay,long_rains,coastal,1,banana
194.3,60.16,134.48,6.4,1777.27,31.67,67.76,clay,long_rains,sub_humid,1,sugarcane
118.0,15.0,45.0,6.54,48.01,24.21,84.21,loamy,dry,semi_arid,0,watermelon
24.1,56.46,45.06,6.8,556.87,20.87,55.34,sandy,transitional,highland,1,chickpea
4.0,14.0,41.0,6.43,102.82,19.85,89.81,sandy,transitional,arid,1,pomegranate
59.62,32.92,38.51,6.4,359.47,31.38,42.67,sandy,short_rains,semi_arid,0,millet
109.45,85.24,132.71,6.2,611.83,21.68,64.57,silty,dry,highland,0,tomato
108.0,92.0,53.0,6.28,104.94,27.4,82.96,clay,long_rains,sub_humid,0,banana
113.0,15.0,29.0,6.78,190.24,27.1,63.55,silty,long_rains,highland,0,coffee
183.72,57.8,184.31,6.9,1451.33,27.92,73.04,clay,long_rains,sub_humid,0,banana
57.55,46.55,75.73,6.7,853.88,25.85,69.95,loamy,long_rains,sub_humid,0,cassava
127.46,63.0,111.43,5.8,1644.79,18.19,77.47,silty,long_rains,highland,1,coffee
66.31,44.95,40.52,7.4,411.37,27.61,44.3,sandy,short_rains,semi_arid,0,sorghum
123.37,54.89,45.09,5.9,1926.75,27.39,82.73,clay,long_rains,coastal,1,rice
59.64,41.42,33.15,6.7,326.4,28.79,36.65,sandy,dry,semi_arid,1,millet
155.03,37.32,73.56,5.7,1900.01,15.16,80.4,silty,long_rains,highland,0,tea
124.88,63.17,110.59,5.9,1492.91,20.1,71.25,silty,long_rains,highland,1,coffee
68.58,56.7,70.96,6.4,622.71,26.96,48.42,sandy,short_rains,sub_humid,0,sunflower
27.75,49.88,47.42,6.2,592.81,20.65,54.3,sandy,dry,highland,1,chickpea
10.0,78.0,18.0,6.3,44.08,18.54,62.71,clay,dry,semi_arid,1,lentils
66.77,41.64,35.91,5.8,411.11,29.09,41.44,loamy,short_rains,semi_arid,0,sorghum
107.21,79.69,123.72,6.3,537.39,22.27,63.99,loamy,transitional,sub_humid,1,tomato
31.0,5.0,14.0,6.58,110.69,17.67,91.7,loamy,transitional,sub_humid,1,orange
111.0,28.0,26.0,6.94,192.71,27.77,64.48,silty,long_rains,highland,0,coffee
70.69,39.95,40.59,7.3,371.53,30.37,43.54,loamy,dry,arid,0,sorghum
30.48,67.42,66.33,6.1,620.02,29.25,58.41,loamy,long_rains,coastal,0,groundnut
99.89,60.96,105.64,7.2,447.3,20.27,47.37,loamy,dry,highland,1,onion
37.0,73.0,21.0,5.56,189.52,29.5,63.47,loamy,short_rains,semi_arid,0,pigeon_peas
57.44,35.87,33.09,6.9,280.33,32.5,40.65,sandy,short_rains,arid,0,millet
117.0,82.0,45.0,5.61,105.42,25.29,79.29,clay,long_rains,coastal,0,banana
95.5,67.75,111.49,6.8,481.13,19.22,48.94,loamy,dry,highland,0,onion
96.0,18.0,50.0,6.9,41.53,25.33,84.31,sandy,dry,sub_humid,0,watermelon
105.06,57.11,49.91,6.3,703.79,23.55,64.2,silty,short_rains,sub_humid,1,maize
22.0,18.0,33.0,6.62,93.92,30.41,52.48,sandy,dry,coastal,0,mango
158.89,42.98,72.13,5.6,1807.28,17.33,81.34,silty,long_rains,highland,0,tea
55.87,37.04,38.59,7.0,326.2,31.51,41.2,sandy,dry,arid,0,millet
120.69,56.73,46.65,7.0,1851.21,25.78,83.88,silty,long_rains,coastal,1,rice
180.28,60.24,202.31,6.9,1113.46,27.26,80.54,loamy,long_rains,sub_humid,0,banana
103.65,51.07,48.6,5.9,680.44,22.1,73.79,silty,short_rains,highland,0,maize
83.0,58.0,45.0,5.88,245.66,25.76,83.52,clay,long_rains,sub_humid,1,rice
174.85,50.0,187.54,6.3,1459.03,27.18,76.61,clay,long_rains,sub_humid,1,banana
34.96,63.92,60.82,6.4,661.27,28.84,57.34,loamy,long_rains,coastal,0,groundnut
63.43,41.41,37.49,6.1,330.44,28.09,45.28,sandy,short_rains,arid,1,sorghum
128.61,61.87,99.67,7.3,639.91,16.8,72.21,loamy,short_rains,highland,0,cabbage
93.12,52.44,50.0,6.1,679.65,22.33,69.34,loamy,short_rains,highland,1,maize
34.31,64.9,50.94,6.6,477.28,18.09,65.62,silty,long_rains,sub_humid,1,beans
117.57,54.98,40.4,6.8,2095.84,26.95,86.47,silty,long_rains,sub_humid,1,rice
58.3,40.73,36.84,6.4,394.36,31.07,41.98,sandy,dry,arid,0,millet
158.16,42.58,76.25,5.1,2014.82,17.41,84.29,loamy,long_rains,highland,0,tea
4.0,44.0,19.0,6.92,43.26,27.96,83.53,sandy,short_rains,sub_humid,0,mung_bean
88.0,35.0,40.0,5.85,291.3,23.58,83.59,silty,long_rains,sub_humid,1,rice
28.0,59.0,22.0,7.05,170.99,30.91,52.8,loamy,short_rains,semi_arid,0,pigeon_peas
32.5,64.19,70.15,6.9,705.39,27.65,53.37,sandy,long_rains,coastal,0,groundnut
121.12,69.01,96.64,5.8,1478.38,19.25,75.1,loamy,long_rains,highland,0,coffee
67.7,53.85,70.2,6.6,576.33,26.7,49.73,sandy,short_rains,semi_arid,0,sunflower
57.05,47.48,83.81,6.8,937.73,25.79,76.0,loamy,long_rains,sub_humid,0,cassava
53.4,39.61,33.41,6.4,310.68,31.57,42.48,sandy,short_rains,semi_arid,0,millet
172.79,58.1,175.51,6.5,1590.41,25.9,79.48,loamy,long_rains,coastal,0,banana
57.82,43.28,35.4,6.9,279.17,30.54,45.16,sandy,dry,semi_arid,0,millet
118.0,21.0,34.0,7.23,119.63,24.39,64.73,silty,long_rains,highland,0,coffee
100.87,53.03,50.58,6.9,662.61,24.23,59.93,loamy,long_rains,highland,0,maize
70.85,45.12,39.56,6.5,454.42,27.01,48.42,sandy,short_rains,arid,0,sorghum
78.29,45.75,39.56,7.0,559.01,17.68,52.15,loamy,dry,highland,0,wheat
104.64,91.65,127.77,6.5,529.47,22.91,62.87,silty,transitional,highland,1,tomato
77.31,47.19,75.33,7.1,830.02,31.06,50.13,sandy,transitional,semi_arid,1,mango
95.0,12.0,46.0,6.32,54.65,26.22,81.01,sandy,short_rains,semi_arid,1,watermelon
56.73,39.46,35.4,5.6,386.64,31.81,46.98,sandy,dry,arid,0,millet
128.0,66.95,112.95,6.4,1537.55,17.68,78.62,silty,long_rains,highland,0,coffee
97.66,61.12,46.12,6.7,675.33,21.52,66.6,loamy,long_rains,sub_humid,0,maize
168.67,60.17,172.83,6.3,1441.55,25.7,81.4,loamy,long_rains,coastal,0,banana
27.0,76.0,83.0,6.29,89.62,19.13,14.92,loamy,dry,semi_arid,1,chickpea
140.93,47.11,82.69,5.1,2063.62,17.08,79.63,silty,long_rains,highland,0,tea
81.92,44.44,37.31,7.4,595.14,16.86,45.47,loamy,dry,highland,0,wheat
167.13,56.65,196.15,5.8,1566.23,30.21,78.87,loamy,long_rains,coastal,0,banana
121.35,51.93,45.19,5.8,1626.71,27.39,83.85,silty,long_rains,coastal,1,rice
96.68,53.39,52.02,6.1,668.53,24.94,68.76,silty,short_rains,highland,0,maize
66.28,53.2,76.28,7.1,588.15,27.7,48.48,sandy,short_rains,semi_arid,0,sunflower
117.72,82.66,122.05,7.0,550.63,22.52,63.71,loamy,transitional,sub_humid,1,tomato
22.0,37.0,20.0,6.61,39.26,27.63,86.49,loamy,short_rains,sub_humid,0,mung_bean
151.43,52.3,90.36,5.0,1990.63,17.79,80.25,loamy,long_rains,highland,0,tea
98.96,79.48,132.9,6.9,542.58,20.66,61.92,silty,dry,highland,1,tomato
24.0,44.0,17.0,6.67,50.66,29.86,80.03,sandy,short_rains,semi_arid,0,mung_bean
33.68,60.43,42.23,7.5,370.12,19.22,50.53,loamy,dry,highland,0,lentils
115.0,17.0,55.0,6.78,28.08,27.58,94.12,sandy,transitional,sub_humid,0,muskmelon
54.0,77.0,85.0,7.83,83.75,17.14,17.07,loamy,transitional,highland,0,chickpea
3.0,28.0,33.0,5.76,94.43,30.34,48.89,sandy,dry,semi_arid,0,mango
75.37,45.9,71.99,5.7,746.79,29.5,60.09,sandy,transitional,semi_arid,0,mango
75.56,39.68,36.6,5.9,462.11,28.33,50.61,sandy,dry,arid,0,sorghum
56.02,34.91,33.76,5.7,285.46,32.03,42.6,sandy,short_rains,semi_arid,0,millet
112.25,59.7,68.64,6.5,682.82,29.3,49.86,loamy,long_rains,coastal,1,cotton
156.41,45.5,77.38,5.7,2231.11,17.79,79.36,loamy,long_rains,highland,0,tea
34.03,66.77,53.33,6.2,518.11,20.46,63.18,silty,long_rains,sub_humid,0,beans
32.54,68.15,53.23,6.9,543.98,23.81,59.62,silty,short_rains,sub_humid,0,beans
11.0,45.0,19.0,3.83,44.12,28.7,44.36,sandy,short_rains,semi_arid,0,moth_beans
56.62,36.38,33.84,6.3,314.2,30.21,41.65,sandy,short_rains,semi_arid,0,millet
119.41,60.59,114.26,5.8,1674.32,18.73,75.3,silty,long_rains,highland,0,coffee
64.04,41.88,39.38,5.6,471.96,29.75,43.98,loamy,dry,semi_arid,0,sorghum
36.83,68.22,64.03,5.7,770.12,29.34,57.23,sandy,long_rains,sub_humid,0,groundnut
115.42,57.77,44.72,5.7,1731.17,28.62,84.04,silty,long_rains,coastal,1,rice
1.0,76.0,19.0,6.67,177.34,24.19,46.69,sandy,short_rains,sub_humid,0,pigeon_peas
70.68,46.14,39.82,7.2,438.67,28.63,46.39,loamy,dry,semi_arid,0,sorghum
35.0,51.0,17.0,3.56,40.86,28.8,49.84,sandy,short_rains,semi_arid,0,moth_beans
96.78,49.53,48.61,6.6,734.36,22.35,63.54,silty,long_rains,sub_humid,0,maize
92.0,35.0,40.0,6.36,200.09,22.18,80.33,clay,long_rains,sub_humid,1,rice
98.01,80.96,129.09,6.9,576.86,23.17,63.47,silty,transitional,highland,1,tomato
113.38,50.88,65.06,6.3,796.85,28.93,56.06,clay,long_rains,coastal,1,cotton
30.04,66.43,65.65,6.7,749.86,28.09,58.89,sandy,long_rains,sub_humid,0,groundnut
70.49,39.16,38.05,6.1,505.95,31.91,44.51,sandy,short_rains,semi_arid,1,sorghum
3.0,141.0,197.0,6.14,115.48,21.98,91.13,silty,transitional,highland,1,apple
126.38,56.57,40.88,6.2,1669.95,27.23,83.83,silty,long_rains,coastal,1,rice
127.55,78.88,130.4,5.2,763.8,14.3,70.04,loamy,long_rains,highland,0,potato
30.49,51.06,43.47,6.4,562.77,20.71,52.01,sandy,transitional,semi_arid,0,chickpea
61.45,38.87,35.61,6.9,333.89,32.5,39.19,sandy,dry,semi_arid,0,millet
34.0,9.0,36.0,6.28,110.44,22.81,86.34,sandy,transitional,arid,0,pomegranate
125.21,54.81,39.54,6.8,1713.37,25.22,84.39,clay,long_rains,sub_humid,1,rice
124.8,56.4,109.94,6.3,1658.76,19.0,75.09,silty,long_rains,highland,0,coffee
91.0,35.0,39.0,6.97,206.26,23.79,80.42,silty,long_rains,sub_humid,0,rice
93.0,47.0,37.0,6.5,295.92,21.53,82.14,clay,long_rains,sub_humid,1,rice
28.92,66.02,52.36,6.3,580.49,18.71,64.9,loamy,long_rains,highland,0,beans
59.18,38.0,35.29,5.7,322.22,30.65,43.58,sandy,dry,arid,0,millet
84.0,44.0,21.0,5.85,107.27,21.87,61.91,silty,long_rains,highland,0,maize
176.75,59.64,171.57,6.3,1532.89,27.39,80.31,clay,long_rains,sub_humid,0,banana
93.3,81.9,130.54,6.7,537.33,22.82,63.18,silty,dry,highland,0,tomato
55.3,38.19,36.41,6.6,315.5,28.98,38.75,sandy,short_rains,arid,0,millet
23.0,65.0,20.0,5.83,108.37,23.04,22.43,loamy,short_rains,sub_humid,0,kidney_beans
105.36,54.75,51.01,6.0,663.23,22.15,75.61,silty,long_rains,highland,0,maize
122.82,76.98,99.95,6.2,558.89,15.16,70.22,clay,short_rains,highland,1,cabbage
61.42,45.77,75.53,6.2,866.92,28.13,73.71,loamy,long_rains,coastal,0,cassava
15.0,133.0,199.0,5.82,117.61,24.0,91.61,silty,dry,highland,0,apple
19.0,65.0,25.0,5.63,144.79,18.1,18.29,loamy,short_rains,sub_humid,1,kidney_beans
172.03,58.04,201.31,6.6,1480.89,25.45,75.23,clay,long_rains,sub_humid,0,banana
24.94,49.61,50.54,6.8,559.72,17.78,43.82,loamy,dry,highland,0,chickpea
178.51,58.24,183.8,6.0,1418.4,26.69,83.12,loamy,long_rains,sub_humid,1,banana
77.77,54.62,103.12,6.5,691.39,23.37,66.34,loamy,short_rains,highland,0,sweetpotato
177.05,58.28,171.36,5.5,1460.97,25.43,77.93,loamy,long_rains,sub_humid,0,banana
39.0,69.0,53.0,6.96,241.82,25.93,93.02,loamy,transitional,sub_humid,1,papaya
128.37,61.76,107.84,5.9,1515.95,19.68,75.46,silty,long_rains,highland,0,coffee
180.93,64.3,133.99,6.6,1484.56,31.85,70.35,loamy,long_rains,coastal,0,sugarcane
34.73,59.89,54.76,7.1,564.44,22.37,65.31,loamy,short_rains,highland,1,beans
4.0,136.0,204.0,5.9,65.52,29.94,81.78,sandy,dry,highland,0,grapes
40.0,136.0,202.0,5.94,117.53,22.85,94.58,loamy,dry,highland,1,apple
68.0,57.0,43.0,5.71,182.9,26.09,80.38,silty,long_rains,coastal,1,rice
103.55,50.38,60.99,7.5,723.87,29.25,55.72,loamy,long_rains,sub_humid,0,cotton
18.0,125.0,204.0,6.05,116.74,22.36,94.48,silty,dry,highland,0,apple
27.11,57.15,53.28,6.5,532.4,20.77,61.05,loamy,short_rains,sub_humid,0,beans
59.64,40.57,36.79,6.3,368.35,30.76,43.81,sandy,short_rains,semi_arid,0,millet
101.5,63.54,109.11,7.1,455.47,19.26,49.86,loamy,dry,semi_arid,1,onion
34.0,45.0,21.0,6.29,37.01,28.19,82.61,sandy,transitional,semi_arid,0,mung_bean
58.57,41.19,80.01,6.7,915.43,27.69,72.61,loamy,long_rains,sub_humid,0,cassava
74.77,53.35,66.13,6.7,612.12,24.7,51.04,loamy,short_rains,semi_arid,0,sunflower
90.84,48.31,47.89,6.5,703.75,22.89,63.1,silty,long_rains,highland,1,maize
33.49,65.58,46.53,6.9,537.16,21.72,65.15,loamy,short_rains,sub_humid,1,beans
131.15,68.32,94.24,5.5,1664.19,19.67,73.88,loamy,long_rains,highland,0,coffee
181.58,59.51,141.76,5.7,1686.76,27.72,70.97,loamy,long_rains,sub_humid,0,sugarcane
120.16,49.15,45.57,6.8,1875.97,24.94,86.76,silty,long_rains,sub_humid,1,rice
28.03,61.29,54.67,7.4,531.73,19.61,66.93,loamy,short_rains,highland,1,beans
6.0,13.0,9.0,7.79,118.33,34.51,90.56,loamy,long_rains,sub_humid,1,orange
83.0,94.0,47.0,6.47,112.14,27.4,81.11,loamy,long_rains,coastal,0,banana
101.18,54.52,103.03,6.8,378.57,21.83,50.35,sandy,dry,highland,1,onion
81.41,45.08,40.59,6.6,511.19,17.75,53.46,loamy,dry,highland,0,wheat
112.14,67.58,102.48,5.8,1694.74,18.2,78.92,loamy,long_rains,highland,0,coffee
158.53,49.67,75.84,4.7,2022.88,15.16,76.91,loamy,long_rains,highland,0,tea
57.58,49.22,83.14,6.9,910.01,26.27,71.14,sandy,long_rains,coastal,0,cassava
73.62,60.68,117.05,6.5,642.77,23.57,69.46,loamy,long_rains,sub_humid,0,sweetpotato
78.0,40.0,38.0,7.55,248.23,26.46,83.86,silty,long_rains,sub_humid,1,rice
12.0,67.0,23.0,6.59,45.5,25.63,63.15,loamy,transitional,highland,1,lentils
123.0,39.0,24.0,7.45,86.06,25.01,78.18,loamy,long_rains,sub_humid,0,cotton
118.09,52.72,43.73,5.6,1604.61,25.93,87.77,silty,long_rains,coastal,0,rice
35.81,68.08,51.44,6.3,516.12,22.0,57.44,loamy,long_rains,highland,1,beans
70.3,51.82,110.05,7.0,610.36,24.48,67.99,loamy,long_rains,highland,0,sweetpotato
98.94,53.83,52.65,6.6,625.18,23.83,65.0,loamy,short_rains,highland,0,maize
75.55,45.88,65.06,6.2,783.52,29.04,61.5,sandy,transitional,coastal,1,mango
70.16,50.04,100.3,6.0,662.35,24.68,70.11,sandy,long_rains,highland,0,sweetpotato
102.73,51.46,49.96,6.1,655.94,22.73,67.98,silty,long_rains,sub_humid,1,maize
95.0,39.0,36.0,5.56,285.25,23.86,83.15,clay,long_rains,sub_humid,0,rice
35.0,58.0,20.0,5.76,90.05,29.39,63.48,loamy,short_rains,semi_arid,1,pigeon_peas
72.82,52.67,78.52,6.7,594.5,22.74,48.77,sandy,dry,semi_arid,0,sunflower
33.08,63.36,53.9,6.1,549.87,19.23,65.63,loamy,short_rains,sub_humid,1,beans
183.37,62.78,141.63,7.5,1491.63,29.45,71.55,loamy,long_rains,coastal,0,sugarcane
102.58,56.05,52.45,6.3,706.59,22.78,76.79,loamy,long_rains,sub_humid,1,maize
115.56,53.34,50.09,6.6,1763.8,26.34,84.94,silty,long_rains,sub_humid,1,rice
59.33,47.79,77.66,5.6,932.26,27.09,74.35,loamy,long_rains,coastal,0,cassava
32.13,71.41,50.51,6.9,511.55,21.25,64.06,silty,short_rains,sub_humid,0,beans
169.02,54.19,174.61,6.2,1629.34,29.44,77.51,clay,long_rains,coastal,0,banana
19.0,38.0,26.0,4.53,93.17,31.48,48.78,sandy,dry,coastal,0,mango
120.18,75.29,119.53,6.0,719.61,13.94,73.89,silty,transitional,highland,0,potato
131.36,56.71,111.48,6.1,1351.98,18.46,76.29,loamy,long_rains,highland,0,coffee
107.06,83.88,125.09,5.4,686.51,13.88,72.07,silty,long_rains,highland,1,potato
97.21,47.72,49.98,6.4,738.14,20.14,71.03,silty,short_rains,highland,1,maize
100.09,75.78,126.25,6.2,565.92,21.21,58.68,silty,dry,highland,1,tomato
13.0,144.0,204.0,6.09,68.38,30.73,82.43,sandy,dry,semi_arid,0,grapes
174.39,62.59,184.49,6.0,1337.29,28.94,81.16,loamy,long_rains,sub_humid,0,banana
109.23,54.29,52.63,6.3,659.37,21.51,63.82,loamy,short_rains,highland,0,maize
30.0,127.0,204.0,6.13,100.93,22.5,92.46,loamy,dry,highland,1,apple
59.14,45.1,77.94,5.5,838.65,27.52,73.82,sandy,long_rains,coastal,0,cassava
1.0,27.0,36.0,5.68,104.99,23.99,93.34,sandy,dry,semi_arid,1,pomegranate
174.2,62.75,187.51,5.6,1538.93,28.38,80.53,loamy,long_rains,coastal,0,banana
126.44,79.74,133.63,6.0,817.04,17.25,73.41,loamy,long_rains,highland,0,potato
13.0,75.0,20.0,6.98,178.9,30.56,35.29,sandy,long_rains,semi_arid,0,pigeon_peas
113.48,57.25,73.68,5.9,818.01,27.81,51.59,clay,long_rains,coastal,0,cotton
172.75,49.91,198.79,6.3,1486.76,27.84,86.62,clay,long_rains,sub_humid,0,banana
94.0,91.0,51.0,5.62,109.58,29.16,76.67,loamy,long_rains,coastal,0,banana
107.75,50.06,50.89,6.8,693.56,23.83,66.91,loamy,long_rains,highland,0,maize
39.13,70.01,70.0,5.8,720.72,29.63,50.24,sandy,long_rains,coastal,0,groundnut
21.0,20.0,31.0,5.86,165.82,25.6,99.72,sandy,long_rains,coastal,1,coconut
37.0,57.0,20.0,7.35,70.8,31.1,44.82,sandy,short_rains,semi_arid,0,moth_beans
55.46,41.16,77.1,6.9,809.06,28.33,65.72,sandy,long_rains,sub_humid,0,cassava
22.0,64.0,82.0,6.47,87.51,19.49,17.17,loamy,transitional,semi_arid,0,chickpea
21.0,78.0,19.0,6.92,69.85,27.16,66.76,clay,short_rains,sub_humid,0,blackgram
66.4,41.72,37.54,5.7,444.92,29.73,46.77,loamy,short_rains,semi_arid,0,sorghum
53.24,41.12,34.54,7.0,352.19,33.86,36.94,sandy,short_rains,arid,0,millet
117.0,32.0,34.0,6.76,127.18,26.27,52.13,silty,long_rains,highland,0,coffee
28.04,58.68,45.85,7.4,331.19,18.1,48.96,loamy,transitional,semi_arid,0,lentils
40.63,67.68,62.39,6.5,722.26,30.38,58.65,loamy,long_rains,sub_humid,0,groundnut
52.0,58.0,16.0,7.17,71.37,30.64,61.15,clay,transitional,coastal,1,blackgram
1.0,62.0,23.0,5.61,139.03,15.44,18.37,silty,short_rains,sub_humid,1,kidney_beans
81.73,45.57,73.57,6.6,829.47,29.26,53.66,sandy,dry,coastal,0,mango
105.91,53.97,47.64,6.2,659.09,23.46,59.98,loamy,short_rains,sub_humid,1,maize
116.05,57.53,41.45,6.1,1516.82,26.67,82.51,clay,long_rains,sub_humid,1,rice
37.0,79.0,19.0,7.14,69.41,27.54,69.35,clay,transitional,coastal,0,blackgram
83.0,41.0,43.0,6.25,233.11,21.05,82.68,silty,long_rains,sub_humid,1,rice
193.26,62.66,118.97,5.6,1424.61,26.27,65.53,loamy,long_rains,coastal,0,sugarcane
70.23,51.67,64.33,6.1,583.39,26.96,45.04,loamy,short_rains,sub_humid,0,sunflower
92.0,20.0,55.0,6.59,59.27,25.1,87.53,sandy,dry,sub_humid,0,watermelon
117.0,24.0,53.0,6.29,21.3,29.17,92.21,loamy,transitional,semi_arid,1,muskmelon
104.81,51.04,48.4,5.8,642.5,22.75,66.54,loamy,short_rains,highland,1,maize
62.26,36.2,31.96,5.7,346.18,31.78,36.01,sandy,short_rains,semi_arid,1,millet
27.95,65.71,51.45,6.5,528.08,21.74,60.92,loamy,short_rains,sub_humid,0,beans
118.0,31.0,34.0,6.12,181.42,27.55,62.88,loamy,long_rains,highland,0,coffee
50.12,33.66,31.15,6.4,352.23,30.51,41.59,sandy,short_rains,arid,0,millet
28.75,61.68,62.8,6.2,716.15,30.29,62.4,loamy,long_rains,sub_humid,0,groundnut
118.61,55.35,47.77,5.6,1774.49,26.45,86.73,clay,long_rains,sub_humid,0,rice
74.15,58.55,65.62,6.1,618.9,26.01,48.92,loamy,dry,sub_humid,0,sunflower
113.7,61.5,43.53,6.6,1746.91,28.76,91.33,clay,long_rains,sub_humid,1,rice
26.0,18.0,27.0,5.84,142.14,27.46,92.91,loamy,long_rains,coastal,0,coconut
97.0,74.0,45.0,5.68,113.12,26.48,78.52,clay,long_rains,coastal,1,banana
28.92,58.26,48.84,5.7,583.34,20.04,53.46,sandy,transitional,highland,1,chickpea
87.0,25.0,46.0,6.38,21.75,27.43,90.03,loamy,dry,sub_humid,1,muskmelon
127.9,82.9,127.59,5.7,624.06,15.97,67.58,loamy,transitional,highland,1,potato
1.0,6.0,35.0,6.23,147.17,27.02,95.72,sandy,long_rains,coastal,0,coconut
101.89,55.8,48.84,6.6,797.08,23.02,70.78,silty,long_rains,sub_humid,0,maize
49.89,31.11,34.68,6.7,326.66,30.96,37.76,sandy,dry,semi_arid,0,millet
49.0,55.0,51.0,6.68,135.17,24.87,93.91,loamy,long_rains,coastal,1,papaya
83.19,42.24,39.18,6.2,558.42,16.97,53.25,loamy,dry,highland,1,wheat
59.96,42.7,81.71,5.9,856.52,24.53,71.69,loamy,long_rains,coastal,0,cassava
30.51,55.58,46.6,7.0,388.7,18.91,48.35,loamy,transitional,highland,1,lentils
117.0,25.0,53.0,6.41,24.52,29.12,92.13,sandy,dry,semi_arid,0,muskmelon
98.32,54.67,48.64,6.0,735.84,22.61,62.26,loamy,short_rains,highland,0,maize
148.02,42.28,85.59,5.5,2078.83,16.46,83.89,silty,long_rains,highland,0,tea
100.11,83.94,129.19,6.0,532.14,23.6,70.2,silty,dry,sub_humid,0,tomato
36.0,68.0,20.0,5.86,81.83,17.06,23.77,loamy,short_rains,highland,0,kidney_beans
162.07,43.83,88.37,5.4,2101.02,17.19,75.18,loamy,long_rains,highland,0,tea
35.17,63.59,48.3,6.4,575.33,19.86,62.89,loamy,long_rains,highland,0,beans
83.0,57.0,19.0,6.88,98.74,25.73,70.75,silty,short_rains,sub_humid,1,maize
68.12,45.67,39.28,7.1,488.5,29.09,48.24,loamy,short_rains,arid,0,sorghum
82.16,45.97,72.98,5.6,935.4,29.67,49.2,sandy,dry,semi_arid,0,mango
65.26,43.33,79.07,6.0,1050.6,27.12,70.96,loamy,long_rains,coastal,0,cassava
70.42,43.32,43.9,5.8,439.12,29.51,46.28,sandy,dry,arid,0,sorghum
98.81,57.39,103.76,6.9,512.76,21.28,52.48,loamy,dry,semi_arid,1,onion
39.85,68.24,68.17,6.8,714.68,27.7,52.32,loamy,long_rains,sub_humid,0,groundnut
101.0,70.0,48.0,6.01,116.55,25.36,75.03,clay,long_rains,sub_humid,1,banana
119.38,66.27,109.06,7.1,549.0,16.79,69.54,loamy,short_rains,highland,0,cabbage
29.26,62.24,47.19,6.2,354.09,18.83,46.33,clay,transitional,semi_arid,0,lentils
80.99,41.44,39.54,7.5,578.62,17.34,49.17,clay,dry,highland,1,wheat
124.09,75.98,128.17,5.1,729.15,16.8,71.52,silty,transitional,highland,0,potato
18.0,5.0,11.0,6.25,102.46,20.88,90.94,sandy,transitional,highland,1,orange
99.6,79.14,127.55,6.2,506.99,23.94,56.9,loamy,transitional,sub_humid,1,tomato
99.22,44.72,51.83,5.9,646.16,20.63,71.74,loamy,long_rains,highland,0,maize
104.85,78.39,121.72,6.4,593.04,22.34,60.91,silty,dry,sub_humid,1,tomato
37.01,69.78,60.69,6.2,702.1,29.59,61.0,sandy,long_rains,coastal,0,groundnut
58.2,48.11,82.64,5.9,928.16,27.35,72.44,sandy,long_rains,sub_humid,1,cassava
32.09,68.08,70.52,6.4,708.17,28.71,58.31,sandy,long_rains,coastal,0,groundnut
30.37,71.55,52.48,6.5,591.76,22.88,60.64,silty,long_rains,sub_humid,0,beans
72.21,45.19,66.85,5.9,1036.24,28.98,54.62,sandy,dry,semi_arid,0,mango
114.0,40.0,17.0,6.36,69.45,24.33,80.13,loamy,long_rains,sub_humid,0,cotton
83.2,43.54,69.13,6.1,854.05,31.99,55.85,sandy,transitional,semi_arid,0,mango
42.0,59.0,55.0,6.98,149.12,40.1,94.35,loamy,transitional,sub_humid,0,papaya
13.0,126.0,204.0,6.38,108.18,23.11,92.8,loamy,transitional,highland,1,apple
63.87,51.74,73.17,6.9,584.38,24.7,47.17,loamy,short_rains,semi_arid,0,sunflower
12.0,58.0,23.0,6.77,50.43,21.75,63.4,clay,dry,semi_arid,1,lentils
10.0,44.0,24.0,8.03,58.28,30.99,43.02,sandy,dry,semi_arid,0,moth_beans
31.42,68.37,55.51,7.1,517.3,21.0,66.58,loamy,short_rains,sub_humid,0,beans
37.0,135.0,205.0,5.51,74.1,11.83,80.28,sandy,dry,highland,1,grapes
110.0,71.0,54.0,5.73,94.38,28.67,82.21,loamy,long_rains,coastal,0,banana
11.0,36.0,33.0,5.98,95.37,35.99,52.23,loamy,transitional,coastal,0,mango
28.0,123.0,202.0,6.44,120.44,22.77,92.12,silty,dry,highland,0,apple
28.79,71.01,58.15,6.5,544.39,19.3,65.98,loamy,short_rains,highland,0,beans
27.3,52.58,47.57,6.2,531.28,19.54,47.29,loamy,dry,semi_arid,0,chickpea
80.98,47.64,41.82,6.8,563.55,17.38,50.02,loamy,dry,highland,1,wheat
123.43,55.89,46.75,6.2,1527.33,27.2,83.49,clay,long_rains,sub_humid,1,rice
120.59,58.26,103.59,6.5,1542.52,20.57,78.37,loamy,long_rains,highland,0,coffee
28.8,54.34,47.07,6.8,617.38,21.25,51.75,loamy,transitional,semi_arid,1,chickpea
100.06,65.62,113.48,7.1,448.04,19.37,56.12,sandy,dry,highland,1,onion
155.17,46.15,79.3,5.1,2074.88,18.18,80.74,loamy,long_rains,highland,0,tea
43.0,68.0,20.0,7.5,69.44,29.58,66.18,loamy,short_rains,coastal,0,blackgram
7.0,45.0,22.0,9.93,74.33,25.51,44.83,sandy,short_rains,arid,0,moth_beans
118.33,79.36,131.02,6.2,796.38,13.97,67.2,loamy,transitional,highland,1,potato
60.31,45.51,70.35,6.4,987.61,27.28,69.13,loamy,long_rains,sub_humid,0,cassava
74.26,46.4,38.0,7.0,463.68,30.42,42.03,sandy,short_rains,arid,0,sorghum
104.56,78.47,130.04,6.2,576.82,21.5,63.29,loamy,transitional,sub_humid,1,tomato
4.0,69.0,19.0,5.37,149.06,19.25,47.7,loamy,short_rains,sub_humid,0,pigeon_peas
58.44,38.75,31.74,6.4,290.72,31.91,38.63,sandy,dry,arid,0,millet
11.0,132.0,197.0,5.73,74.4,15.99,81.24,sandy,dry,semi_arid,1,grapes
37.0,64.0,22.0,5.95,121.94,17.48,18.83,silty,long_rains,highland,0,kidney_beans
60.96,42.26,41.09,6.9,449.85,28.87,42.81,sandy,dry,semi_arid,0,sorghum
35.38,62.74,56.15,6.5,550.68,18.26,59.65,silty,short_rains,sub_humid,0,beans
129.39,64.89,101.95,7.4,664.16,16.23,72.13,loamy,short_rains,highland,0,cabbage
37.11,63.22,50.68,7.3,533.35,20.62,61.86,loamy,long_rains,sub_humid,0,beans
195.54,61.12,138.25,5.8,1371.66,28.3,72.26,clay,long_rains,coastal,0,sugarcane
104.29,61.6,109.73,6.8,489.65,19.43,46.68,loamy,dry,highland,1,onion
99.69,55.4,52.83,6.0,694.47,22.15,65.78,silty,short_rains,highland,0,maize
11.0,71.0,17.0,5.75,82.69,19.92,21.47,silty,long_rains,highland,0,kidney_beans
131.0,52.0,16.0,6.49,88.54,23.66,84.48,loamy,long_rains,coastal,0,cotton
15.0,54.0,15.0,8.35,44.86,29.98,57.03,sandy,short_rains,arid,0,moth_beans
100.76,55.95,52.54,6.7,706.52,22.52,72.67,loamy,short_rains,highland,1,maize
31.9,70.3,52.88,6.5,504.67,21.06,60.88,silty,long_rains,sub_humid,0,beans
101.04,68.24,95.98,7.1,454.98,23.9,47.56,sandy,dry,semi_arid,1,onion
51.42,34.94,37.93,6.5,324.06,34.42,46.84,sandy,short_rains,semi_arid,0,millet
79.27,51.15,101.58,6.1,615.74,23.52,67.3,sandy,long_rains,sub_humid,0,sweetpotato
87.0,38.0,29.0,6.65,156.15,25.2,57.88,loamy,long_rains,highland,0,coffee
54.21,37.83,37.18,5.7,372.57,35.1,36.89,sandy,short_rains,arid,0,millet
67.05,36.11,36.69,5.7,299.44,30.75,35.93,sandy,short_rains,arid,0,millet
59.96,39.45,36.15,6.4,315.52,32.26,42.58,sandy,dry,arid,0,millet
27.47,65.62,64.05,5.8,776.47,29.29,53.97,loamy,long_rains,sub_humid,0,groundnut
132.87,81.32,139.56,5.5,691.72,17.96,66.15,loamy,long_rains,highland,0,potato
81.0,53.0,42.0,5.18,233.7,23.68,81.04,clay,long_rains,sub_humid,1,rice
12.0,20.0,39.0,6.03,111.02,19.86,86.2,sandy,dry,semi_arid,1,pomegranate
133.18,64.07,103.7,6.4,1634.57,17.44,73.01,loamy,long_rains,highland,0,coffee
164.23,46.12,147.29,6.1,1613.66,29.62,71.55,loamy,long_rains,coastal,1,sugarcane
127.93,80.66,128.86,5.2,724.62,16.31,69.75,silty,transitional,highland,0,potato
70.03,42.59,41.22,7.1,409.33,27.87,36.99,loamy,dry,arid,0,sorghum
168.61,57.5,188.68,6.7,1401.57,26.97,77.08,clay,long_rains,sub_humid,0,banana
119.84,57.43,99.94,6.3,1561.29,20.48,76.98,silty,long_rains,highland,0,coffee
112.0,28.0,54.0,6.74,55.3,24.86,85.05,sandy,dry,sub_humid,0,watermelon
83.0,58.0,23.0,6.38,65.51,19.74,59.66,loamy,long_rains,highland,0,maize
52.54,32.67,32.82,6.6,289.7,34.24,37.0,sandy,short_rains,arid,0,millet
37.2,70.09,65.68,5.5,729.69,28.96,57.18,loamy,long_rains,coastal,0,groundnut
35.0,72.0,21.0,7.74,66.86,34.04,64.29,loamy,transitional,coastal,0,blackgram
78.0,43.0,42.0,7.28,192.32,21.32,83.0,clay,long_rains,sub_humid,1,rice
71.98,55.18,61.39,6.2,650.91,25.32,46.62,sandy,dry,semi_arid,0,sunflower
108.0,89.0,53.0,5.91,112.4,29.12,80.18,loamy,long_rains,sub_humid,0,banana
77.03,41.18,76.59,5.8,849.32,31.49,55.79,sandy,transitional,semi_arid,0,mango
120.9,53.95,44.64,6.1,1581.51,27.18,85.22,silty,long_rains,sub_humid,0,rice
126.37,78.04,109.69,6.0,706.39,15.5,69.58,silty,long_rains,highland,0,potato
161.63,46.55,84.67,4.5,1719.88,17.75,82.04,loamy,long_rains,highland,0,tea
67.97,46.02,39.77,6.5,427.43,29.01,48.66,sandy,short_rains,arid,0,sorghum
56.98,34.69,35.31,6.2,325.99,33.12,38.38,sandy,dry,semi_arid,0,millet
107.0,42.0,24.0,6.14,86.01,22.05,84.63,loamy,long_rains,sub_humid,0,cotton
100.11,57.45,49.4,6.5,785.67,25.03,71.23,silty,short_rains,highland,1,maize
30.82,64.61,69.55,6.5,697.38,29.35,53.11,sandy,long_rains,coastal,1,groundnut
112.88,62.41,105.99,5.9,1698.6,18.85,74.71,loamy,long_rains,highland,0,coffee
70.35,50.33,76.96,6.7,577.87,24.14,49.53,loamy,short_rains,sub_humid,0,sunflower
70.86,37.94,40.58,6.4,496.72,29.56,42.62,loamy,dry,arid,0,sorghum
73.77,59.55,78.18,7.2,563.79,23.7,51.47,sandy,short_rains,semi_arid,0,sunflower
38.31,55.55,58.32,6.5,728.85,29.32,57.42,sandy,long_rains,sub_humid,1,groundnut
118.72,80.26,132.16,5.8,671.42,13.89,70.91,loamy,transitional,highland,0,potato
82.84,44.97,37.09,6.4,532.72,18.29,50.99,clay,dry,highland,1,wheat
102.0,73.0,54.0,5.72,111.02,26.4,84.41,clay,long_rains,coastal,0,banana
184.5,64.03,136.81,6.2,1512.72,28.28,74.59,clay,long_rains,sub_humid,0,sugarcane
120.4,58.16,102.76,6.4,1469.22,20.67,74.83,silty,long_rains,highland,0,coffee
126.9,84.46,127.96,6.1,671.9,14.68,70.33,silty,long_rains,highland,0,potato
77.39,48.34,72.67,7.3,984.32,29.91,52.35,loamy,dry,coastal,0,mango
116.63,58.47,45.08,6.2,1684.79,26.42,83.66,silty,long_rains,sub_humid,1,rice
94.0,89.0,48.0,5.65,111.08,28.56,84.52,loamy,long_rains,coastal,0,banana
72.48,42.31,40.11,6.3,451.27,29.55,41.34,loamy,short_rains,semi_arid,1,sorghum
127.32,58.25,104.04,5.6,1685.67,19.73,74.31,loamy,long_rains,highland,0,coffee
194.97,60.49,126.91,7.4,1551.75,27.24,74.03,loamy,long_rains,sub_humid,1,sugarcane
44.0,77.0,21.0,7.33,61.84,32.64,61.3,clay,transitional,sub_humid,0,blackgram
35.51,65.03,70.16,6.9,683.13,28.15,57.71,sandy,long_rains,sub_humid,0,groundnut
101.07,49.13,71.66,6.5,830.37,29.01,51.83,loamy,long_rains,sub_humid,1,cotton
42.0,62.0,75.0,7.01,81.85,18.18,18.9,sandy,dry,semi_arid,0,chickpea
74.95,57.53,80.82,7.3,543.07,25.77,46.89,sandy,dry,semi_arid,0,sunflower
121.84,73.45,100.33,7.3,625.11,15.46,65.6,clay,long_rains,highland,0,cabbage
10.0,141.0,201.0,6.39,104.54,22.13,90.98,loamy,dry,highland,0,apple
13.0,47.0,20.0,6.54,43.14,29.22,87.94,sandy,transitional,sub_humid,0,mung_bean
177.84,50.76,182.78,6.6,1673.13,25.42,81.62,clay,long_rains,sub_humid,1,banana
121.43,58.14,45.93,6.3,1823.16,28.92,81.03,silty,long_rains,coastal,1,rice
32.46,57.08,45.95,7.3,388.3,19.75,49.16,clay,transitional,highland,0,lentils
31.71,57.93,46.98,6.9,323.2,20.1,42.46,clay,transitional,semi_arid,1,lentils
106.0,16.0,54.0,6.59,24.75,28.96,91.7,sandy,dry,semi_arid,0,muskmelon
74.98,39.93,38.84,5.6,467.24,27.94,48.54,sandy,dry,semi_arid,0,sorghum
102.09,80.63,131.72,6.9,577.09,22.64,58.29,loamy,dry,sub_humid,1,tomato
119.61,54.72,48.73,6.1,1734.17,27.72,87.69,clay,long_rains,coastal,1,rice
124.06,84.97,132.43,5.1,744.81,13.57,68.19,loamy,transitional,highland,0,potato
105.0,77.0,52.0,5.82,100.01,29.16,76.16,clay,long_rains,coastal,0,banana
123.04,65.42,99.13,6.6,575.21,16.04,68.48,clay,long_rains,highland,0,cabbage
72.52,43.48,38.55,7.1,471.46,30.29,49.45,loamy,dry,semi_arid,0,sorghum
127.2,84.59,126.98,5.9,800.66,18.04,64.54,loamy,transitional,highland,0,potato
73.17,54.11,100.93,6.8,616.3,25.4,71.91,sandy,long_rains,sub_humid,0,sweetpotato
72.58,43.51,38.79,7.3,436.68,29.9,47.59,sandy,short_rains,semi_arid,0,sorghum
51.9,39.87,35.07,5.6,259.19,29.19,45.89,sandy,short_rains,semi_arid,0,millet
32.75,66.32,52.1,6.9,564.06,19.92,59.41,loamy,short_rains,sub_humid,0,beans
117.24,50.5,118.84,6.3,1556.96,20.69,70.08,silty,long_rains,highland,0,coffee
119.47,51.91,42.95,5.9,1875.4,28.03,82.57,silty,long_rains,sub_humid,0,rice
173.98,61.94,187.34,5.9,1546.8,26.07,78.91,loamy,long_rains,coastal,0,banana
117.0,30.0,50.0,6.74,46.59,24.9,87.21,sandy,short_rains,semi_arid,1,watermelon
100.0,6.0,53.0,6.11,23.67,29.05,93.92,loamy,transitional,semi_arid,1,muskmelon
121.62,53.32,46.59,6.5,1274.62,27.18,80.36,clay,long_rains,sub_humid,1,rice
40.0,59.0,23.0,5.27,163.73,36.89,62.73,sandy,long_rains,sub_humid,0,pigeon_peas
28.47,58.24,44.24,6.1,562.73,21.14,54.95,sandy,transitional,semi_arid,0,chickpea
28.0,136.0,200.0,6.25,114.74,23.06,92.4,loamy,dry,highland,0,apple
64.0,45.0,43.0,5.53,209.9,25.63,83.53,silty,long_rains,coastal,1,rice
32.95,59.67,67.18,5.7,748.59,29.56,57.64,sandy,long_rains,coastal,0,groundnut
35.0,30.0,34.0,6.14,182.45,28.3,95.41,loamy,long_rains,coastal,0,coconut
103.65,60.47,64.04,7.0,794.58,27.53,58.42,loamy,long_rains,sub_humid,1,cotton
22.0,133.0,201.0,6.0,67.27,23.82,80.12,sandy,dry,semi_arid,0,grapes
65.35,46.56,41.32,7.2,424.21,28.66,45.14,loamy,short_rains,semi_arid,0,sorghum
101.74,55.73,49.39,6.8,786.47,21.47,69.55,silty,short_rains,highland,1,maize
181.31,71.62,185.43,5.7,1409.48,25.95,80.82,clay,long_rains,sub_humid,0,banana
170.84,70.1,183.65,6.1,1529.38,25.78,80.74,loamy,long_rains,coastal,0,banana
120.92,57.4,42.98,5.8,1627.09,25.62,88.2,silty,long_rains,coastal,1,rice
37.16,64.29,52.49,6.7,601.54,20.9,67.78,silty,short_rains,highland,0,beans
100.0,24.0,28.0,7.1,195.77,25.6,57.73,loamy,long_rains,highland,0,coffee
130.37,67.71,111.16,6.6,566.85,16.61,66.8,loamy,short_rains,highland,0,cabbage
83.99,43.61,40.73,6.4,575.69,16.18,47.9,clay,dry,highland,1,wheat
58.17,43.73,86.61,6.6,824.23,29.24,75.39,sandy,long_rains,coastal,0,cassava
106.0,20.0,51.0,6.34,20.49,29.73,90.97,sandy,transitional,semi_arid,1,muskmelon
56.16,46.38,81.22,5.9,804.23,26.8,74.43,loamy,long_rains,coastal,0,cassava
30.25,67.13,52.8,6.8,547.46,19.48,61.58,silty,short_rains,sub_humid,1,beans
95.0,23.0,45.0,6.27,21.19,27.82,90.57,sandy,dry,semi_arid,1,muskmelon
13.0,5.0,8.0,7.47,103.92,23.85,90.11,sandy,transitional,sub_humid,1,orange
114.82,58.9,45.71,5.9,1925.32,25.59,81.35,clay,long_rains,coastal,0,rice
100.99,57.33,49.52,6.6,660.71,22.13,66.34,loamy,short_rains,highland,1,maize
57.88,35.63,36.24,5.6,327.23,32.47,45.25,sandy,short_rains,semi_arid,0,millet
166.62,55.84,181.25,5.8,1514.81,26.23,78.23,loamy,long_rains,sub_humid,0,banana
146.0,40.18,74.44,5.8,2129.7,18.27,80.97,silty,long_rains,highland,0,tea
68.0,52.0,49.0,6.58,63.35,24.43,92.28,loamy,long_rains,coastal,0,papaya
81.61,48.86,38.5,6.0,563.58,14.87,50.31,loamy,dry,highland,0,wheat
99.58,60.17,47.59,6.3,686.86,21.38,69.38,silty,short_rains,highland,0,maize
9.0,60.0,23.0,6.28,64.26,31.97,57.17,sandy,short_rains,semi_arid,0,moth_beans
107.0,71.0,55.0,6.09,117.23,29.42,83.97,loamy,long_rains,coastal,0,banana
124.0,74.83,132.04,6.1,654.88,15.54,66.71,loamy,transitional,highland,0,potato
116.9,52.13,66.99,6.5,692.1,26.63,56.92,loamy,long_rains,sub_humid,1,cotton
48.0,65.0,78.0,7.86,73.09,17.44,14.34,sandy,transitional,highland,1,chickpea
182.4,60.93,181.06,6.3,1442.2,28.3,78.55,loamy,long_rains,coastal,0,banana
14.0,18.0,35.0,4.79,91.47,31.09,47.02,loamy,dry,semi_arid,0,mango
35.0,125.0,204.0,6.11,73.7,19.65,80.15,loamy,dry,highland,1,grapes
119.07,51.99,43.29,5.7,2003.72,28.07,79.28,silty,long_rains,coastal,0,rice
78.83,46.49,66.62,6.9,824.36,33.93,46.43,sandy,transitional,semi_arid,1,mango
189.16,58.93,129.81,7.1,1617.68,28.66,74.57,loamy,long_rains,sub_humid,1,sugarcane
122.18,61.33,100.12,5.5,1609.5,18.45,75.53,silty,long_rains,highland,0,coffee
71.0,54.0,16.0,5.75,87.76,22.61,63.69,silty,short_rains,highland,0,maize
36.06,67.3,68.05,6.1,749.12,28.37,56.42,loamy,long_rains,sub_humid,0,groundnut
31.38,63.16,54.83,6.4,539.82,20.12,58.81,loamy,short_rains,sub_humid,1,beans
7.0,11.0,32.0,5.54,184.76,29.26,95.11,loamy,long_rains,coastal,0,coconut
107.5,64.8,102.4,6.9,448.75,23.19,50.24,loamy,dry,semi_arid,1,onion
129.86,81.16,129.63,6.1,739.06,14.55,69.58,silty,transitional,highland,0,potato
39.56,61.2,60.33,5.6,737.32,29.93,56.57,loamy,long_rains,coastal,0,groundnut
74.1,58.05,72.53,6.8,525.33,27.96,47.25,sandy,dry,semi_arid,0,sunflower
34.48,65.3,66.89,6.7,707.47,28.95,57.9,sandy,long_rains,sub_humid,0,groundnut
67.59,52.89,76.84,7.0,598.34,26.73,46.25,sandy,short_rains,semi_arid,1,sunflower
61.04,40.32,36.34,6.4,374.05,31.26,43.91,sandy,short_rains,arid,0,millet
101.0,20.0,48.0,6.21,57.06,24.68,82.75,loamy,short_rains,semi_arid,1,watermelon
107.0,34.0,32.0,6.78,177.77,26.77,66.41,silty,long_rains,highland,0,coffee
39.48,65.24,61.56,6.1,711.26,29.12,59.84,loamy,long_rains,coastal,0,groundnut
0.0,65.0,15.0,5.65,95.84,23.46,23.22,loamy,long_rains,sub_humid,0,kidney_beans
28.0,6.0,40.0,6.77,106.87,22.11,91.34,sandy,dry,arid,1,pomegranate
111.57,53.45,44.32,6.1,1557.81,28.6,86.51,silty,long_rains,sub_humid,0,rice
62.68,42.82,40.82,5.5,505.09,30.57,35.25,loamy,dry,semi_arid,1,sorghum
73.67,45.25,39.22,6.4,507.78,28.37,43.9,sandy,dry,arid,0,sorghum
6.0,37.0,17.0,6.76,38.14,28.09,80.35,sandy,short_rains,sub_humid,1,mung_bean
54.71,48.36,88.26,6.6,908.4,28.02,69.92,loamy,long_rains,sub_humid,0,cassava
35.46,61.29,62.24,6.6,685.53,27.84,60.08,loamy,long_rains,sub_humid,0,groundnut
108.95,80.39,136.25,6.1,588.48,22.58,59.05,silty,transitional,highland,1,tomato
84.0,50.0,44.0,5.94,182.65,25.49,81.41,silty,long_rains,coastal,1,rice
7.0,77.0,18.0,6.66,191.09,20.56,60.55,loamy,long_rains,sub_humid,0,pigeon_peas
110.45,80.68,112.28,6.7,618.66,20.9,62.77,loamy,dry,sub_humid,0,tomato
97.07,54.64,50.38,6.4,746.73,23.89,67.91,loamy,short_rains,sub_humid,0,maize
93.3,54.97,48.07,6.2,701.51,24.62,70.42,loamy,short_rains,sub_humid,1,maize
116.0,28.0,34.0,6.42,122.21,23.44,60.4,loamy,long_rains,highland,1,coffee
58.63,54.33,67.6,6.6,525.94,25.38,51.68,sandy,short_rains,sub_humid,1,sunflower
105.16,56.41,66.13,7.1,762.74,29.3,56.1,loamy,long_rains,sub_humid,0,cotton
33.44,66.1,52.8,6.7,552.4,21.54,58.04,loamy,short_rains,sub_humid,0,beans
77.0,58.0,19.0,5.79,101.6,22.81,56.51,silty,short_rains,highland,0,maize
3.0,67.0,24.0,5.52,103.29,17.0,19.91,loamy,short_rains,highland,0,kidney_beans
82.0,20.0,54.0,6.54,21.45,29.34,90.02,loamy,transitional,semi_arid,1,muskmelon
54.98,36.07,33.56,6.5,331.32,30.88,39.0,sandy,dry,semi_arid,0,millet
32.79,65.6,69.38,5.5,746.17,27.42,58.65,sandy,long_rains,sub_humid,0,groundnut
177.2,55.57,184.34,7.0,1615.38,25.89,81.23,clay,long_rains,coastal,1,banana
98.51,55.3,52.53,6.8,691.04,24.91,67.0,silty,long_rains,highland,0,maize
64.32,41.85,85.2,6.1,780.9,25.81,74.83,sandy,long_rains,coastal,0,cassava
170.85,64.35,195.64,6.9,1518.75,26.19,81.32,clay,long_rains,sub_humid,0,banana
108.03,53.77,77.56,6.5,760.53,28.09,51.27,loamy,long_rains,coastal,1,cotton
55.0,78.0,21.0,6.6,63.57,33.39,62.94,loamy,short_rains,sub_humid,0,blackgram
171.79,62.22,188.99,6.5,1358.28,27.4,77.1,loamy,long_rains,sub_humid,0,banana
102.66,64.2,106.06,6.4,528.95,20.1,55.52,loamy,dry,highland,0,onion
39.0,21.0,9.0,6.35,106.27,13.21,94.03,loamy,transitional,sub_humid,0,orange
95.32,51.74,70.09,6.7,682.94,30.19,53.26,loamy,long_rains,sub_humid,0,cotton
32.53,59.72,55.75,7.1,506.38,22.34,57.67,loamy,short_rains,highland,1,beans
121.23,58.41,46.65,6.8,1791.44,23.58,87.66,clay,long_rains,coastal,1,rice
187.15,70.07,141.9,7.1,1580.69,27.23,76.63,loamy,long_rains,coastal,0,sugarcane
10.0,140.0,197.0,6.23,124.47,22.17,90.27,silty,dry,highland,0,apple
74.71,42.09,71.86,6.2,646.99,31.46,57.17,loamy,dry,semi_arid,0,mango
72.3,42.67,35.96,7.1,583.41,16.39,53.68,clay,dry,highland,0,wheat
25.65,63.43,44.57,7.8,399.5,19.57,44.1,loamy,dry,semi_arid,1,lentils
69.11,46.32,38.84,6.2,405.72,29.39,36.63,loamy,dry,semi_arid,0,sorghum
78.27,44.8,69.56,6.3,778.16,30.09,52.84,sandy,transitional,coastal,0,mango
173.81,51.03,180.44,5.6,1572.38,28.88,79.64,clay,long_rains,sub_humid,0,banana
8.0,37.0,33.0,6.13,97.45,28.08,54.96,sandy,transitional,coastal,1,mango
118.3,61.97,102.13,5.9,1674.93,21.11,71.75,loamy,long_rains,highland,0,coffee
73.0,45.0,21.0,6.64,96.59,24.61,73.59,loamy,short_rains,highland,1,maize
120.71,54.0,45.59,5.5,1913.91,24.63,86.45,silty,long_rains,coastal,0,rice
33.17,65.27,69.0,6.0,684.17,28.39,57.5,loamy,long_rains,sub_humid,0,groundnut
105.0,14.0,50.0,6.42,59.66,26.21,87.69,sandy,short_rains,semi_arid,1,watermelon
66.45,54.78,68.92,6.2,574.83,26.62,51.42,loamy,dry,semi_arid,0,sunflower
25.46,59.55,52.63,6.6,593.57,19.91,51.68,sandy,transitional,semi_arid,0,chickpea
36.43,74.53,52.16,6.4,555.47,21.01,64.05,loamy,short_rains,highland,0,beans
70.24,37.63,38.9,6.5,419.44,31.8,46.47,sandy,short_rains,semi_arid,0,sorghum
30.2,66.29,50.88,7.0,557.24,19.51,66.13,loamy,short_rains,highland,0,beans
99.0,73.0,53.0,5.87,118.67,26.29,81.06,loamy,long_rains,sub_humid,0,banana
75.38,51.37,104.1,6.7,611.08,25.48,66.07,sandy,long_rains,highland,0,sweetpotato
36.32,64.07,51.66,7.1,639.11,19.5,63.12,loamy,long_rains,highland,1,beans
85.32,44.45,40.03,6.0,598.44,17.73,49.93,clay,dry,highland,1,wheat
38.0,132.0,197.0,5.93,66.93,20.42,81.54,sandy,dry,semi_arid,1,grapes
74.22,44.19,39.59,6.0,539.33,17.0,50.0,loamy,dry,highland,1,wheat
22.0,18.0,31.0,5.96,90.39,30.76,47.94,loamy,transitional,semi_arid,0,mango
99.87,83.97,137.12,6.1,596.26,22.08,64.94,silty,transitional,sub_humid,1,tomato
147.87,53.45,82.58,4.6,1882.84,17.68,79.01,silty,long_rains,highland,0,tea
122.49,53.1,45.04,5.8,1803.25,29.52,83.93,clay,long_rains,coastal,1,rice
64.93,54.56,68.07,6.3,585.42,27.33,46.8,sandy,dry,semi_arid,1,sunflower
78.35,46.11,43.02,7.2,568.98,17.71,51.94,loamy,dry,highland,1,wheat
78.36,58.87,103.94,5.6,631.63,25.79,62.35,loamy,short_rains,highland,0,sweetpotato
123.79,75.71,132.28,5.1,772.04,15.1,71.94,silty,transitional,highland,0,potato
87.91,45.48,39.72,6.6,594.2,16.61,48.95,loamy,dry,highland,0,wheat
171.23,63.04,179.17,6.9,1540.3,24.7,80.17,clay,long_rains,sub_humid,0,banana
56.76,40.64,79.75,5.9,923.66,26.24,79.31,loamy,long_rains,sub_humid,1,cassava
138.12,63.25,112.05,6.9,574.01,15.74,61.3,clay,long_rains,highland,0,cabbage
40.0,27.0,45.0,5.89,112.43,21.66,94.79,sandy,dry,arid,0,pomegranate
22.0,80.0,20.0,5.67,100.12,23.01,18.87,silty,short_rains,highland,0,kidney_beans
60.53,43.81,77.64,6.9,862.38,28.32,72.29,loamy,long_rains,sub_humid,0,cassava
106.12,56.7,72.56,6.9,751.8,29.72,49.12,loamy,long_rains,coastal,0,cotton
31.0,29.0,26.0,5.02,97.77,28.22,47.41,sandy,dry,semi_arid,0,mango
17.0,59.0,17.0,5.69,132.98,18.42,23.43,loamy,short_rains,sub_humid,0,kidney_beans
20.0,20.0,10.0,6.98,106.06,11.87,93.68,loamy,transitional,highland,1,orange
21.0,23.0,42.0,6.9,104.37,19.54,90.3,loamy,dry,arid,1,pomegranate
99.8,50.35,70.29,7.1,751.45,28.47,52.31,clay,long_rains,sub_humid,1,cotton
88.0,5.0,47.0,6.66,41.17,25.86,86.67,loamy,short_rains,semi_arid,0,watermelon
39.0,9.0,15.0,7.99,116.76,25.35,91.81,loamy,transitional,highland,0,orange
28.01,54.45,42.64,6.4,333.77,17.56,46.31,clay,transitional,semi_arid,1,lentils
103.79,87.2,144.48,6.4,553.46,23.15,65.67,silty,dry,sub_humid,1,tomato
25.0,130.0,197.0,5.55,74.92,39.71,82.69,loamy,dry,highland,0,grapes
68.48,54.0,108.85,6.1,671.59,24.13,72.16,sandy,short_rains,sub_humid,0,sweetpotato
177.24,65.45,136.21,6.0,1533.92,29.64,69.44,clay,long_rains,sub_humid,1,sugarcane
97.0,8.0,52.0,6.24,49.49,24.91,86.97,sandy,short_rains,semi_arid,1,watermelon
119.99,75.92,102.8,6.8,600.92,16.69,66.96,loamy,long_rains,highland,1,cabbage
3.0,69.0,23.0,7.3,42.96,28.67,63.19,clay,transitional,highland,0,lentils
99.0,41.0,36.0,6.74,182.56,24.46,82.75,clay,long_rains,sub_humid,1,rice
131.09,41.1,84.43,5.1,1998.87,18.86,79.9,silty,long_rains,highland,0,tea
101.71,59.34,50.13,6.6,749.94,22.42,65.71,silty,long_rains,highland,1,maize
58.33,38.44,34.46,6.5,359.6,31.38,40.49,sandy,short_rains,semi_arid,0,millet
34.0,6.0,27.0,5.86,147.89,25.85,90.93,loamy,long_rains,coastal,0,coconut
31.59,57.28,53.04,7.4,555.17,21.57,61.46,loamy,long_rains,sub_humid,0,beans
63.69,36.94,42.6,6.4,398.85,28.25,46.65,sandy,dry,arid,0,sorghum
62.77,37.82,40.1,5.7,421.07,28.36,44.15,loamy,dry,arid,1,sorghum
89.0,11.0,47.0,6.33,27.87,29.79,94.65,sandy,dry,sub_humid,1,muskmelon
57.34,40.89,37.18,6.1,298.58,33.04,39.04,sandy,dry,semi_arid,0,millet
37.73,59.86,52.38,6.5,528.92,21.3,65.04,silty,short_rains,highland,0,beans
62.82,52.74,65.71,6.6,604.46,28.0,42.57,sandy,short_rains,semi_arid,1,sunflower
65.25,39.55,42.26,6.4,425.94,30.89,46.06,sandy,short_rains,semi_arid,1,sorghum
22.0,70.0,19.0,5.52,69.45,18.24,21.08,loamy,long_rains,highland,0,kidney_beans
57.0,60.0,84.0,6.59,75.49,19.1,17.26,sandy,dry,semi_arid,0,chickpea
116.79,56.62,40.97,6.8,1770.58,26.63,83.37,clay,long_rains,coastal,0,rice
176.33,53.61,194.66,6.2,1364.21,26.62,76.12,loamy,long_rains,sub_humid,1,banana
202.0,50.32,142.93,7.1,1756.51,30.06,75.53,loamy,long_rains,sub_humid,1,sugarcane
154.86,40.3,71.75,5.2,2015.14,16.79,76.31,loamy,long_rains,highland,0,tea
2.0,21.0,35.0,6.29,179.82,25.03,91.54,sandy,long_rains,coastal,0,coconut
42.0,79.0,85.0,6.13,76.58,17.22,15.82,loamy,transitional,highland,0,chickpea
32.0,11.0,31.0,6.46,131.21,29.52,92.56,sandy,long_rains,coastal,0,coconut
82.14,40.59,37.23,6.7,567.5,16.22,55.83,loamy,dry,highland,0,wheat
148.67,42.16,90.09,5.6,2090.78,16.67,76.84,silty,long_rains,highland,0,tea
98.43,51.63,72.63,6.1,742.39,26.1,53.51,clay,long_rains,coastal,0,cotton
171.43,53.79,186.2,6.5,1654.17,26.34,80.48,loamy,long_rains,coastal,0,banana
90.04,54.52,49.16,6.4,709.24,22.09,65.07,silty,long_rains,highland,0,maize
90.0,44.0,38.0,7.47,241.2,23.84,83.88,clay,long_rains,coastal,0,rice
108.0,22.0,46.0,6.12,53.33,26.18,86.73,sandy,short_rains,sub_humid,1,watermelon
10.0,55.0,23.0,5.73,137.19,21.19,19.63,loamy,long_rains,highland,0,kidney_beans
20.82,58.61,48.78,5.6,546.73,18.39,53.02,loamy,dry,highland,0,chickpea
64.59,36.83,39.1,6.1,421.08,28.56,46.43,sandy,short_rains,arid,0,sorghum
74.36,42.61,38.34,6.2,560.75,16.95,53.63,loamy,dry,highland,0,wheat
116.51,67.17,109.01,6.7,622.4,18.05,72.77,loamy,long_rains,highland,0,cabbage
96.28,47.71,72.58,6.9,806.04,27.97,53.57,clay,long_rains,coastal,1,cotton
77.36,56.9,74.31,6.8,635.29,26.6,44.99,sandy,dry,semi_arid,0,sunflower
102.0,37.0,25.0,5.91,72.83,25.31,77.92,clay,long_rains,coastal,1,cotton
83.5,41.7,77.46,7.0,841.03,31.73,58.14,sandy,transitional,coastal,0,mango
108.28,85.09,121.92,6.9,590.07,23.22,62.48,silty,dry,highland,0,tomato
81.0,30.0,48.0,6.04,29.87,28.52,92.1,sandy,transitional,semi_arid,0,muskmelon
31.42,67.28,51.94,6.7,577.51,18.87,61.44,loamy,long_rains,highland,0,beans
32.0,13.0,42.0,5.79,106.62,23.5,92.98,sandy,dry,arid,1,pomegranate
177.62,61.86,190.28,6.4,1349.82,23.82,80.82,loamy,long_rains,sub_humid,0,banana
67.2,42.71,41.81,7.2,465.13,28.27,40.22,loamy,short_rains,semi_arid,0,sorghum
169.63,56.08,185.66,6.9,1591.34,26.29,80.4,loamy,long_rains,sub_humid,0,banana
115.78,52.92,45.13,6.9,1851.85,25.39,83.49,clay,long_rains,coastal,1,rice
20.0,28.0,26.0,5.55,167.05,26.38,91.5,sandy,long_rains,coastal,0,coconut
23.0,138.0,195.0,5.8,124.39,22.49,91.7,loamy,dry,highland,1,apple
31.0,36.0,29.0,6.46,97.46,33.94,52.72,loamy,dry,semi_arid,0,mango
14.0,21.0,35.0,6.12,194.31,29.53,91.91,loamy,long_rains,coastal,0,coconut
83.0,7.0,45.0,6.7,25.33,29.08,90.74,loamy,transitional,semi_arid,1,muskmelon
58.0,67.0,45.0,6.7,62.62,38.72,91.73,loamy,long_rains,coastal,0,papaya
56.16,47.96,79.86,6.0,942.27,26.5,75.99,loamy,long_rains,sub_humid,0,cassava
40.07,56.95,65.46,6.5,781.39,29.08,58.26,sandy,long_rains,coastal,0,groundnut
116.34,54.32,45.24,6.2,1944.84,26.46,87.03,clay,long_rains,coastal,0,rice
85.0,42.6,64.78,6.6,845.64,29.45,56.16,loamy,dry,semi_arid,0,mango
109.0,26.0,45.0,6.22,21.59,28.28,90.39,sandy,transitional,semi_arid,1,muskmelon
103.09,48.13,68.7,5.9,772.72,27.55,54.94,clay,long_rains,sub_humid,1,cotton
20.55,56.52,52.91,6.3,528.09,18.82,47.25,sandy,transitional,semi_arid,0,chickpea
29.0,75.0,75.0,7.06,88.46,19.62,18.71,sandy,dry,semi_arid,0,chickpea
132.03,69.48,117.38,7.1,602.72,17.38,69.45,clay,short_rains,highland,0,cabbage
69.92,60.03,107.69,6.2,650.15,25.26,63.98,sandy,long_rains,highland,0,sweetpotato
110.0,39.0,25.0,7.21,75.14,22.61,77.34,clay,long_rains,sub_humid,0,cotton
115.07,54.79,42.61,5.6,1630.21,27.97,89.99,clay,long_rains,coastal,1,rice
60.0,59.0,22.0,7.19,74.22,31.87,66.74,loamy,transitional,coastal,0,blackgram
58.54,44.67,80.27,6.0,1032.96,26.62,76.55,sandy,long_rains,sub_humid,0,cassava
90.52,56.78,50.93,6.3,707.17,23.9,63.02,silty,short_rains,sub_humid,0,maize
17.0,29.0,26.0,6.07,195.41,26.14,93.28,sandy,long_rains,coastal,0,coconut
31.0,58.0,15.0,6.17,45.37,28.32,60.19,clay,dry,semi_arid,1,lentils
94.0,50.0,37.0,6.95,209.59,25.67,80.66,silty,long_rains,coastal,1,rice
51.68,43.45,36.89,5.8,339.19,29.86,42.08,sandy,short_rains,semi_arid,0,millet
42.3,67.92,66.72,6.7,690.77,27.14,55.72,loamy,long_rains,coastal,0,groundnut
95.71,56.11,45.35,5.9,703.68,22.07,64.87,loamy,long_rains,highland,1,maize
28.29,57.95,41.39,7.2,376.46,19.91,46.61,clay,transitional,highland,0,lentils
89.0,54.0,38.0,6.69,230.45,24.52,83.54,silty,long_rains,sub_humid,1,rice
29.0,11.0,5.0,7.64,104.42,23.13,91.95,loamy,long_rains,sub_humid,0,orange
120.12,69.39,109.16,6.1,598.27,16.4,68.56,clay,short_rains,highland,0,cabbage
40.0,73.0,20.0,5.81,61.14,21.59,20.32,loamy,short_rains,sub_humid,0,kidney_beans
73.11,59.55,68.69,7.3,636.01,22.91,49.93,loamy,short_rains,sub_humid,0,sunflower
119.78,60.33,110.83,6.0,1526.75,20.22,73.72,silty,long_rains,highland,0,coffee
16.0,143.0,197.0,5.9,116.93,22.62,93.52,loamy,dry,highland,1,apple
74.39,44.0,35.32,6.2,440.83,31.01,48.26,loamy,short_rains,semi_arid,0,sorghum
110.58,55.7,45.03,6.9,1902.16,25.49,85.63,clay,long_rains,coastal,1,rice
98.09,72.85,100.91,6.1,478.61,21.73,50.39,sandy,dry,highland,1,onion
125.08,77.93,140.47,5.5,658.63,15.23,70.61,loamy,long_rains,highland,1,potato
34.0,6.0,30.0,5.95,171.76,27.08,97.0,loamy,long_rains,coastal,1,coconut
73.28,46.1,37.05,6.3,571.88,16.71,48.83,clay,dry,highland,0,wheat
7.0,79.0,23.0,5.82,96.66,19.64,19.69,silty,short_rains,highland,0,kidney_beans
120.93,70.35,102.33,6.3,596.43,17.52,65.13,clay,short_rains,highland,1,cabbage
75.45,40.44,70.06,6.0,819.03,30.51,63.71,sandy,transitional,semi_arid,0,mango
34.76,64.37,49.85,7.1,520.6,20.12,70.29,loamy,long_rains,highland,1,beans
188.84,64.19,132.11,5.7,1545.03,29.4,74.78,clay,long_rains,coastal,0,sugarcane
109.37,72.06,118.39,6.1,495.21,23.16,67.54,loamy,transitional,highland,1,tomato
120.0,23.0,28.0,6.88,196.27,25.67,51.29,silty,long_rains,highland,1,coffee
120.79,53.77,108.48,5.6,1708.33,19.92,71.28,loamy,long_rains,highland,0,coffee
124.98,76.72,128.44,6.0,657.6,14.39,71.71,loamy,long_rains,highland,0,potato
28.0,45.0,23.0,6.49,56.76,29.65,80.3,sandy,short_rains,semi_arid,0,mung_bean
116.88,56.15,102.68,7.3,699.28,16.97,71.64,clay,long_rains,highland,1,cabbage
62.47,50.89,71.71,6.0,571.89,25.06,52.04,loamy,dry,sub_humid,0,sunflower
63.58,41.54,39.46,7.0,426.91,28.34,39.11,loamy,dry,arid,1,sorghum
127.73,61.15,100.26,5.9,1478.79,20.89,73.86,silty,long_rains,highland,0,coffee
80.63,44.48,40.6,6.2,530.24,16.06,54.13,loamy,dry,highland,1,wheat
69.77,52.71,109.15,5.9,618.02,23.93,61.56,sandy,short_rains,highland,0,sweetpotato
178.29,63.12,146.3,6.1,1659.23,29.54,74.29,loamy,long_rains,coastal,1,sugarcane
84.0,39.0,35.0,6.96,117.31,23.18,52.14,loamy,long_rains,highland,0,coffee
69.87,52.04,100.15,6.1,641.14,24.54,64.02,sandy,short_rains,highland,0,sweetpotato
126.51,83.87,128.3,5.0,649.48,14.98,67.45,loamy,long_rains,highland,1,potato
24.67,57.5,48.24,5.7,528.71,18.44,55.1,sandy,transitional,semi_arid,0,chickpea
70.19,51.24,59.56,6.9,608.24,25.01,49.61,loamy,short_rains,semi_arid,0,sunflower
43.0,50.0,48.0,6.63,179.27,28.28,91.37,sandy,transitional,coastal,0,papaya
185.11,51.83,137.01,6.0,1648.96,29.79,71.82,loamy,long_rains,coastal,0,sugarcane
136.31,70.89,103.85,7.0,591.53,16.23,62.95,loamy,long_rains,highland,1,cabbage
95.0,82.0,48.0,5.72,92.78,27.39,83.31,loamy,long_rains,sub_humid,1,banana
56.32,30.59,30.16,5.9,338.04,32.82,39.32,sandy,dry,semi_arid,0,millet
25.0,121.0,201.0,5.59,70.08,30.51,82.72,loamy,dry,highland,1,grapes
81.28,47.4,39.01,7.4,550.9,15.97,50.15,loamy,dry,highland,0,wheat
113.73,72.21,109.35,6.4,679.32,19.68,66.05,clay,long_rains,highland,1,cabbage
67.0,35.0,22.0,6.39,108.76,23.31,63.25,loamy,short_rains,highland,0,maize
66.42,50.68,104.3,6.9,628.85,22.81,70.39,sandy,long_rains,sub_humid,0,sweetpotato
45.0,47.0,55.0,6.75,119.27,38.42,91.14,sandy,long_rains,sub_humid,0,papaya
0.0,123.0,205.0,5.79,121.13,22.03,92.96,loamy,transitional,highland,0,apple
64.37,42.49,37.64,6.8,393.46,30.88,43.88,loamy,dry,semi_arid,1,sorghum
80.0,18.0,31.0,7.3,134.68,24.03,58.85,silty,long_rains,highland,0,coffee
200.3,60.05,140.25,5.9,1659.78,32.32,66.74,clay,long_rains,coastal,0,sugarcane
73.48,46.86,66.95,6.3,952.67,29.34,54.95,loamy,dry,semi_arid,1,mango
27.0,61.0,18.0,5.27,108.51,33.31,67.08,loamy,short_rains,sub_humid,0,pigeon_peas
75.03,54.82,72.76,6.9,558.86,27.37,48.81,loamy,dry,semi_arid,0,sunflower
110.72,75.21,132.11,6.5,582.93,22.86,65.51,silty,transitional,sub_humid,1,tomato
108.19,79.56,125.14,6.6,512.05,22.27,64.88,silty,transitional,sub_humid,1,tomato
174.55,58.13,186.29,6.9,1423.0,25.25,79.68,loamy,long_rains,sub_humid,0,banana
33.12,73.12,55.87,7.1,502.54,21.35,63.23,loamy,short_rains,sub_humid,0,beans
74.7,53.64,102.6,6.6,638.34,27.05,65.74,sandy,short_rains,sub_humid,0,sweetpotato
174.77,68.57,187.94,6.1,1472.59,28.35,82.07,clay,long_rains,sub_humid,0,banana
23.0,21.0,26.0,5.9,149.22,26.45,93.45,loamy,long_rains,coastal,0,coconut
125.76,63.88,99.84,6.3,1515.92,18.55,76.16,silty,long_rains,highland,0,coffee
90.0,15.0,52.0,6.45,23.66,27.05,91.38,sandy,transitional,semi_arid,1,muskmelon
32.14,71.88,66.8,5.9,625.69,27.47,60.96,loamy,long_rains,sub_humid,0,groundnut
67.0,58.0,39.0,5.45,220.12,25.28,80.54,clay,long_rains,coastal,1,rice
65.58,45.35,41.65,6.3,449.3,28.74,49.23,loamy,short_rains,semi_arid,0,sorghum
95.0,21.0,47.0,6.43,20.66,27.93,93.56,sandy,dry,sub_humid,0,muskmelon
122.97,64.28,106.26,5.8,1625.71,18.18,76.03,loamy,long_rains,highland,0,coffee
24.0,70.0,21.0,5.52,132.77,19.15,45.37,sandy,long_rains,semi_arid,0,pigeon_peas
79.63,43.93,65.9,5.9,882.06,29.29,57.86,sandy,dry,semi_arid,0,mango
37.02,71.63,63.45,6.1,708.59,27.92,59.45,sandy,long_rains,sub_humid,1,groundnut
105.24,53.93,51.01,6.4,734.05,26.09,66.3,silty,short_rains,highland,0,maize
59.74,40.12,33.02,6.3,338.26,30.57,42.06,sandy,dry,semi_arid,0,millet
69.85,50.76,37.75,7.4,529.23,18.52,54.47,loamy,dry,highland,0,wheat
98.73,83.24,141.54,6.2,572.87,21.0,67.26,loamy,dry,highland,1,tomato
22.0,56.0,17.0,6.89,44.75,29.88,87.33,sandy,short_rains,sub_humid,1,mung_bean
97.62,63.86,104.69,7.4,482.05,20.87,54.83,sandy,dry,highland,1,onion
28.11,66.35,49.3,6.6,556.83,20.82,62.74,loamy,short_rains,highland,1,beans
175.67,59.0,194.1,5.9,1517.65,28.13,78.72,loamy,long_rains,coastal,0,banana
93.0,94.0,53.0,6.08,114.54,25.87,84.42,clay,long_rains,coastal,1,banana
74.6,37.24,39.74,6.9,583.77,17.22,50.08,loamy,dry,highland,1,wheat
163.91,46.43,82.19,4.8,2153.37,15.59,77.36,silty,long_rains,highland,0,tea
95.21,63.45,108.72,6.4,374.3,22.13,55.89,sandy,dry,semi_arid,0,onion
101.49,53.35,49.17,6.7,637.52,22.85,65.06,loamy,long_rains,highland,0,maize
64.0,40.84,41.93,6.0,410.35,27.75,46.18,sandy,short_rains,arid,0,sorghum
60.97,39.02,77.78,5.9,986.07,26.57,76.78,loamy,long_rains,coastal,0,cassava
122.52,82.99,125.71,6.4,754.96,15.27,73.53,silty,transitional,highland,0,potato
72.48,45.9,43.16,6.1,480.64,30.01,47.08,loamy,short_rains,semi_arid,0,sorghum
88.0,38.0,15.0,6.46,62.49,25.08,65.92,silty,long_rains,sub_humid,0,maize
90.0,86.0,52.0,5.79,119.09,25.85,81.96,loamy,long_rains,sub_humid,0,banana
118.0,88.0,51.0,6.2,100.66,25.45,79.49,loamy,long_rains,sub_humid,1,banana
55.0,67.0,16.0,6.6,70.27,34.37,69.69,loamy,short_rains,sub_humid,0,blackgram
130.0,59.0,19.0,6.52,93.51,25.07,82.5,clay,long_rains,coastal,1,cotton
100.17,51.83,47.89,6.8,598.97,22.38,70.53,loamy,long_rains,highland,0,maize
145.66,40.91,84.33,4.5,2158.11,16.73,83.95,silty,long_rains,highland,0,tea
119.06,55.12,45.03,6.9,1657.23,28.36,81.8,silty,long_rains,coastal,1,rice
124.79,70.35,92.62,6.2,590.62,16.36,62.15,loamy,short_rains,highland,0,cabbage
104.0,23.0,47.0,6.77,42.91,26.98,86.7,sandy,dry,semi_arid,1,watermelon
118.11,53.34,107.17,6.3,1515.58,19.25,75.96,loamy,long_rains,highland,0,coffee
126.82,65.29,96.58,6.3,1598.44,18.04,75.7,silty,long_rains,highland,0,coffee
39.0,77.0,21.0,4.6,159.69,23.0,60.24,sandy,short_rains,semi_arid,0,pigeon_peas
53.59,44.17,82.2,7.0,941.38,26.53,72.39,sandy,long_rains,coastal,0,cassava
116.87,54.76,44.0,6.3,1678.77,28.4,82.82,clay,long_rains,coastal,0,rice
69.0,66.0,49.0,6.53,92.12,40.0,90.17,loamy,long_rains,sub_humid,0,papaya
119.36,62.17,47.89,5.9,1618.31,26.73,81.1,clay,long_rains,sub_humid,1,rice
17.0,16.0,14.0,6.63,102.94,16.4,92.18,sandy,long_rains,sub_humid,1,orange
25.0,22.0,25.0,5.98,95.71,33.56,45.54,loamy,transitional,coastal,1,mango
112.9,59.24,82.49,5.9,640.26,28.68,46.7,loamy,long_rains,coastal,0,cotton
101.14,69.59,108.22,6.3,443.92,22.05,46.63,sandy,dry,highland,1,onion
7.0,144.0,197.0,6.13,114.05,23.85,94.35,silty,transitional,highland,0,apple
101.0,17.0,47.0,6.19,26.31,29.49,94.73,sandy,dry,semi_arid,0,muskmelon
101.22,89.21,123.05,6.7,537.01,22.65,64.64,loamy,dry,highland,0,tomato
0.0,27.0,38.0,6.74,109.39,22.45,89.9,sandy,dry,arid,1,pomegranate
38.87,68.35,63.2,6.5,704.17,28.37,60.49,loamy,long_rains,sub_humid,0,groundnut
69.07,39.27,40.6,6.5,444.18,28.69,44.72,sandy,dry,arid,1,sorghum
101.73,58.53,58.46,7.0,718.19,27.61,59.88,loamy,long_rains,coastal,0,cotton
120.0,20.0,34.0,6.91,130.38,23.57,50.56,loamy,long_rains,highland,0,coffee
5.0,23.0,15.0,7.41,112.54,25.67,92.05,sandy,long_rains,sub_humid,0,orange
83.02,42.56,35.9,7.3,580.27,16.44,54.56,clay,dry,highland,1,wheat
22.0,30.0,12.0,6.35,119.04,15.78,92.51,sandy,long_rains,highland,1,orange
4.0,23.0,5.0,7.48,110.33,22.68,93.36,sandy,transitional,highland,1,orange
101.94,67.43,102.61,6.7,499.96,21.4,51.28,sandy,dry,semi_arid,1,onion
83.39,44.89,42.82,7.0,526.69,17.48,57.52,clay,dry,highland,1,wheat
150.9,38.57,84.08,5.0,2204.04,15.14,79.37,silty,long_rains,highland,0,tea
73.07,41.48,41.76,7.4,618.03,16.74,51.21,loamy,dry,highland,1,wheat
100.08,54.19,52.03,5.8,634.06,22.8,59.84,loamy,long_rains,highland,0,maize
20.0,60.0,78.0,6.36,90.78,18.17,14.7,sandy,dry,highland,0,chickpea
183.34,55.81,158.64,6.5,1523.2,31.55,70.32,loamy,long_rains,coastal,1,sugarcane
25.0,68.0,77.0,7.7,85.75,20.09,15.11,loamy,transitional,highland,0,chickpea
84.23,45.86,41.58,7.1,562.02,20.04,51.41,clay,dry,highland,1,wheat
29.02,55.42,50.35,6.1,550.14,21.89,55.13,sandy,dry,semi_arid,0,chickpea
124.21,63.25,108.73,6.3,1589.73,19.32,73.74,loamy,long_rains,highland,0,coffee
6.0,142.0,202.0,6.22,70.43,27.24,82.95,loamy,dry,semi_arid,0,grapes
101.21,87.67,141.45,6.6,510.2,22.33,59.59,loamy,transitional,highland,1,tomato
16.0,130.0,201.0,5.68,68.85,29.12,82.79,loamy,dry,semi_arid,0,grapes
86.85,45.26,72.43,5.7,912.31,30.28,50.07,sandy,dry,coastal,1,mango
116.79,67.62,96.35,6.8,637.66,18.26,72.89,clay,short_rains,highland,0,cabbage
34.23,65.8,65.57,6.6,702.92,29.06,54.68,sandy,long_rains,sub_humid,1,groundnut
108.0,23.0,51.0,6.11,40.23,26.84,83.85,sandy,short_rains,semi_arid,0,watermelon
27.0,69.0,22.0,5.93,69.15,17.92,24.91,silty,short_rains,sub_humid,0,kidney_beans
20.0,68.0,17.0,6.58,71.73,30.12,60.12,loamy,transitional,sub_humid,0,blackgram
42.0,67.0,77.0,7.11,78.7,18.99,15.94,sandy,transitional,highland,0,chickpea
97.62,80.68,129.28,6.2,562.36,23.62,64.53,silty,dry,sub_humid,1,tomato
27.75,60.76,45.15,7.5,354.93,17.92,51.84,clay,dry,highland,0,lentils
78.0,58.0,15.0,6.53,62.91,25.01,67.82,loamy,short_rains,highland,1,maize
128.58,77.51,125.66,6.2,661.97,17.51,70.6,silty,long_rains,highland,0,potato
32.49,65.58,47.89,6.4,571.63,22.37,61.75,loamy,short_rains,sub_humid,0,beans
119.89,65.53,112.63,6.7,578.79,15.48,63.85,clay,long_rains,highland,0,cabbage
61.54,46.59,72.81,6.9,959.48,28.17,69.0,sandy,long_rains,sub_humid,0,cassava
22.0,59.0,23.0,4.37,36.5,27.32,51.28,sandy,short_rains,semi_arid,0,moth_beans
75.49,46.96,66.68,6.4,580.77,28.59,49.53,loamy,short_rains,sub_humid,0,sunflower
100.76,61.96,92.84,6.8,408.1,21.94,47.39,loamy,dry,semi_arid,1,onion
69.49,55.81,75.98,6.3,585.91,27.7,46.51,loamy,dry,sub_humid,0,sunflower
60.92,39.86,35.28,6.0,304.11,30.92,39.33,sandy,dry,arid,0,millet
102.76,80.08,113.06,6.3,502.08,22.07,60.03,silty,transitional,sub_humid,1,tomato
66.39,47.39,38.49,7.4,498.39,28.25,38.49,loamy,dry,semi_arid,0,sorghum
34.0,35.0,21.0,6.68,58.19,28.45,82.68,sandy,short_rains,semi_arid,0,mung_bean
99.15,69.08,105.39,6.1,424.1,23.1,51.35,loamy,dry,highland,1,onion
127.55,70.03,137.59,5.7,714.81,15.55,70.96,silty,transitional,highland,1,potato
106.73,81.61,123.21,7.0,566.48,23.27,64.36,silty,dry,highland,1,tomato
127.48,58.15,105.96,5.8,1641.87,19.24,74.69,loamy,long_rains,highland,0,coffee
126.33,77.62,130.61,5.8,661.08,16.34,69.26,loamy,transitional,highland,1,potato
23.87,54.97,47.66,6.1,560.31,20.54,52.45,sandy,transitional,highland,0,chickpea
38.0,14.0,30.0,5.57,194.9,26.92,91.2,sandy,long_rains,coastal,0,coconut
50.0,56.0,76.0,7.97,73.51,21.0,19.86,sandy,transitional,semi_arid,1,chickpea
111.32,65.9,99.68,7.0,557.44,17.58,68.69,loamy,long_rains,highland,1,cabbage
22.0,16.0,27.0,6.01,188.93,29.18,90.27,loamy,long_rains,coastal,1,coconut
114.41,86.99,130.46,6.0,658.76,15.27,68.3,loamy,long_rains,highland,1,potato
152.67,42.93,86.71,4.8,1750.43,18.19,85.47,silty,long_rains,highland,0,tea
14.0,55.0,15.0,8.05,73.45,27.34,55.28,sandy,short_rains,semi_arid,0,moth_beans
178.01,55.37,198.15,6.5,1642.98,28.94,81.28,loamy,long_rains,coastal,1,banana
74.81,43.43,38.82,6.3,639.69,17.84,52.69,loamy,dry,highland,0,wheat
33.0,31.0,34.0,5.42,89.78,31.33,50.22,sandy,transitional,semi_arid,0,mango
19.0,123.0,200.0,6.17,65.7,34.76,81.04,loamy,dry,semi_arid,1,grapes
81.54,44.55,40.03,7.0,537.51,18.53,52.41,clay,dry,highland,1,wheat
11.0,34.0,32.0,6.83,97.55,29.14,49.41,loamy,dry,coastal,0,mango
76.92,51.44,71.91,6.6,580.72,26.26,49.39,loamy,dry,semi_arid,0,sunflower
30.83,65.34,53.48,6.6,574.06,19.92,67.03,silty,short_rains,sub_humid,0,beans
65.38,43.62,90.55,5.8,904.84,27.58,77.88,sandy,long_rains,sub_humid,0,cassava
6.0,13.0,29.0,5.83,201.83,27.31,99.97,sandy,long_rains,coastal,1,coconut
13.0,72.0,21.0,5.82,60.28,24.32,21.03,loamy,long_rains,highland,0,kidney_beans
10.0,125.0,196.0,5.73,113.07,22.31,90.04,silty,transitional,highland,1,apple
9.0,77.0,17.0,5.78,106.16,20.12,24.45,loamy,long_rains,sub_humid,1,kidney_beans
94.7,62.76,98.22,7.4,477.77,19.35,56.75,sandy,dry,highland,1,onion
18.0,26.0,31.0,5.42,91.1,32.61,47.75,sandy,transitional,coastal,0,mango
57.32,38.55,35.68,5.6,369.53,33.45,42.0,sandy,short_rains,semi_arid,0,millet
174.8,55.46,185.37,5.9,1376.96,28.12,77.9,loamy,long_rains,sub_humid,0,banana
177.85,59.12,142.12,7.2,1532.01,30.86,72.41,loamy,long_rains,coastal,1,sugarcane
33.27,69.78,65.59,5.8,729.8,27.15,59.14,sandy,long_rains,sub_humid,1,groundnut
112.47,55.67,44.82,6.4,1911.83,26.67,86.06,silty,long_rains,sub_humid,1,rice
20.0,68.0,23.0,7.71,63.18,25.55,63.95,clay,transitional,coastal,0,blackgram
109.72,80.43,124.17,6.3,528.9,23.77,67.73,loamy,transitional,sub_humid,1,tomato
114.02,55.32,107.93,6.4,1682.32,20.14,78.56,silty,long_rains,highland,0,coffee
127.02,64.6,41.95,6.2,1689.37,26.67,89.19,silty,long_rains,coastal,1,rice
25.37,58.75,47.62,7.0,548.87,20.39,52.19,sandy,transitional,semi_arid,1,chickpea
30.69,62.19,44.07,5.7,557.57,21.65,52.14,sandy,dry,highland,1,chickpea
122.29,69.76,108.9,6.4,559.53,18.66,66.52,loamy,long_rains,highland,1,cabbage
36.57,64.79,53.01,6.4,498.99,22.92,65.07,loamy,short_rains,highland,0,beans
20.0,79.0,77.0,7.65,76.33,18.55,16.03,loamy,transitional,highland,1,chickpea
120.8,62.08,97.48,6.1,636.05,15.92,65.44,loamy,long_rains,highland,1,cabbage
67.44,55.84,70.21,7.3,591.64,25.78,49.04,loamy,short_rains,sub_humid,0,sunflower
171.82,66.51,189.45,6.6,1450.28,25.73,81.67,clay,long_rains,coastal,0,banana
120.34,79.89,125.69,5.6,783.34,14.44,69.84,silty,transitional,highland,0,potato
114.0,30.0,51.0,6.07,25.93,29.25,90.07,sandy,transitional,sub_humid,0,muskmelon
16.0,51.0,21.0,3.53,32.81,31.02,49.98,sandy,short_rains,arid,0,moth_beans
91.0,35.0,38.0,6.13,183.68,24.9,80.53,clay,long_rains,coastal,0,rice
60.79,33.69,38.02,5.5,309.54,31.42,40.73,sandy,dry,arid,0,millet
95.0,59.86,53.01,6.8,694.49,22.03,67.95,loamy,long_rains,sub_humid,0,maize
118.49,52.18,45.75,6.9,2073.95,27.7,81.12,clay,long_rains,coastal,1,rice
74.41,55.78,102.38,6.3,672.38,26.54,64.17,sandy,long_rains,highland,0,sweetpotato
106.26,55.83,48.84,6.1,659.29,23.65,68.19,silty,long_rains,sub_humid,0,maize
23.0,23.0,30.0,4.76,90.89,32.82,47.46,loamy,transitional,semi_arid,0,mango
181.42,59.15,151.7,6.5,1598.61,29.51,73.6,clay,long_rains,sub_humid,0,sugarcane
85.48,44.82,38.72,7.4,562.86,16.26,52.79,clay,dry,highland,1,wheat
35.93,65.0,51.58,7.1,574.37,19.19,61.4,loamy,long_rains,sub_humid,0,beans
118.38,74.67,101.41,6.4,580.8,17.7,63.52,loamy,short_rains,highland,1,cabbage
38.0,72.0,21.0,5.9,186.5,28.23,49.44,loamy,long_rains,sub_humid,0,pigeon_peas
67.07,52.03,85.86,5.7,914.93,26.22,75.03,loamy,long_rains,coastal,1,cassava
29.0,71.0,18.0,6.41,53.47,22.17,62.14,clay,transitional,highland,0,lentils
33.0,58.0,24.0,5.27,108.63,35.46,68.76,sandy,long_rains,sub_humid,0,pigeon_peas
76.71,40.36,40.81,7.2,470.56,29.61,45.17,sandy,dry,arid,1,sorghum
42.61,67.38,72.71,6.9,765.01,28.89,64.13,sandy,long_rains,coastal,1,groundnut
14.0,74.0,19.0,6.62,93.12,18.4,36.83,sandy,short_rains,semi_arid,0,pigeon_peas
121.05,54.99,48.85,6.6,2008.49,28.25,82.26,clay,long_rains,sub_humid,1,rice
36.0,61.0,21.0,5.62,168.59,34.54,39.04,loamy,long_rains,semi_arid,0,pigeon_peas
39.0,65.0,53.0,6.56,235.61,35.33,92.12,sandy,transitional,sub_humid,1,papaya
5.0,19.0,25.0,6.44,96.28,27.35,54.44,loamy,transitional,coastal,0,mango
12.0,29.0,13.0,7.57,118.01,22.46,91.53,sandy,long_rains,sub_humid,1,orange
32.28,74.61,53.59,7.3,578.17,20.74,61.53,loamy,short_rains,highland,0,beans
9.0,17.0,32.0,5.84,172.05,25.95,93.41,loamy,long_rains,coastal,0,coconut
95.12,51.26,51.2,5.9,693.21,20.9,70.32,silty,short_rains,highland,0,maize
118.75,62.4,98.91,5.9,1670.01,19.48,75.03,loamy,long_rains,highland,1,coffee
80.21,47.81,70.84,6.0,924.11,33.0,52.98,loamy,dry,semi_arid,0,mango
119.0,90.0,48.0,5.99,118.26,28.67,79.59,clay,long_rains,coastal,0,banana
13.0,57.0,25.0,6.86,50.47,28.3,86.21,sandy,short_rains,sub_humid,0,mung_bean
37.0,10.0,32.0,6.17,222.8,28.96,95.16,loamy,long_rains,coastal,0,coconut
58.0,66.0,79.0,8.72,93.55,20.99,19.33,loamy,transitional,highland,1,chickpea
76.35,44.96,78.58,6.0,872.74,32.25,60.03,sandy,dry,semi_arid,0,mango
75.97,45.25,72.46,7.4,856.39,31.81,49.79,loamy,transitional,coastal,1,mango
18.0,12.0,8.0,6.21,119.39,12.59,91.82,sandy,transitional,sub_humid,1,orange
76.0,60.0,39.0,6.77,208.58,20.05,80.35,silty,long_rains,coastal,1,rice
30.0,28.0,30.0,5.06,98.47,31.87,52.19,sandy,dry,semi_arid,0,mango
32.24,64.27,54.32,7.3,486.34,19.5,62.76,silty,short_rains,sub_humid,1,beans
121.45,65.62,107.74,6.2,1482.78,21.03,75.94,silty,long_rains,highland,0,coffee
70.87,43.05,42.08,6.4,398.53,30.86,47.83,loamy,short_rains,semi_arid,0,sorghum
40.0,49.0,47.0,6.5,246.36,42.93,91.18,sandy,long_rains,coastal,0,papaya
65.17,41.33,69.69,6.6,998.78,27.5,74.11,sandy,long_rains,coastal,1,cassava
95.86,54.93,51.95,6.8,705.14,24.55,68.23,loamy,long_rains,highland,0,maize
57.71,39.07,33.59,6.4,345.89,32.3,41.12,sandy,dry,semi_arid,1,millet
177.16,57.36,153.87,5.6,1595.49,30.04,70.99,loamy,long_rains,coastal,0,sugarcane
41.04,61.14,66.17,6.0,652.5,26.08,61.2,sandy,long_rains,sub_humid,0,groundnut
155.13,51.87,86.04,5.3,1920.85,14.98,79.63,silty,long_rains,highland,0,tea
128.12,60.91,112.82,6.3,1607.06,21.19,73.47,loamy,long_rains,highland,0,coffee
75.38,48.84,105.72,6.8,626.0,25.16,63.55,loamy,short_rains,highland,0,sweetpotato
103.83,65.24,106.42,7.0,466.6,20.83,51.2,sandy,dry,highland,0,onion
125.52,64.83,104.23,6.9,623.86,17.34,66.0,loamy,short_rains,highland,1,cabbage
33.89,70.31,64.25,5.5,648.91,28.34,58.68,sandy,long_rains,sub_humid,0,groundnut
99.88,80.38,131.96,6.9,552.62,22.18,62.05,silty,dry,sub_humid,0,tomato
12.0,20.0,10.0,6.53,109.47,24.45,93.11,loamy,transitional,highland,0,orange
39.54,66.15,65.29,6.1,713.49,27.75,58.92,loamy,long_rains,sub_humid,1,groundnut
50.0,55.0,16.0,7.58,62.26,28.81,65.34,clay,short_rains,sub_humid,0,blackgram
68.39,48.72,111.99,6.7,621.59,28.32,68.1,loamy,short_rains,sub_humid,0,sweetpotato
140.0,45.0,15.0,5.8,99.4,25.53,80.05,clay,long_rains,sub_humid,0,cotton
125.94,73.17,109.91,6.3,628.24,15.11,76.51,clay,short_rains,highland,1,cabbage
29.95,59.96,46.48,6.4,498.31,19.55,51.24,loamy,dry,highland,0,chickpea
100.69,51.92,49.87,6.0,663.19,22.32,65.62,silty,short_rains,sub_humid,1,maize
24.0,37.0,21.0,5.82,62.75,30.57,58.23,sandy,dry,arid,0,moth_beans
32.0,145.0,203.0,6.41,109.6,23.83,90.84,silty,dry,highland,1,apple
11.0,41.0,19.0,5.13,44.14,26.86,41.81,sandy,dry,arid,0,moth_beans
93.0,26.0,27.0,7.29,137.7,24.59,56.47,silty,long_rains,highland,1,coffee
96.46,55.03,49.45,6.1,739.21,22.93,70.06,loamy,long_rains,highland,0,maize
11.0,60.0,23.0,7.03,51.1,27.34,88.5,sandy,transitional,semi_arid,0,mung_bean
91.0,13.0,47.0,6.14,27.96,29.11,92.44,sandy,transitional,semi_arid,0,muskmelon
20.0,72.0,19.0,7.4,65.82,32.48,64.35,clay,short_rains,coastal,0,blackgram
81.41,53.37,100.4,5.8,635.05,24.62,67.22,sandy,long_rains,sub_humid,0,sweetpotato
103.26,80.42,127.14,7.0,493.69,23.85,62.78,silty,dry,highland,1,tomato
18.0,79.0,20.0,5.88,139.75,20.28,23.24,loamy,long_rains,highland,1,kidney_beans
60.0,61.0,78.0,6.32,94.04,20.71,19.84,sandy,transitional,highland,0,chickpea
68.68,38.94,40.58,6.3,449.02,28.29,47.85,loamy,short_rains,semi_arid,0,sorghum
79.91,37.6,68.22,6.8,974.01,31.72,58.13,loamy,dry,semi_arid,0,mango
37.5,64.16,68.42,6.3,804.16,29.01,59.55,loamy,long_rains,sub_humid,1,groundnut
111.63,86.07,139.14,6.7,509.35,22.52,67.64,silty,transitional,highland,1,tomato
40.19,62.08,60.54,6.9,766.36,28.72,55.15,sandy,long_rains,coastal,1,groundnut
54.27,35.02,29.81,6.2,378.99,27.75,38.84,sandy,short_rains,semi_arid,0,millet
57.99,53.1,102.03,5.5,639.93,25.78,68.37,sandy,short_rains,sub_humid,0,sweetpotato
31.0,8.0,7.0,7.16,103.57,34.51,93.64,loamy,transitional,highland,0,orange
1.0,67.0,21.0,6.55,48.06,27.52,60.54,clay,dry,semi_arid,1,lentils
95.48,59.24,48.57,7.0,632.6,22.59,63.43,loamy,short_rains,highland,1,maize
96.69,57.45,50.6,6.1,720.35,21.8,66.45,silty,long_rains,highland,1,maize
99.15,67.56,111.06,6.1,438.44,22.1,54.03,loamy,dry,highland,1,onion
127.95,58.18,99.28,6.2,1530.59,19.86,74.24,silty,long_rains,highland,1,coffee
102.23,54.77,47.84,6.0,668.45,22.21,65.15,loamy,long_rains,sub_humid,0,maize
66.89,58.15,70.83,7.0,534.77,28.25,47.27,sandy,dry,semi_arid,0,sunflower
5.0,59.0,15.0,5.97,134.18,18.87,20.18,silty,long_rains,highland,1,kidney_beans
119.8,54.65,48.25,7.0,1685.8,27.08,87.79,clay,long_rains,sub_humid,1,rice
78.87,47.87,68.79,6.9,789.94,30.9,55.1,loamy,transitional,coastal,0,mango
70.94,56.15,109.43,6.0,536.67,25.96,67.41,loamy,short_rains,highland,0,sweetpotato
80.02,48.2,71.08,7.4,839.51,31.79,50.07,loamy,transitional,coastal,0,mango
125.07,71.11,113.41,7.4,598.06,17.81,68.32,loamy,long_rains,highland,1,cabbage
101.52,81.85,134.15,6.8,497.97,22.98,60.67,loamy,dry,highland,1,tomato
59.1,41.82,88.04,6.0,865.61,26.01,72.4,loamy,long_rains,coastal,0,cassava
25.58,49.75,50.8,7.0,554.25,19.65,47.31,loamy,transitional,semi_arid,0,chickpea
174.59,53.0,139.17,6.8,1628.39,30.42,77.28,loamy,long_rains,coastal,0,sugarcane
110.62,74.14,121.47,6.7,553.28,23.38,61.22,loamy,dry,sub_humid,0,tomato
38.38,64.97,61.59,6.8,681.49,29.55,56.98,loamy,long_rains,sub_humid,1,groundnut
116.98,55.2,43.0,6.7,1597.93,27.87,90.25,silty,long_rains,sub_humid,1,rice
44.0,56.0,49.0,6.52,64.45,39.23,91.26,sandy,transitional,sub_humid,0,papaya
81.0,16.0,45.0,6.73,59.76,26.9,86.25,sandy,short_rains,semi_arid,0,watermelon
70.8,54.72,69.42,6.9,634.66,24.17,46.29,loamy,short_rains,sub_humid,1,sunflower
74.0,56.0,22.0,6.83,80.98,18.28,66.66,loamy,short_rains,highland,0,maize
13.0,67.0,18.0,5.38,177.58,30.58,34.76,sandy,long_rains,sub_humid,0,pigeon_peas
118.08,75.37,135.47,6.2,549.69,22.26,59.31,silty,dry,highland,1,tomato
79.53,50.56,105.16,6.8,663.11,27.29,67.07,sandy,short_rains,sub_humid,0,sweetpotato
26.82,56.08,41.71,5.9,530.36,19.85,51.52,sandy,transitional,semi_arid,1,chickpea
73.12,45.62,67.47,6.0,779.15,27.43,52.15,sandy,transitional,semi_arid,0,mango
144.86,46.97,78.55,5.4,2080.44,16.23,82.32,loamy,long_rains,highland,0,tea
39.0,30.0,38.0,6.97,108.07,20.13,87.6,sandy,dry,semi_arid,1,pomegranate
152.45,45.7,76.86,5.5,1902.33,16.2,80.83,loamy,long_rains,highland,0,tea
59.42,47.03,85.95,6.3,901.69,26.09,69.26,sandy,long_rains,coastal,0,cassava
39.0,60.0,15.0,5.0,116.91,35.09,30.99,loamy,short_rains,semi_arid,1,pigeon_peas
26.0,63.0,17.0,6.95,44.96,29.88,65.73,loamy,transitional,semi_arid,0,lentils
111.0,5.0,52.0,6.14,21.0,29.88,94.04,sandy,transitional,semi_arid,1,muskmelon
77.09,44.14,41.57,6.4,492.64,16.75,54.31,clay,dry,highland,1,wheat
76.39,50.09,40.0,6.3,532.73,18.19,48.9,loamy,dry,highland,1,wheat
73.51,44.65,65.73,6.6,832.49,29.92,52.71,sandy,transitional,coastal,1,mango
9.0,38.0,25.0,5.5,100.31,34.59,50.34,sandy,dry,semi_arid,0,mango
53.19,38.81,36.26,6.4,320.54,31.04,36.64,sandy,short_rains,arid,0,millet
104.08,50.95,48.68,6.9,703.27,21.59,67.8,silty,short_rains,highland,0,maize
29.07,57.77,48.81,7.2,330.96,20.59,47.9,loamy,dry,highland,0,lentils
169.75,47.89,76.06,5.1,1890.67,17.53,82.71,silty,long_rains,highland,0,tea
40.58,57.86,64.07,5.6,761.3,27.35,58.21,loamy,long_rains,coastal,0,groundnut
99.89,53.9,52.26,6.5,769.73,24.09,67.61,loamy,long_rains,sub_humid,1,maize
104.14,55.01,63.63,7.3,764.49,26.85,50.11,loamy,long_rains,coastal,0,cotton
47.0,80.0,77.0,7.56,72.85,17.18,16.43,sandy,dry,highland,0,chickpea
71.47,55.05,70.68,6.5,612.85,25.79,43.32,loamy,short_rains,semi_arid,1,sunflower
71.21,46.07,37.96,6.8,471.06,29.63,42.69,loamy,dry,semi_arid,0,sorghum
73.68,52.19,96.2,5.9,574.51,27.06,69.2,sandy,short_rains,sub_humid,0,sweetpotato
26.32,62.47,44.28,7.2,342.28,15.43,44.15,clay,dry,semi_arid,0,lentils
101.34,81.55,126.37,6.3,525.17,22.91,61.31,silty,transitional,sub_humid,1,tomato
97.49,64.23,92.51,7.5,492.31,21.51,56.1,sandy,dry,highland,0,onion
120.15,66.53,106.63,5.7,1543.93,18.91,76.47,silty,long_rains,highland,0,coffee
39.0,24.0,31.0,4.76,98.68,33.56,53.73,sandy,dry,coastal,1,mango
118.38,82.01,139.52,5.1,756.76,16.99,67.45,loamy,transitional,highland,0,potato
202.58,59.97,130.8,6.6,1662.72,29.59,70.39,loamy,long_rains,coastal,0,sugarcane
189.27,59.33,129.18,5.5,1536.48,28.19,74.14,loamy,long_rains,sub_humid,0,sugarcane
7.0,40.0,17.0,8.53,53.79,31.21,40.93,sandy,dry,arid,0,moth_beans
99.0,55.0,35.0,6.5,277.96,21.72,80.24,silty,long_rains,sub_humid,1,rice
102.48,55.82,51.66,6.5,671.21,24.31,65.29,silty,short_rains,sub_humid,0,maize
44.0,55.0,25.0,7.42,71.16,29.63,65.91,clay,short_rains,sub_humid,0,blackgram
72.47,47.26,36.34,7.2,583.15,15.77,58.19,clay,dry,highland,1,wheat
55.8,39.94,38.14,6.6,384.05,32.88,45.11,sandy,dry,arid,0,millet
6.0,124.0,200.0,5.97,109.59,22.98,93.85,loamy,transitional,highland,1,apple
185.43,58.2,181.78,5.8,1468.3,28.34,79.97,loamy,long_rains,sub_humid,1,banana
53.74,47.5,79.37,6.9,828.94,25.52,72.59,loamy,long_rains,coastal,0,cassava
28.32,53.83,44.28,6.1,592.39,22.66,51.34,loamy,transitional,semi_arid,0,chickpea
7.0,28.0,35.0,4.67,96.64,30.02,46.78,loamy,transitional,semi_arid,0,mango
122.24,58.46,47.38,5.5,1790.02,25.65,83.69,clay,long_rains,sub_humid,1,rice
23.26,69.88,43.31,7.2,398.26,19.4,49.71,loamy,dry,highland,0,lentils
117.87,57.99,97.59,5.6,1629.73,18.4,73.94,loamy,long_rains,highland,1,coffee
71.77,51.53,79.61,6.4,1017.44,27.15,70.92,loamy,long_rains,coastal,0,cassava
67.64,32.8,40.18,7.2,399.8,29.02,39.59,sandy,short_rains,semi_arid,0,sorghum
61.03,44.91,40.32,7.2,479.85,31.34,42.38,loamy,short_rains,arid,0,sorghum
29.0,121.0,196.0,6.08,123.6,22.85,94.32,loamy,dry,highland,0,apple
176.47,57.03,167.95,7.0,1495.05,26.67,83.78,loamy,long_rains,coastal,0,banana
24.0,63.0,19.0,4.68,194.59,19.35,55.97,loamy,short_rains,semi_arid,0,pigeon_peas
27.06,53.06,46.27,5.5,600.35,20.3,56.08,sandy,transitional,highland,0,chickpea
39.0,36.0,22.0,9.07,34.03,29.34,60.5,sandy,dry,arid,0,moth_beans
120.76,60.2,50.89,6.9,2033.83,26.54,80.09,silty,long_rains,sub_humid,0,rice
97.49,62.36,90.87,7.5,510.0,23.33,53.05,sandy,dry,highland,1,onion
75.87,44.0,41.6,6.8,410.05,26.45,43.65,loamy,short_rains,semi_arid,0,sorghum
30.69,67.83,66.88,5.6,751.31,28.53,61.2,loamy,long_rains,sub_humid,0,groundnut
1.0,76.0,17.0,6.01,147.04,28.43,52.1,sandy,long_rains,semi_arid,0,pigeon_peas
31.0,64.13,49.79,6.3,585.04,21.18,66.7,silty,long_rains,sub_humid,0,beans
124.34,74.89,98.39,7.2,579.58,15.94,68.95,loamy,long_rains,highland,1,cabbage
171.82,61.34,132.57,7.5,1625.23,30.69,70.21,loamy,long_rains,coastal,1,sugarcane
59.92,56.21,78.29,6.6,588.6,24.44,44.9,sandy,dry,semi_arid,0,sunflower
108.55,57.8,49.37,5.5,1901.98,27.88,82.65,clay,long_rains,sub_humid,1,rice
79.86,40.33,68.87,5.7,817.96,32.21,55.29,sandy,dry,coastal,1,mango
68.0,40.0,19.0,6.66,107.24,26.14,66.21,silty,short_rains,highland,0,maize
171.32,58.31,179.75,6.2,1259.22,27.47,81.94,loamy,long_rains,sub_humid,0,banana
29.0,70.0,15.0,6.87,74.17,30.33,63.55,clay,transitional,coastal,0,blackgram
40.0,120.0,197.0,5.89,119.63,23.81,92.49,loamy,transitional,highland,0,apple
95.0,14.0,50.0,6.56,56.32,26.63,84.32,sandy,dry,semi_arid,1,watermelon
114.91,54.88,96.34,6.5,1773.91,19.11,73.69,loamy,long_rains,highland,0,coffee
159.71,46.68,176.67,5.6,1442.78,25.81,84.6,loamy,long_rains,coastal,0,banana
31.0,13.0,33.0,6.34,148.3,29.7,95.21,sandy,long_rains,coastal,0,coconut
65.42,44.26,42.27,5.9,436.51,26.91,44.65,sandy,dry,arid,1,sorghum
71.59,54.85,70.3,7.4,635.92,28.22,46.76,loamy,dry,semi_arid,0,sunflower
66.43,37.01,80.63,6.0,853.84,27.02,75.44,sandy,long_rains,coastal,1,cassava
22.0,44.0,24.0,6.03,59.0,24.31,56.33,sandy,short_rains,arid,0,moth_beans
52.97,36.23,38.04,6.7,338.22,31.15,37.85,sandy,dry,arid,0,millet
39.0,73.0,24.0,7.22,69.29,25.66,61.18,clay,transitional,sub_humid,0,blackgram
101.08,81.14,121.3,7.0,582.94,23.43,63.36,silty,dry,highland,1,tomato
28.14,65.37,48.23,7.1,374.83,18.11,44.78,clay,transitional,semi_arid,1,lentils
21.0,39.0,20.0,7.39,60.75,27.06,52.3,sandy,short_rains,arid,0,moth_beans
165.49,63.79,170.12,5.7,1684.16,28.94,79.46,loamy,long_rains,coastal,0,banana
27.74,53.63,43.57,6.5,551.27,20.0,53.85,sandy,dry,highland,0,chickpea
98.09,54.22,51.23,6.4,751.41,21.2,63.02,loamy,short_rains,sub_humid,0,maize
37.05,64.09,63.41,5.6,673.95,29.36,56.97,loamy,long_rains,sub_humid,0,groundnut
6.0,30.0,40.0,6.36,106.97,22.77,91.45,sandy,transitional,arid,1,pomegranate
181.01,60.86,132.1,7.0,1625.97,29.13,72.53,clay,long_rains,coastal,0,sugarcane
71.04,48.95,38.59,6.6,501.26,30.48,42.43,loamy,short_rains,semi_arid,1,sorghum
100.83,57.63,78.26,6.8,667.31,25.55,50.82,loamy,long_rains,sub_humid,0,cotton
39.0,24.0,14.0,7.19,106.07,30.55,90.9,loamy,long_rains,highland,1,orange
60.12,58.76,109.01,6.8,581.22,25.54,65.17,sandy,long_rains,highland,0,sweetpotato
105.29,57.66,74.48,6.0,771.44,30.08,48.32,loamy,long_rains,sub_humid,0,cotton
120.94,74.33,134.53,5.7,688.64,13.33,70.0,silty,long_rains,highland,0,potato
194.41,64.63,140.64,5.6,1753.75,30.42,73.8,clay,long_rains,sub_humid,0,sugarcane
2.0,21.0,44.0,6.57,102.8,18.92,87.31,sandy,transitional,semi_arid,1,pomegranate
97.44,52.78,64.92,7.0,690.23,26.89,52.75,loamy,long_rains,sub_humid,1,cotton
5.0,144.0,205.0,6.18,102.8,21.42,92.63,silty,dry,highland,1,apple
60.0,48.0,39.0,7.04,231.09,24.28,80.3,clay,long_rains,coastal,1,rice
158.71,45.82,75.91,5.3,2088.41,16.47,81.11,loamy,long_rains,highland,0,tea
6.0,77.0,25.0,5.79,69.64,20.61,24.36,silty,long_rains,sub_humid,0,kidney_beans
23.65,53.12,42.55,6.1,542.13,19.04,52.97,sandy,transitional,semi_arid,1,chickpea
80.84,46.68,77.04,6.6,905.7,31.01,63.92,sandy,transitional,semi_arid,0,mango
23.0,24.0,32.0,5.63,93.3,28.12,46.17,sandy,dry,coastal,0,mango
65.35,51.39,107.8,6.4,626.22,22.91,64.93,loamy,long_rains,sub_humid,0,sweetpotato
70.51,54.02,78.6,7.2,560.66,26.94,46.35,loamy,dry,sub_humid,1,sunflower
66.04,39.99,86.06,6.1,847.09,26.27,74.84,loamy,long_rains,coastal,0,cassava
65.31,50.9,36.79,5.7,460.52,29.73,43.21,loamy,dry,arid,0,sorghum
9.0,122.0,201.0,5.57,68.06,29.59,80.92,sandy,dry,highland,1,grapes
99.29,80.92,122.54,6.0,537.93,25.08,57.77,silty,dry,sub_humid,1,tomato
53.96,36.15,30.07,5.8,312.94,31.55,38.75,sandy,short_rains,arid,0,millet
74.51,51.53,111.98,5.8,645.04,24.67,65.59,sandy,short_rains,sub_humid,0,sweetpotato
31.07,69.68,47.44,7.3,555.11,22.51,57.46,loamy,short_rains,sub_humid,1,beans
59.2,40.94,35.62,5.8,325.62,30.04,47.01,sandy,short_rains,arid,0,millet
68.06,54.67,90.28,6.9,618.41,25.22,68.62,sandy,long_rains,sub_humid,0,sweetpotato
17.0,30.0,27.0,5.89,205.57,29.03,90.79,loamy,long_rains,coastal,1,coconut
73.43,41.39,41.43,5.6,511.86,28.92,46.08,loamy,dry,arid,0,sorghum
90.09,53.53,48.37,6.7,814.32,21.97,69.66,silty,long_rains,sub_humid,0,maize
27.92,61.87,60.82,6.8,693.66,28.53,62.42,loamy,long_rains,coastal,0,groundnut
33.08,66.39,61.24,6.2,750.02,28.9,53.68,loamy,long_rains,sub_humid,0,groundnut
65.79,53.35,70.99,7.3,536.54,26.16,48.72,sandy,short_rains,semi_arid,1,sunflower
95.0,16.0,55.0,6.61,40.13,25.27,87.55,sandy,short_rains,sub_humid,0,watermelon
60.48,40.77,77.93,5.9,871.35,26.33,70.83,sandy,long_rains,coastal,0,cassava
94.89,70.45,102.04,6.9,415.74,19.81,54.47,sandy,dry,highland,0,onion
80.33,39.23,36.44,6.3,596.46,14.36,55.3,clay,dry,highland,0,wheat
123.95,71.88,122.62,7.1,639.98,16.39,67.84,loamy,long_rains,highland,1,cabbage
129.46,66.27,111.62,7.0,674.7,16.57,69.21,loamy,long_rains,highland,0,cabbage
30.34,64.8,43.2,7.2,415.63,20.25,43.89,loamy,transitional,highland,0,lentils
28.0,10.0,30.0,6.31,192.77,29.87,91.15,loamy,long_rains,coastal,0,coconut
105.0,74.0,45.0,6.1,119.22,25.15,81.38,clay,long_rains,coastal,1,banana
67.0,46.75,78.12,6.5,1035.88,26.9,74.57,loamy,long_rains,sub_humid,0,cassava
103.64,81.72,124.01,6.3,513.9,21.44,63.43,silty,transitional,sub_humid,1,tomato
107.0,11.0,54.0,6.09,29.44,28.59,91.34,sandy,dry,sub_humid,1,muskmelon
71.26,48.16,61.92,7.5,622.15,25.97,47.98,sandy,short_rains,semi_arid,0,sunflower
123.01,75.97,103.25,6.8,646.45,16.14,66.04,clay,long_rains,highland,0,cabbage
118.0,88.0,52.0,5.84,98.75,28.65,82.69,clay,long_rains,coastal,1,banana
90.0,23.0,54.0,6.16,27.27,28.56,90.46,loamy,transitional,semi_arid,1,muskmelon
57.46,37.98,35.97,6.6,311.14,32.5,37.74,sandy,short_rains,semi_arid,0,millet
21.0,51.0,15.0,6.68,48.3,29.36,89.19,sandy,transitional,semi_arid,0,mung_bean
7.0,56.0,23.0,5.55,55.5,26.34,40.01,sandy,dry,arid,0,moth_beans
31.82,72.53,54.26,7.0,570.35,21.85,60.44,loamy,short_rains,sub_humid,1,beans
128.16,60.35,118.13,6.5,1763.66,19.83,69.94,silty,long_rains,highland,0,coffee
34.0,47.0,19.0,6.57,53.15,27.31,85.45,sandy,transitional,semi_arid,0,mung_bean
98.0,53.0,38.0,5.01,270.44,20.27,81.64,clay,long_rains,coastal,0,rice
180.7,61.97,147.41,6.9,1807.56,28.58,71.87,clay,long_rains,sub_humid,0,sugarcane
85.0,52.0,45.0,7.22,265.54,26.31,82.37,clay,long_rains,coastal,1,rice
72.06,47.18,74.1,7.0,821.59,28.53,59.66,loamy,dry,coastal,1,mango
51.94,44.82,37.8,5.8,353.78,31.18,44.33,sandy,short_rains,arid,0,millet
40.0,11.0,44.0,6.32,111.38,24.46,86.11,sandy,dry,semi_arid,1,pomegranate
67.61,35.75,36.0,7.3,406.15,28.03,47.12,sandy,short_rains,semi_arid,0,sorghum
107.94,52.42,50.64,6.0,749.78,23.88,66.71,loamy,short_rains,sub_humid,0,maize
97.46,59.06,53.08,6.9,618.77,23.14,66.47,loamy,long_rains,sub_humid,1,maize
55.21,37.52,36.36,6.7,394.23,33.61,34.3,sandy,dry,arid,0,millet
12.0,129.0,205.0,6.12,118.68,22.36,91.16,loamy,transitional,highland,1,apple
75.8,47.46,41.01,7.0,587.47,17.81,52.03,clay,dry,highland,0,wheat
101.07,74.32,133.5,6.6,573.64,24.36,64.87,silty,dry,highland,1,tomato
86.0,18.0,45.0,6.57,22.26,28.97,90.72,sandy,transitional,sub_humid,0,muskmelon
63.06,42.22,86.6,5.9,895.01,24.99,70.49,loamy,long_rains,sub_humid,1,cassava
181.24,61.26,131.02,7.1,1702.97,28.25,71.03,clay,long_rains,coastal,1,sugarcane
94.37,58.19,52.27,6.5,727.21,23.23,68.4,silty,long_rains,highland,0,maize
97.0,59.0,43.0,6.29,271.36,26.36,84.04,silty,long_rains,sub_humid,0,rice
98.11,55.16,51.78,6.1,719.21,22.79,62.19,loamy,long_rains,highland,1,maize
70.0,36.0,42.0,6.95,202.38,21.84,80.73,silty,long_rains,coastal,0,rice
109.0,91.0,53.0,6.01,110.25,29.67,83.51,loamy,long_rains,coastal,0,banana
120.4,54.28,46.92,5.6,1967.53,27.97,84.59,silty,long_rains,coastal,0,rice
63.21,53.64,71.18,6.1,585.88,24.82,45.56,loamy,dry,sub_humid,0,sunflower
59.0,60.0,84.0,7.69,94.71,19.03,18.67,sandy,transitional,highland,1,chickpea
77.28,45.99,73.68,7.3,978.87,30.35,54.52,loamy,transitional,semi_arid,0,mango
123.29,73.01,104.19,6.4,572.92,17.47,68.57,clay,short_rains,highland,1,cabbage
121.22,54.38,46.34,6.8,1782.69,27.13,81.27,clay,long_rains,coastal,1,rice
51.79,36.94,37.54,6.7,314.39,29.12,45.37,sandy,dry,semi_arid,0,millet
39.0,52.0,53.0,6.7,51.07,32.51,94.66,loamy,long_rains,coastal,1,papaya
126.03,67.11,112.41,7.3,634.93,16.72,65.74,loamy,short_rains,highland,1,cabbage
38.0,14.0,37.0,6.66,102.65,21.81,94.64,sandy,transitional,semi_arid,0,pomegranate
22.66,61.75,43.85,7.7,441.84,18.01,47.26,loamy,dry,highland,0,lentils
181.04,61.21,127.55,7.1,1638.51,29.0,74.51,loamy,long_rains,coastal,1,sugarcane
8.0,28.0,30.0,6.02,135.13,25.52,94.33,sandy,long_rains,coastal,0,coconut
83.0,15.0,49.0,6.44,23.2,28.93,91.39,sandy,dry,semi_arid,1,muskmelon
103.86,58.31,105.38,6.4,368.81,20.87,55.63,loamy,dry,semi_arid,1,onion
99.26,83.29,120.52,6.3,559.01,23.84,62.87,loamy,transitional,highland,1,tomato
72.43,51.6,99.27,5.8,601.28,26.29,66.3,sandy,short_rains,sub_humid,0,sweetpotato
118.55,56.59,48.69,5.9,1478.88,27.83,90.09,silty,long_rains,sub_humid,1,rice
101.31,64.61,100.81,6.9,490.48,20.39,50.13,sandy,dry,highland,0,onion
73.67,41.7,37.32,6.2,455.14,27.67,43.81,sandy,short_rains,arid,1,sorghum
113.93,61.67,68.42,6.0,722.84,27.17,54.96,clay,long_rains,sub_humid,0,cotton
123.77,76.01,123.19,6.3,696.58,14.2,71.9,silty,transitional,highland,1,potato
118.97,64.22,44.73,6.8,1981.74,26.57,87.12,silty,long_rains,coastal,0,rice
24.0,55.0,78.0,6.65,75.58,17.3,15.15,sandy,dry,semi_arid,0,chickpea
177.83,57.43,189.32,6.1,1350.97,28.33,78.05,clay,long_rains,sub_humid,0,banana
96.96,53.54,49.69,6.5,737.6,20.91,64.82,loamy,short_rains,highland,0,maize
152.36,42.18,81.09,5.9,2052.78,14.16,80.48,loamy,long_rains,highland,0,tea
55.69,40.77,35.4,6.5,368.9,33.32,33.43,sandy,dry,semi_arid,0,millet
126.5,63.91,95.31,6.5,1685.92,20.51,75.75,silty,long_rains,highland,0,coffee
73.75,45.29,38.7,7.3,422.26,30.34,45.28,loamy,dry,semi_arid,0,sorghum
113.62,78.93,126.21,5.1,665.22,16.04,65.41,loamy,long_rains,highland,1,potato
104.03,79.31,132.28,6.1,819.58,14.93,68.69,silty,transitional,highland,1,potato
144.03,50.41,85.21,5.5,1990.29,18.59,76.88,loamy,long_rains,highland,0,tea
79.43,41.13,43.07,6.2,532.4,15.31,55.66,loamy,dry,highland,1,wheat
84.88,43.69,36.99,6.7,562.89,15.39,55.69,clay,dry,highland,0,wheat
128.84,55.13,114.54,6.2,1489.0,19.9,70.53,silty,long_rains,highland,0,coffee
108.0,33.0,31.0,7.39,144.66,23.69,66.76,loamy,long_rains,highland,0,coffee
10.0,59.0,15.0,6.32,58.87,29.83,89.3,loamy,transitional,sub_humid,0,mung_bean
29.62,62.79,55.93,6.4,549.14,21.02,59.41,silty,short_rains,sub_humid,0,beans
24.42,60.45,45.63,8.0,366.37,17.62,47.22,loamy,dry,semi_arid,0,lentils
180.75,62.03,126.36,7.3,1699.85,27.63,71.49,clay,long_rains,sub_humid,0,sugarcane
36.0,56.0,83.0,7.45,69.1,18.9,19.76,sandy,dry,semi_arid,1,chickpea
40.0,64.0,16.0,5.93,140.37,16.43,24.24,silty,long_rains,highland,0,kidney_beans
66.79,55.15,100.08,6.3,669.75,22.81,64.97,sandy,long_rains,highland,0,sweetpotato
74.03,48.85,42.93,5.9,433.09,29.56,48.7,sandy,short_rains,arid,0,sorghum
37.77,66.68,66.3,6.6,678.61,29.08,56.73,sandy,long_rains,sub_humid,0,groundnut
132.95,64.58,103.14,6.5,1521.09,18.69,76.73,silty,long_rains,highland,0,coffee
140.0,38.0,15.0,6.02,69.92,24.15,75.88,clay,long_rains,sub_humid,0,cotton
76.3,60.57,66.81,7.3,587.75,26.41,49.71,loamy,dry,sub_humid,0,sunflower
25.0,40.0,21.0,6.25,44.18,27.73,81.14,sandy,transitional,sub_humid,0,mung_bean
14.0,139.0,197.0,6.06,121.7,21.72,92.84,silty,transitional,highland,1,apple
194.03,54.58,128.93,5.8,1527.96,30.07,66.83,loamy,long_rains,sub_humid,0,sugarcane
174.85,43.51,178.51,5.9,1617.61,25.85,82.28,clay,long_rains,sub_humid,1,banana
38.0,60.0,76.0,8.87,77.93,18.65,17.81,loamy,transitional,semi_arid,0,chickpea
58.0,79.0,17.0,7.04,62.32,27.25,66.1,clay,transitional,coastal,0,blackgram
82.0,25.0,51.0,6.07,48.11,24.31,87.47,sandy,dry,semi_arid,0,watermelon
100.0,76.0,45.0,5.59,102.79,25.57,75.94,loamy,long_rains,sub_humid,0,banana
155.87,48.53,82.29,5.4,1997.74,15.62,76.14,loamy,long_rains,highland,0,tea
14.0,8.0,43.0,7.05,111.72,21.93,94.46,sandy,dry,semi_arid,0,pomegranate
8.0,58.0,17.0,7.29,35.15,28.75,69.16,clay,transitional,semi_arid,0,lentils
58.19,37.26,33.21,6.3,346.55,32.78,37.79,sandy,dry,semi_arid,0,millet
96.91,45.38,67.08,6.1,731.62,28.9,56.07,loamy,long_rains,coastal,0,cotton
49.0,71.0,76.0,6.61,85.58,19.71,17.64,sandy,transitional,highland,0,chickpea
10.0,56.0,18.0,7.33,46.11,28.0,68.64,loamy,dry,semi_arid,0,lentils
54.0,65.0,47.0,6.72,149.91,27.93,91.56,sandy,transitional,sub_humid,0,papaya
76.67,44.47,35.91,6.5,610.86,15.17,51.49,clay,dry,highland,0,wheat
127.58,87.89,138.68,5.1,684.42,14.27,68.45,silty,transitional,highland,0,potato
79.01,40.76,75.71,6.7,953.33,31.26,51.76,sandy,transitional,coastal,0,mango
60.52,31.95,33.75,6.3,333.64,30.75,38.67,sandy,short_rains,semi_arid,0,millet
92.91,46.26,47.75,6.5,648.68,23.11,65.69,loamy,short_rains,highland,0,maize
121.25,86.51,116.05,5.8,668.38,13.95,70.36,silty,long_rains,highland,0,potato
121.44,51.79,44.03,6.3,2083.22,27.97,85.81,clay,long_rains,sub_humid,1,rice
67.5,59.17,67.83,7.1,534.35,25.7,50.55,loamy,dry,sub_humid,1,sunflower
120.0,20.0,45.0,6.11,54.23,25.67,88.7,sandy,short_rains,sub_humid,1,watermelon
4.0,13.0,6.0,7.56,101.47,15.63,94.26,loamy,long_rains,highland,1,orange
72.64,55.64,98.78,5.7,658.87,25.7,65.54,loamy,long_rains,highland,0,sweetpotato
64.66,51.93,96.57,6.3,670.31,22.65,70.84,sandy,long_rains,highland,0,sweetpotato
119.78,83.48,124.75,5.4,693.19,15.79,72.62,silty,transitional,highland,1,potato
117.97,75.9,114.64,7.5,589.09,20.01,68.24,loamy,short_rains,highland,1,cabbage
83.67,53.13,72.27,7.3,925.98,28.74,56.13,loamy,transitional,coastal,0,mango
124.53,62.09,106.6,5.9,1759.98,20.42,70.96,silty,long_rains,highland,0,coffee
60.0,58.0,51.0,6.84,165.74,42.07,92.92,loamy,long_rains,sub_humid,0,papaya
111.92,74.55,125.0,6.1,587.98,22.27,68.6,silty,dry,sub_humid,1,tomato
66.0,69.0,47.0,6.91,87.53,23.69,93.61,loamy,long_rains,coastal,0,papaya
97.61,60.11,49.85,6.5,742.58,22.62,62.16,silty,short_rains,highland,0,maize
117.9,52.8,71.37,6.9,763.34,27.21,50.75,loamy,long_rains,coastal,0,cotton
138.75,74.62,105.4,6.5,686.05,16.76,65.57,loamy,short_rains,highland,1,cabbage
72.49,57.0,99.12,6.4,594.57,25.26,68.12,loamy,short_rains,sub_humid,1,sweetpotato
52.74,44.24,86.75,5.7,938.74,28.11,73.51,loamy,long_rains,coastal,0,cassava
53.79,49.95,78.69,5.5,1043.84,28.82,68.35,loamy,long_rains,coastal,0,cassava
69.94,58.97,78.04,6.0,529.48,26.14,48.6,sandy,dry,sub_humid,1,sunflower
71.29,40.58,35.34,5.8,338.84,32.13,36.25,sandy,dry,arid,0,millet
113.0,85.0,45.0,6.04,109.09,27.95,76.64,clay,long_rains,sub_humid,0,banana
78.16,44.96,39.87,6.4,560.32,15.29,55.04,loamy,dry,highland,1,wheat
100.0,48.0,16.0,5.55,74.51,25.72,67.22,silty,long_rains,sub_humid,0,maize
41.96,68.41,61.73,6.8,700.87,27.58,55.5,loamy,long_rains,sub_humid,0,groundnut
108.0,46.0,17.0,6.93,65.02,24.3,84.88,loamy,long_rains,sub_humid,0,cotton
125.42,78.09,141.05,6.4,744.54,15.52,71.59,loamy,transitional,highland,0,potato
55.16,45.08,67.91,5.7,997.69,27.08,71.91,loamy,long_rains,coastal,1,cassava
153.82,51.97,74.65,5.4,2318.81,19.97,79.19,loamy,long_rains,highland,0,tea
51.38,34.79,35.91,5.7,304.93,33.74,32.96,sandy,short_rains,semi_arid,0,millet
37.8,61.64,50.09,6.5,559.34,21.01,66.32,loamy,short_rains,sub_humid,0,beans
66.35,45.53,43.95,7.4,468.27,29.57,41.71,sandy,dry,arid,1,sorghum
2.0,51.0,17.0,5.84,38.53,25.88,45.96,sandy,short_rains,semi_arid,0,moth_beans
97.0,36.0,45.0,6.94,278.08,22.23,81.86,clay,long_rains,coastal,1,rice
80.0,16.0,46.0,6.94,48.48,25.5,81.4,loamy,short_rains,semi_arid,1,watermelon
119.0,5.0,55.0,6.17,26.84,29.69,94.3,loamy,transitional,semi_arid,1,muskmelon
2.0,131.0,199.0,6.02,124.22,22.47,91.23,silty,dry,highland,0,apple
64.71,46.44,81.21,6.7,938.07,26.69,71.61,loamy,long_rains,coastal,0,cassava
82.35,39.15,39.96,5.6,458.95,28.44,42.08,loamy,short_rains,arid,0,sorghum
73.45,57.56,63.7,6.3,535.63,23.12,47.89,sandy,short_rains,semi_arid,1,sunflower
101.12,57.8,67.24,7.1,902.61,28.8,54.64,clay,long_rains,coastal,1,cotton
63.0,43.0,17.0,6.81,71.32,19.29,65.47,loamy,long_rains,highland,0,maize
175.0,57.76,174.96,5.8,1265.57,27.39,80.38,clay,long_rains,sub_humid,0,banana
104.25,50.6,65.16,5.9,719.39,27.73,52.35,clay,long_rains,coastal,1,cotton
5.0,55.0,18.0,7.32,126.67,33.51,45.71,loamy,short_rains,sub_humid,0,pigeon_peas
61.0,51.0,51.0,6.57,120.95,39.3,94.16,sandy,long_rains,sub_humid,0,papaya
27.0,8.0,30.0,6.01,221.23,26.45,98.3,loamy,long_rains,coastal,0,coconut
69.29,51.83,99.83,5.8,603.04,28.25,65.2,sandy,long_rains,highland,0,sweetpotato
13.0,64.0,20.0,6.59,36.47,19.13,62.58,clay,dry,highland,1,lentils
117.34,76.44,108.16,7.0,548.82,18.82,63.58,loamy,short_rains,highland,1,cabbage
184.85,62.47,137.8,6.4,1398.91,27.69,77.26,loamy,long_rains,coastal,0,sugarcane
27.09,70.41,42.57,7.3,407.36,19.35,43.59,loamy,dry,highland,0,lentils
31.19,67.79,57.94,7.2,648.96,19.4,60.62,loamy,long_rains,sub_humid,0,beans
40.0,16.0,35.0,4.95,98.33,34.16,54.16,loamy,dry,coastal,0,mango
64.75,59.66,111.8,6.2,587.04,25.52,69.47,loamy,long_rains,highland,1,sweetpotato
6.0,77.0,20.0,6.06,49.14,25.79,60.28,clay,dry,highland,0,lentils
34.0,16.0,25.0,6.11,92.1,30.07,50.96,loamy,transitional,coastal,0,mango
14.0,67.0,25.0,7.24,49.37,25.29,60.86,clay,transitional,highland,0,lentils
113.13,81.19,118.77,6.9,556.53,25.54,60.11,silty,transitional,highland,1,tomato
79.52,44.28,39.4,6.6,560.59,16.98,53.27,clay,dry,highland,1,wheat
112.47,58.41,42.95,6.0,1989.13,25.3,75.79,silty,long_rains,sub_humid,1,rice
66.56,41.21,35.32,5.5,328.33,32.41,40.52,sandy,short_rains,arid,0,millet
32.0,129.0,201.0,6.49,71.56,16.36,83.0,sandy,dry,highland,0,grapes
24.0,140.0,205.0,5.93,68.67,12.09,83.59,sandy,dry,highland,0,grapes
32.0,68.0,52.0,6.8,248.86,32.68,92.62,sandy,long_rains,sub_humid,1,papaya
63.85,44.45,80.56,6.2,879.98,26.47,73.0,loamy,long_rains,coastal,0,cassava
103.81,85.62,131.13,6.1,491.43,26.42,58.09,loamy,transitional,highland,1,tomato
93.9,68.02,108.74,7.0,453.65,20.28,52.2,sandy,dry,highland,0,onion
112.52,82.96,128.54,7.0,517.19,23.74,61.75,loamy,dry,highland,1,tomato
8.0,16.0,6.0,7.11,108.42,12.23,90.26,loamy,long_rains,highland,0,orange
102.66,52.73,48.4,6.1,749.41,23.61,61.79,loamy,long_rains,highland,1,maize
79.91,46.42,36.85,6.1,597.6,17.2,49.8,clay,dry,highland,0,wheat
117.0,76.0,47.0,6.12,93.1,25.56,77.38,clay,long_rains,coastal,1,banana
32.54,70.68,66.07,5.8,647.93,28.89,57.4,sandy,long_rains,sub_humid,0,groundnut
48.96,35.61,35.62,5.8,287.73,29.98,39.34,sandy,dry,arid,0,millet
9.0,80.0,19.0,5.95,125.1,21.81,18.57,loamy,long_rains,sub_humid,0,kidney_beans
17.0,67.0,18.0,5.61,129.2,31.22,56.47,loamy,long_rains,sub_humid,0,pigeon_peas
1.0,59.0,23.0,7.18,43.78,27.47,87.18,loamy,short_rains,semi_arid,1,mung_bean
86.0,37.0,16.0,5.56,67.61,20.52,59.21,silty,short_rains,highland,0,maize
81.0,25.0,49.0,6.08,26.26,29.87,93.25,loamy,dry,sub_humid,1,muskmelon
36.8,72.66,69.65,5.6,545.78,26.89,60.59,sandy,long_rains,coastal,1,groundnut
32.3,59.38,59.28,6.6,675.5,31.02,56.44,sandy,long_rains,sub_humid,0,groundnut
16.0,55.0,19.0,6.41,192.44,19.54,47.19,loamy,long_rains,semi_arid,0,pigeon_peas
125.88,64.02,104.25,6.6,633.72,16.04,73.16,clay,short_rains,highland,1,cabbage
110.43,80.24,100.21,6.5,590.57,17.23,66.99,loamy,long_rains,highland,0,cabbage
9.0,56.0,17.0,6.26,46.48,26.14,66.77,clay,transitional,semi_arid,0,lentils
32.67,57.58,49.48,5.5,569.79,20.15,53.32,loamy,transitional,highland,0,chickpea
8.0,139.0,199.0,6.34,66.13,29.37,81.54,loamy,dry,highland,0,grapes
60.8,36.13,37.82,5.8,332.7,35.28,46.69,sandy,short_rains,arid,0,millet
89.78,44.75,39.69,7.2,600.88,19.41,49.44,loamy,dry,highland,0,wheat
61.68,39.87,43.23,6.8,336.02,29.42,45.73,sandy,dry,semi_arid,0,millet
30.71,63.41,68.29,5.9,716.71,27.49,60.46,sandy,long_rains,coastal,0,groundnut
29.51,57.56,52.55,7.2,510.48,23.14,59.84,silty,short_rains,highland,1,beans
30.19,55.95,43.52,6.4,352.47,20.59,53.88,loamy,dry,highland,1,lentils
80.0,43.0,16.0,6.66,66.72,23.56,71.59,loamy,short_rains,sub_humid,0,maize
101.05,59.88,52.01,6.7,679.06,22.24,69.05,silty,short_rains,highland,0,maize
54.16,35.92,34.59,6.5,302.47,34.63,40.6,sandy,short_rains,semi_arid,0,millet
58.57,50.59,84.85,6.7,890.0,26.32,76.5,sandy,long_rains,coastal,0,cassava
178.99,58.57,187.37,5.7,1425.44,28.34,84.34,loamy,long_rains,sub_humid,0,banana
124.31,55.27,102.87,6.2,1669.48,19.47,72.54,silty,long_rains,highland,0,coffee
118.27,82.77,129.43,6.7,581.22,22.42,65.58,loamy,dry,highland,1,tomato
109.24,73.33,117.37,6.3,527.43,21.89,58.6,loamy,dry,highland,1,tomato
86.37,48.98,47.47,5.8,731.41,23.9,63.0,loamy,long_rains,highland,1,maize
119.68,59.8,103.53,6.3,1643.95,18.72,71.42,loamy,long_rains,highland,0,coffee
186.29,61.08,141.83,6.4,1628.94,28.83,72.2,clay,long_rains,sub_humid,1,sugarcane
98.0,44.0,21.0,6.52,107.49,25.77,74.09,silty,long_rains,sub_humid,0,maize
127.0,53.0,24.0,6.13,70.41,22.22,76.18,loamy,long_rains,coastal,1,cotton
32.55,66.5,49.95,6.7,595.62,22.07,65.22,loamy,short_rains,highland,1,beans
82.28,51.23,73.56,6.7,780.88,28.18,50.28,sandy,dry,semi_arid,1,mango
65.88,46.84,80.82,5.7,842.42,27.27,65.85,loamy,long_rains,sub_humid,0,cassava
70.79,45.06,38.43,6.8,434.89,30.48,41.25,sandy,short_rains,arid,0,sorghum
80.9,46.07,37.6,7.2,599.87,15.71,56.74,loamy,dry,highland,1,wheat
100.74,81.17,130.27,6.2,525.66,22.75,64.52,silty,transitional,highland,1,tomato
74.56,42.02,40.59,6.5,464.18,29.26,46.87,sandy,short_rains,semi_arid,0,sorghum
22.0,17.0,5.0,6.95,102.84,24.12,90.72,sandy,transitional,sub_humid,1,orange
127.51,77.62,96.71,7.5,601.52,17.84,71.82,clay,long_rains,highland,1,cabbage
25.55,53.82,44.87,6.7,586.78,18.64,53.46,sandy,transitional,semi_arid,0,chickpea
63.51,38.35,33.21,6.8,312.64,31.51,42.18,sandy,short_rains,arid,0,millet
6.0,59.0,21.0,6.14,50.91,26.59,66.14,clay,dry,semi_arid,0,lentils
35.0,80.0,25.0,4.9,197.11,28.09,44.93,loamy,long_rains,semi_arid,0,pigeon_peas
35.0,74.0,22.0,6.9,42.87,26.72,62.97,clay,dry,highland,1,lentils
68.45,48.48,78.0,6.3,907.16,26.11,68.26,loamy,long_rains,coastal,0,cassava
106.22,89.86,127.2,6.2,527.68,24.91,62.42,loamy,transitional,highland,1,tomato
65.78,38.87,39.51,6.9,401.71,30.79,45.91,sandy,dry,semi_arid,1,sorghum
36.53,65.32,64.19,5.7,692.26,26.12,58.96,loamy,long_rains,coastal,0,groundnut
187.58,59.67,148.56,5.9,1621.38,30.54,73.31,clay,long_rains,sub_humid,1,sugarcane
38.0,62.0,25.0,7.45,63.38,32.75,67.78,clay,short_rains,coastal,0,blackgram
23.0,62.0,19.0,5.61,98.78,16.52,20.46,silty,long_rains,sub_humid,0,kidney_beans
140.06,48.9,79.49,5.2,1964.87,15.63,83.23,loamy,long_rains,highland,0,tea
111.0,88.0,55.0,5.51,96.45,29.45,78.35,clay,long_rains,sub_humid,0,banana
80.18,45.59,64.63,6.5,911.73,29.58,52.99,loamy,dry,semi_arid,0,mango
59.45,48.49,83.54,6.1,838.55,29.17,74.46,loamy,long_rains,coastal,0,cassava
69.0,51.0,23.0,6.8,106.62,22.22,72.85,silty,short_rains,highland,1,maize
32.0,79.0,15.0,5.71,81.6,23.91,20.75,loamy,long_rains,highland,1,kidney_beans
100.0,18.0,52.0,6.88,56.48,26.2,80.38,sandy,short_rains,semi_arid,0,watermelon
27.63,62.11,46.18,7.4,340.16,20.32,47.08,clay,dry,semi_arid,1,lentils
73.44,47.5,40.43,6.3,590.5,17.08,52.47,clay,dry,highland,1,wheat
99.0,50.0,15.0,5.57,88.08,18.15,71.09,loamy,short_rains,highland,1,maize
126.31,65.78,101.73,6.8,527.05,16.4,73.48,clay,long_rains,highland,1,cabbage
101.0,13.0,54.0,6.83,56.34,25.43,82.91,sandy,dry,semi_arid,1,watermelon
26.0,67.0,24.0,5.64,161.48,36.98,37.74,sandy,long_rains,sub_humid,0,pigeon_peas
132.09,65.78,109.34,7.4,599.77,19.21,65.16,clay,long_rains,highland,0,cabbage
123.52,78.27,131.23,6.3,628.71,14.79,70.79,loamy,transitional,highland,0,potato
0.0,133.0,200.0,5.71,104.23,23.67,90.49,silty,dry,highland,1,apple
24.59,60.18,50.11,6.7,395.68,19.46,48.36,clay,dry,semi_arid,1,lentils
120.42,60.14,111.54,6.3,1670.11,19.52,70.56,silty,long_rains,highland,1,coffee
77.34,47.48,63.56,5.7,974.35,33.12,55.03,sandy,transitional,coastal,0,mango
125.35,78.57,142.89,5.5,672.91,14.66,71.84,silty,transitional,highland,0,potato
30.0,41.0,15.0,5.89,52.08,24.83,44.17,sandy,short_rains,semi_arid,0,moth_beans
27.95,54.11,42.51,5.9,481.2,19.6,56.84,loamy,transitional,semi_arid,1,chickpea
30.02,64.73,54.96,7.3,573.86,21.91,65.18,loamy,short_rains,sub_humid,1,beans
99.95,52.49,52.57,5.8,696.11,23.55,72.8,silty,long_rains,sub_humid,0,maize
111.0,5.0,50.0,6.4,24.84,27.59,91.8,loamy,dry,semi_arid,0,muskmelon
110.05,60.97,75.77,6.1,729.6,26.77,53.75,clay,long_rains,sub_humid,0,cotton
34.0,133.0,202.0,5.8,74.82,15.31,80.1,loamy,dry,highland,0,grapes
127.44,58.49,93.16,7.4,605.97,15.55,68.87,loamy,long_rains,highland,0,cabbage
115.0,9.0,52.0,6.02,29.12,29.07,90.98,loamy,dry,semi_arid,0,muskmelon
125.12,69.85,99.62,6.9,629.01,18.16,66.33,loamy,short_rains,highland,1,cabbage
23.72,63.68,47.33,6.6,518.44,19.2,52.8,loamy,dry,highland,0,chickpea
120.0,25.0,50.0,6.33,21.85,28.05,94.82,loamy,transitional,sub_humid,1,muskmelon
100.46,55.77,62.01,7.5,910.43,27.92,54.19,loamy,long_rains,coastal,0,cotton
29.19,65.63,52.82,6.1,605.21,21.5,59.86,loamy,long_rains,highland,0,beans
8.0,15.0,33.0,5.5,213.9,28.97,98.1,loamy,long_rains,coastal,1,coconut
108.63,88.11,134.66,6.3,504.01,24.33,58.21,loamy,dry,sub_humid,1,tomato
67.32,47.12,38.29,6.3,432.33,28.63,46.21,sandy,dry,semi_arid,0,sorghum
31.88,69.87,62.37,5.9,627.7,28.26,54.76,sandy,long_rains,sub_humid,0,groundnut
66.07,39.87,38.68,6.1,349.12,32.35,36.7,sandy,short_rains,semi_arid,0,millet
32.03,60.87,45.77,7.6,416.91,19.33,45.01,loamy,transitional,semi_arid,0,lentils
84.13,49.58,39.12,7.3,562.2,17.52,55.43,loamy,dry,highland,1,wheat
130.65,70.2,104.49,7.5,629.65,18.38,61.74,loamy,short_rains,highland,0,cabbage
97.14,67.5,113.4,6.1,450.71,20.62,52.88,sandy,dry,highland,1,onion
86.0,31.0,35.0,6.49,191.45,27.01,60.77,loamy,long_rains,highland,0,coffee
113.88,56.41,97.13,6.2,1546.95,20.84,75.14,loamy,long_rains,highland,0,coffee
56.72,31.79,37.08,6.9,304.34,30.71,40.67,sandy,dry,arid,0,millet
77.53,49.2,43.69,7.3,536.31,18.11,48.71,clay,dry,highland,0,wheat
29.0,142.0,203.0,5.89,66.48,29.67,83.71,loamy,dry,highland,1,grapes
27.0,72.0,17.0,6.35,120.74,28.98,57.23,loamy,long_rains,sub_humid,0,pigeon_peas
52.0,56.0,85.0,6.82,88.68,20.12,14.44,loamy,transitional,highland,0,chickpea
72.4,40.12,39.91,6.5,451.24,28.4,42.61,sandy,dry,arid,0,sorghum
17.0,58.0,20.0,6.43,39.24,28.07,85.92,loamy,transitional,sub_humid,1,mung_bean
100.04,60.87,48.67,6.3,735.18,23.24,69.78,loamy,long_rains,highland,0,maize
72.78,40.7,45.36,7.0,479.72,30.63,44.87,sandy,dry,arid,0,sorghum
27.97,53.28,46.27,6.9,541.49,20.34,54.46,sandy,dry,highland,0,chickpea
100.46,57.66,64.23,5.8,735.77,28.64,58.73,clay,long_rains,coastal,0,cotton
93.93,66.71,104.5,6.7,464.27,21.93,51.61,sandy,dry,highland,1,onion
78.43,49.79,62.6,7.3,811.58,30.85,56.35,loamy,transitional,semi_arid,0,mango
56.0,76.0,16.0,7.51,63.3,28.27,61.19,clay,short_rains,coastal,0,blackgram
82.55,41.63,37.22,6.4,621.28,16.92,59.0,clay,dry,highland,0,wheat
40.0,45.0,18.0,5.26,30.92,30.44,55.21,sandy,short_rains,arid,0,moth_beans
119.99,58.71,43.96,6.8,2081.46,27.34,83.09,silty,long_rains,sub_humid,1,rice
137.15,43.67,83.08,5.0,1939.27,15.35,82.48,loamy,long_rains,highland,0,tea
98.99,81.7,130.46,6.3,612.8,22.58,63.63,loamy,dry,sub_humid,1,tomato
95.23,54.12,48.81,6.5,697.22,21.74,67.34,silty,long_rains,highland,1,maize
64.57,42.71,36.31,6.3,391.61,32.27,41.75,sandy,short_rains,arid,0,millet
101.98,66.97,103.86,6.8,519.26,22.72,50.69,loamy,dry,semi_arid,0,onion
25.0,62.0,21.0,7.04,67.15,26.73,68.14,loamy,transitional,sub_humid,1,blackgram
103.62,66.44,114.95,7.2,423.69,22.9,52.29,sandy,dry,semi_arid,0,onion
57.8,37.43,35.16,6.8,285.45,32.96,37.43,sandy,dry,semi_arid,0,millet
99.39,78.39,127.8,6.1,553.83,21.38,63.72,loamy,dry,sub_humid,1,tomato
40.0,51.0,17.0,6.86,50.02,28.66,86.12,sandy,short_rains,semi_arid,0,mung_bean
68.7,43.8,38.15,6.1,499.31,29.44,42.42,loamy,dry,semi_arid,0,sorghum
96.07,48.73,62.68,5.9,696.95,28.82,52.1,clay,long_rains,sub_humid,0,cotton
82.03,47.04,37.44,6.7,583.76,17.43,53.39,clay,dry,highland,1,wheat
74.91,48.27,62.35,6.1,575.28,25.9,50.45,sandy,short_rains,semi_arid,0,sunflower
76.41,42.07,62.39,5.9,897.59,27.39,50.58,sandy,dry,semi_arid,0,mango
29.0,45.0,16.0,6.58,43.12,28.44,87.91,sandy,transitional,sub_humid,0,mung_bean
9.0,139.0,199.0,5.87,105.36,23.25,94.54,loamy,dry,highland,1,apple
121.43,54.22,104.47,6.3,1735.23,19.21,78.36,loamy,long_rains,highland,0,coffee
65.98,57.0,70.07,7.0,628.32,28.72,47.14,sandy,dry,sub_humid,0,sunflower
178.26,65.64,193.5,6.1,1401.99,26.19,81.57,clay,long_rains,coastal,1,banana
70.0,44.0,19.0,5.85,94.3,23.32,73.45,silty,short_rains,sub_humid,0,maize
106.36,61.73,49.76,6.4,780.32,22.93,69.21,loamy,short_rains,highland,0,maize
62.77,56.76,107.32,5.8,625.66,24.5,65.91,sandy,short_rains,highland,0,sweetpotato
171.62,51.51,162.39,6.7,1615.49,27.87,82.84,loamy,long_rains,coastal,1,banana
187.7,63.07,128.69,6.5,1580.58,30.41,71.25,clay,long_rains,sub_humid,0,sugarcane
66.18,40.48,73.65,5.8,980.29,28.85,78.09,loamy,long_rains,coastal,0,cassava
100.86,66.3,102.23,6.9,393.98,22.28,51.9,sandy,dry,semi_arid,1,onion
38.0,77.0,22.0,6.31,35.37,28.23,69.32,loamy,transitional,highland,0,lentils
120.28,56.8,49.72,5.6,1960.67,28.45,85.51,clay,long_rains,coastal,1,rice
65.12,48.39,38.15,7.4,408.47,29.62,47.31,loamy,short_rains,arid,0,sorghum
27.0,22.0,29.0,6.0,145.42,28.83,92.17,sandy,long_rains,coastal,1,coconut
64.7,53.73,69.58,6.6,571.53,26.17,45.08,loamy,short_rains,sub_humid,0,sunflower
107.31,47.35,65.9,6.8,716.57,28.22,49.5,loamy,long_rains,coastal,1,cotton
108.92,64.63,114.03,6.9,507.58,20.91,56.4,loamy,dry,highland,0,onion
58.54,47.51,75.69,5.8,791.59,26.04,71.5,loamy,long_rains,coastal,0,cassava
39.22,62.31,66.22,6.9,654.14,30.4,56.87,sandy,long_rains,coastal,0,groundnut
125.53,57.67,104.92,6.4,1686.45,18.5,76.86,silty,long_rains,highland,0,coffee
78.51,47.02,41.0,6.2,573.65,16.64,55.25,clay,dry,highland,0,wheat
23.23,61.96,43.85,8.0,428.52,18.89,42.82,loamy,transitional,semi_arid,1,lentils
30.76,59.16,48.5,6.6,577.48,21.07,52.1,loamy,transitional,semi_arid,1,chickpea
110.0,15.0,48.0,6.21,27.6,28.58,92.87,loamy,transitional,sub_humid,1,muskmelon
77.83,49.12,73.26,6.2,729.06,30.86,57.0,loamy,dry,semi_arid,0,mango
126.99,52.36,46.5,6.6,1721.63,26.01,85.56,clay,long_rains,sub_humid,1,rice
55.49,41.19,80.03,7.0,1005.81,27.03,72.5,loamy,long_rains,coastal,0,cassava
177.65,65.46,180.86,5.8,1692.0,28.56,80.91,loamy,long_rains,coastal,0,banana
117.27,86.14,120.38,6.3,586.56,22.66,64.45,loamy,transitional,sub_humid,1,tomato
89.0,60.0,19.0,5.91,78.07,25.19,66.69,silty,short_rains,sub_humid,0,maize
84.0,51.0,35.0,6.04,197.98,22.3,80.64,clay,long_rains,sub_humid,1,rice
58.79,41.21,34.99,6.3,304.43,31.09,34.96,sandy,short_rains,arid,0,millet
187.23,68.53,131.35,6.2,1499.49,29.78,72.37,loamy,long_rains,sub_humid,0,sugarcane
62.55,40.59,79.12,5.6,806.15,26.45,70.57,sandy,long_rains,sub_humid,0,cassava
52.94,46.62,35.79,6.1,317.72,31.63,42.82,sandy,short_rains,arid,0,millet
33.0,80.0,22.0,6.59,70.09,28.57,65.72,clay,short_rains,sub_humid,0,blackgram
101.52,53.94,50.84,6.4,734.15,21.19,73.75,loamy,long_rains,highland,0,maize
20.0,50.0,22.0,9.41,38.32,31.0,46.43,sandy,short_rains,arid,0,moth_beans
39.0,145.0,201.0,5.78,72.24,36.73,80.59,loamy,dry,semi_arid,1,grapes
157.36,44.51,81.14,5.6,2175.47,20.51,80.68,silty,long_rains,highland,0,tea
33.38,66.05,55.01,6.4,769.57,29.14,58.69,sandy,long_rains,sub_humid,0,groundnut
109.67,60.43,51.65,6.0,694.01,20.37,63.75,silty,short_rains,sub_humid,1,maize
32.39,62.62,45.66,6.3,542.72,21.33,57.97,silty,short_rains,sub_humid,0,beans
23.0,35.0,18.0,5.41,36.99,26.49,47.37,sandy,short_rains,arid,1,moth_beans
102.59,56.74,74.03,6.0,687.2,30.57,51.88,clay,long_rains,coastal,1,cotton
131.0,35.0,18.0,7.06,64.03,24.49,82.24,clay,long_rains,coastal,0,cotton
26.44,64.28,43.51,7.4,349.18,19.63,51.36,loamy,transitional,highland,0,lentils
104.0,47.0,18.0,7.63,90.76,23.97,76.98,loamy,long_rains,coastal,0,cotton
85.37,47.61,68.85,7.3,693.89,31.82,51.82,loamy,dry,coastal,0,mango
72.43,40.38,40.47,7.3,432.71,29.1,47.92,sandy,dry,arid,0,sorghum
27.17,65.58,44.16,6.9,379.34,20.26,47.12,loamy,transitional,semi_arid,1,lentils
31.9,71.6,53.36,6.2,575.45,21.72,57.23,loamy,short_rains,sub_humid,0,beans
132.0,41.0,22.0,7.81,90.42,24.29,81.02,loamy,long_rains,sub_humid,0,cotton
27.0,56.0,22.0,5.83,108.64,19.92,20.7,loamy,short_rains,sub_humid,1,kidney_beans
68.93,43.2,44.44,6.0,470.29,28.88,51.16,sandy,dry,semi_arid,0,sorghum
28.46,58.83,44.41,7.0,383.02,19.3,52.21,loamy,transitional,semi_arid,1,lentils
29.0,138.0,197.0,5.83,121.66,22.19,92.44,loamy,transitional,highland,0,apple
114.9,72.11,100.55,7.4,536.19,18.74,65.16,clay,long_rains,highland,1,cabbage
132.05,61.49,101.25,5.6,1662.62,19.34,76.69,silty,long_rains,highland,0,coffee
64.78,45.14,40.93,5.8,495.11,28.34,46.77,sandy,short_rains,arid,0,sorghum
174.75,59.41,181.69,6.0,1472.17,27.54,74.79,loamy,long_rains,sub_humid,1,banana
68.14,51.49,109.59,6.3,695.7,25.38,63.24,loamy,long_rains,sub_humid,1,sweetpotato
60.34,48.77,89.5,6.0,1009.72,27.21,77.53,loamy,long_rains,coastal,0,cassava
149.9,43.51,76.1,5.6,1739.11,16.84,82.89,silty,long_rains,highland,0,tea
93.0,53.0,38.0,7.07,290.68,26.93,81.91,silty,long_rains,coastal,1,rice
88.88,43.16,79.01,6.0,879.56,30.04,54.42,sandy,dry,coastal,0,mango
127.07,81.31,133.5,5.4,633.1,14.37,70.05,loamy,long_rains,highland,0,potato
147.52,41.49,87.16,5.1,2029.71,15.95,80.42,loamy,long_rains,highland,0,tea
130.35,59.23,106.14,5.8,1453.49,19.44,74.95,loamy,long_rains,highland,0,coffee
51.91,37.16,36.09,5.8,329.41,31.89,43.81,sandy,dry,semi_arid,0,millet
33.0,60.0,15.0,6.51,56.51,28.95,81.67,loamy,transitional,sub_humid,0,mung_bean
91.0,56.0,37.0,6.36,269.5,23.43,80.57,clay,long_rains,sub_humid,0,rice
12.0,80.0,19.0,5.96,36.1,21.91,65.22,loamy,dry,highland,0,lentils
121.88,53.98,41.95,6.7,1882.05,25.85,85.24,clay,long_rains,sub_humid,1,rice
103.69,72.22,109.07,6.6,463.14,21.53,50.8,loamy,dry,highland,1,onion
96.5,68.85,103.86,6.3,471.86,22.51,52.56,loamy,dry,semi_arid,0,onion
137.31,73.87,124.94,6.0,679.33,14.51,68.65,loamy,long_rains,highland,1,potato
70.58,49.4,39.09,6.3,432.71,28.8,36.83,loamy,dry,semi_arid,0,sorghum
111.5,86.34,127.8,6.0,496.18,23.05,60.59,loamy,transitional,sub_humid,1,tomato
5.0,21.0,38.0,6.11,112.46,22.43,90.34,sandy,transitional,semi_arid,1,pomegranate
30.0,61.0,18.0,6.16,52.51,27.15,67.03,clay,transitional,semi_arid,1,lentils
59.52,35.59,38.63,5.9,302.69,32.72,45.13,sandy,short_rains,arid,0,millet
130.67,78.3,118.6,6.0,701.89,16.4,69.07,silty,long_rains,highland,0,potato
35.0,63.0,76.0,7.71,90.82,17.82,17.61,sandy,dry,semi_arid,0,chickpea
104.51,92.09,129.4,6.4,582.48,21.41,61.63,loamy,transitional,sub_humid,1,tomato
31.22,61.77,43.42,7.3,399.66,19.21,46.34,loamy,dry,highland,0,lentils
23.0,75.0,25.0,7.08,91.31,31.08,47.2,sandy,long_rains,sub_humid,0,pigeon_peas
79.25,57.66,107.92,6.4,674.98,23.31,69.88,sandy,long_rains,sub_humid,0,sweetpotato
149.6,43.08,81.14,4.8,2089.25,17.18,75.55,silty,long_rains,highland,0,tea
103.97,78.09,134.36,6.2,493.55,25.91,63.79,loamy,dry,highland,1,tomato
152.44,48.25,81.3,4.8,1888.91,15.6,77.69,loamy,long_rains,highland,1,tea
44.0,47.0,45.0,6.58,218.14,38.73,94.74,sandy,transitional,sub_humid,0,papaya
86.45,50.79,39.55,6.6,616.72,17.39,51.8,loamy,dry,highland,0,wheat
103.98,57.86,46.17,6.8,646.17,23.89,69.07,silty,long_rains,highland,0,maize
105.45,79.52,137.58,6.5,627.5,24.09,61.74,silty,transitional,sub_humid,0,tomato
40.76,63.56,69.81,6.1,619.62,27.75,60.54,sandy,long_rains,sub_humid,0,groundnut
123.88,82.73,113.16,6.5,732.09,11.33,72.3,silty,transitional,highland,0,potato
29.01,52.18,51.06,5.7,507.73,18.46,55.49,loamy,dry,semi_arid,1,chickpea
121.31,82.57,120.19,6.2,746.5,13.93,74.37,silty,transitional,highland,0,potato
104.37,55.48,67.78,6.2,741.98,28.45,52.4,clay,long_rains,sub_humid,0,cotton
37.0,65.0,16.0,5.68,63.59,22.84,18.97,silty,long_rains,highland,0,kidney_beans
94.91,54.0,66.64,6.4,864.05,24.98,57.62,loamy,long_rains,sub_humid,1,cotton
34.92,69.67,57.46,6.8,552.22,20.51,63.1,loamy,long_rains,highland,1,beans
112.52,64.18,84.96,6.2,380.68,18.8,54.86,sandy,dry,semi_arid,1,onion
56.54,38.22,33.69,6.6,346.55,30.83,43.66,sandy,short_rains,arid,0,millet
68.79,51.98,104.22,6.2,640.49,25.93,72.12,sandy,short_rains,sub_humid,0,sweetpotato
117.95,57.38,72.97,6.3,874.42,26.86,54.93,clay,long_rains,coastal,1,cotton
75.0,50.57,123.95,6.2,612.17,26.19,73.15,sandy,long_rains,sub_humid,0,sweetpotato
127.12,83.12,129.4,6.1,688.14,14.84,70.3,loamy,long_rains,highland,0,potato
101.17,50.29,50.86,5.9,611.36,24.43,68.05,loamy,short_rains,sub_humid,0,maize
115.04,72.6,123.66,6.1,590.21,25.01,64.09,silty,transitional,highland,1,tomato
111.73,71.18,128.77,6.8,548.83,23.93,58.99,silty,transitional,sub_humid,0,tomato
48.54,41.15,37.94,5.7,322.88,30.17,38.12,sandy,dry,semi_arid,0,millet
70.04,44.47,43.11,6.9,433.56,26.81,54.29,loamy,short_rains,arid,0,sorghum
99.69,97.72,122.9,6.6,465.4,23.94,58.09,loamy,transitional,sub_humid,1,tomato
28.34,52.51,42.0,6.3,386.7,20.08,53.17,loamy,dry,highland,0,lentils
94.35,56.4,52.04,5.9,804.88,21.04,68.04,silty,long_rains,highland,0,maize
27.0,21.0,30.0,5.06,91.23,35.39,52.49,loamy,dry,semi_arid,0,mango
79.7,44.72,71.41,7.3,896.4,28.75,54.71,loamy,transitional,semi_arid,0,mango
59.43,40.56,35.13,5.5,304.38,31.25,38.64,sandy,short_rains,semi_arid,0,millet
109.78,53.24,74.22,6.6,586.63,28.69,47.39,loamy,long_rains,coastal,0,cotton
128.72,86.18,129.86,5.8,720.3,15.54,69.78,silty,long_rains,highland,0,potato
27.71,56.52,44.27,6.7,381.33,19.7,42.02,loamy,dry,highland,0,lentils
126.99,70.1,103.34,6.4,615.33,17.89,70.55,clay,short_rains,highland,0,cabbage
77.0,36.0,23.0,6.65,88.45,24.71,56.73,loamy,long_rains,highland,1,maize
98.47,55.1,49.62,6.5,799.27,21.26,64.56,loamy,long_rains,sub_humid,0,maize
102.0,71.0,48.0,5.7,102.46,28.65,79.29,loamy,long_rains,sub_humid,1,banana
114.0,21.0,55.0,6.47,57.52,25.44,87.94,sandy,dry,sub_humid,0,watermelon
16.0,15.0,42.0,6.89,108.55,19.68,89.09,sandy,dry,arid,0,pomegranate
80.0,26.0,55.0,6.14,49.12,24.53,88.99,sandy,short_rains,semi_arid,0,watermelon
124.87,84.41,119.88,5.6,709.8,15.51,66.97,silty,long_rains,highland,1,potato
119.07,49.67,44.51,6.1,1726.64,27.72,84.67,clay,long_rains,sub_humid,1,rice
25.85,51.82,42.09,7.3,347.8,16.21,50.35,loamy,transitional,highland,1,lentils
11.0,53.0,24.0,7.39,61.33,28.52,55.77,sandy,dry,semi_arid,0,moth_beans
73.48,45.89,80.67,7.0,869.72,30.6,57.33,loamy,transitional,coastal,0,mango
57.98,34.35,33.49,6.1,315.8,32.81,30.58,sandy,short_rains,semi_arid,0,millet
146.26,45.0,76.37,5.9,2015.41,18.04,81.68,loamy,long_rains,highland,0,tea
115.16,54.96,49.94,5.6,1682.19,27.07,89.76,clay,long_rains,coastal,0,rice
119.0,44.0,15.0,7.09,60.65,22.15,82.86,loamy,long_rains,coastal,1,cotton
178.34,57.54,188.25,7.0,1294.04,27.24,77.58,clay,long_rains,coastal,1,banana
23.0,70.0,15.0,7.4,60.42,34.6,63.11,clay,transitional,sub_humid,0,blackgram
35.01,68.57,69.62,6.3,703.53,31.04,61.24,sandy,long_rains,coastal,0,groundnut
173.25,63.03,146.91,7.1,1532.74,29.21,76.77,loamy,long_rains,coastal,1,sugarcane
117.0,56.0,15.0,7.37,89.12,25.99,77.05,loamy,long_rains,sub_humid,1,cotton
83.0,25.0,53.0,6.06,57.73,26.49,80.05,sandy,short_rains,semi_arid,1,watermelon
33.0,12.0,8.0,6.82,117.37,25.26,90.31,sandy,transitional,sub_humid,0,orange
59.54,34.75,84.68,6.3,1014.39,28.07,68.86,loamy,long_rains,sub_humid,0,cassava
16.0,10.0,41.0,6.74,105.76,24.77,85.64,sandy,transitional,arid,1,pomegranate
123.39,55.64,42.75,6.3,1920.39,27.53,82.72,silty,long_rains,sub_humid,1,rice
79.26,41.21,67.88,7.4,865.3,31.1,61.96,sandy,transitional,coastal,1,mango
24.9,65.12,42.89,6.2,390.32,19.29,46.27,clay,dry,semi_arid,1,lentils
63.92,56.83,103.69,5.7,701.86,25.15,64.24,sandy,short_rains,sub_humid,1,sweetpotato
32.8,66.11,58.27,6.6,538.38,20.78,67.25,loamy,short_rains,highland,0,beans
29.16,65.25,39.71,6.1,344.21,19.9,46.93,clay,dry,semi_arid,1,lentils
101.0,58.0,18.0,6.65,78.6,25.67,81.38,clay,long_rains,coastal,0,cotton
5.0,77.0,19.0,6.24,175.93,31.09,66.69,sandy,long_rains,semi_arid,0,pigeon_peas
102.81,56.0,50.99,6.0,624.04,23.41,65.94,loamy,short_rains,highland,1,maize
68.92,39.17,39.81,7.4,437.34,30.33,43.79,sandy,short_rains,semi_arid,0,sorghum
117.0,37.0,32.0,6.79,162.58,23.11,67.06,silty,long_rains,highland,0,coffee
106.99,72.53,121.75,6.1,608.13,25.48,66.14,loamy,dry,highland,1,tomato
184.39,61.07,170.21,5.9,1558.36,27.54,80.14,loamy,long_rains,sub_humid,0,banana
184.54,59.96,181.08,6.5,1496.33,25.61,83.67,clay,long_rains,sub_humid,0,banana
9.0,77.0,17.0,6.28,38.08,21.66,63.58,clay,transitional,semi_arid,1,lentils
125.86,52.77,109.54,5.5,1604.66,17.09,74.59,silty,long_rains,highland,0,coffee
101.39,54.94,106.33,6.4,450.81,21.56,49.86,sandy,dry,semi_arid,0,onion
56.0,50.0,52.0,6.77,88.13,33.09,92.25,sandy,long_rains,sub_humid,1,papaya
107.0,59.19,41.79,6.4,1771.28,29.28,82.17,clay,long_rains,sub_humid,1,rice
44.0,74.0,85.0,7.15,78.26,20.19,19.64,loamy,transitional,highland,1,chickpea
17.0,134.0,204.0,6.5,73.88,39.04,80.18,loamy,dry,highland,1,grapes
74.56,59.18,96.9,6.8,720.8,23.95,65.59,loamy,short_rains,highland,1,sweetpotato
175.57,66.1,180.45,6.5,1375.11,27.01,83.37,clay,long_rains,sub_humid,0,banana
125.59,66.47,116.38,6.0,1419.51,20.68,74.3,loamy,long_rains,highland,0,coffee
80.97,46.91,39.17,6.1,555.89,16.17,51.44,clay,dry,highland,1,wheat
37.63,63.81,71.42,7.0,681.87,30.4,56.65,loamy,long_rains,coastal,0,groundnut
15.0,27.0,28.0,4.51,90.83,33.8,46.13,loamy,transitional,coastal,0,mango
183.09,59.79,188.65,6.0,1516.44,27.48,83.91,loamy,long_rains,coastal,1,banana
89.85,41.44,38.97,6.3,570.14,14.74,52.08,loamy,dry,highland,0,wheat
14.0,140.0,197.0,6.07,113.04,23.35,90.9,silty,dry,highland,0,apple
100.53,64.29,107.64,6.5,505.94,21.3,48.39,loamy,dry,semi_arid,1,onion
177.35,62.2,179.49,6.1,1566.42,26.94,81.81,loamy,long_rains,coastal,0,banana
91.0,36.0,45.0,5.95,267.98,24.44,82.45,clay,long_rains,coastal,0,rice
31.0,26.0,9.0,7.57,103.2,11.7,93.26,loamy,long_rains,sub_humid,1,orange
120.0,19.0,49.0,6.76,56.45,25.79,84.27,sandy,dry,semi_arid,1,watermelon
74.0,39.0,23.0,6.78,88.17,22.63,65.77,loamy,long_rains,sub_humid,1,maize
125.69,84.56,130.09,5.8,648.62,12.93,68.68,silty,long_rains,highland,1,potato
74.59,57.63,70.54,6.4,598.5,26.78,47.05,sandy,dry,semi_arid,0,sunflower
80.63,52.39,71.03,6.5,850.69,29.6,55.86,loamy,dry,coastal,0,mango
130.82,77.5,122.29,5.8,777.77,15.95,71.56,loamy,long_rains,highland,1,potato
163.0,51.3,77.26,5.4,2061.78,17.34,79.8,silty,long_rains,highland,1,tea
39.0,76.0,76.0,8.14,69.16,19.97,15.57,sandy,transitional,highland,0,chickpea
34.0,38.0,31.0,6.45,97.42,35.38,45.58,loamy,dry,semi_arid,1,mango
29.51,49.59,47.66,6.3,581.49,20.15,51.48,loamy,transitional,highland,1,chickpea
129.27,59.96,109.86,5.5,1662.26,20.22,72.71,loamy,long_rains,highland,0,coffee
71.0,52.0,18.0,5.79,78.16,25.11,55.98,loamy,long_rains,highland,1,maize
18.0,20.0,26.0,5.44,89.98,31.67,51.99,sandy,dry,semi_arid,0,mango
22.86,52.87,43.91,6.2,582.03,20.96,51.33,loamy,dry,highland,0,chickpea
86.88,47.94,42.65,6.7,630.44,17.31,56.45,loamy,dry,highland,0,wheat
110.09,87.7,142.46,6.1,575.07,22.89,63.05,silty,transitional,highland,1,tomato
107.0,43.0,18.0,6.75,65.54,22.43,81.53,loamy,long_rains,coastal,0,cotton
66.7,40.02,41.83,6.5,497.39,29.0,49.53,loamy,short_rains,semi_arid,0,sorghum
100.0,74.0,52.0,5.84,96.48,25.43,81.54,loamy,long_rains,coastal,0,banana
74.02,44.83,65.51,5.6,847.32,29.13,56.21,loamy,transitional,semi_arid,0,mango
101.67,49.66,53.46,6.7,690.37,23.2,64.16,silty,long_rains,highland,0,maize
20.0,30.0,27.0,4.75,95.9,27.81,51.59,sandy,transitional,coastal,1,mango
60.39,40.94,37.51,6.6,274.15,32.26,40.69,sandy,short_rains,semi_arid,0,millet
69.12,58.92,111.49,5.8,656.96,24.51,72.63,sandy,long_rains,highland,1,sweetpotato
126.88,49.62,81.55,5.4,1986.1,16.14,79.3,loamy,long_rains,highland,0,tea
62.49,38.29,32.67,5.7,300.91,34.17,35.83,sandy,dry,semi_arid,0,millet
125.72,50.2,45.34,5.8,1968.53,27.93,86.05,clay,long_rains,coastal,1,rice
102.83,82.21,139.0,6.4,562.65,23.82,63.92,silty,dry,sub_humid,1,tomato
32.9,66.25,50.26,6.1,575.66,19.24,63.5,silty,long_rains,sub_humid,1,beans
24.84,51.89,48.79,6.4,555.53,20.27,55.54,loamy,dry,highland,0,chickpea
120.35,51.9,108.06,5.9,1654.98,20.5,69.65,silty,long_rains,highland,0,coffee
190.25,70.54,187.46,5.5,1802.58,27.82,76.58,loamy,long_rains,sub_humid,1,banana
120.12,65.41,93.6,6.8,633.67,18.44,68.82,clay,short_rains,highland,0,cabbage
28.0,46.0,16.0,6.66,45.91,29.01,84.96,loamy,transitional,semi_arid,1,mung_bean
62.51,41.4,32.2,6.7,296.15,35.94,40.36,sandy,short_rains,arid,0,millet
32.7,60.29,61.77,6.8,750.94,27.96,60.8,loamy,long_rains,coastal,0,groundnut
181.13,67.31,188.74,6.2,1382.93,28.86,79.35,clay,long_rains,coastal,0,banana
27.59,54.61,42.55,6.2,534.41,20.86,54.56,loamy,transitional,semi_arid,1,chickpea
100.0,17.0,48.0,6.37,26.52,29.73,94.3,loamy,transitional,semi_arid,0,muskmelon
51.33,43.06,38.07,5.9,323.45,29.53,38.57,sandy,dry,semi_arid,0,millet
25.0,12.0,26.0,6.44,134.84,28.57,95.68,loamy,long_rains,coastal,0,coconut
36.0,54.0,46.0,6.66,214.41,42.55,94.94,sandy,transitional,sub_humid,0,papaya
27.55,63.63,45.96,6.4,417.79,18.76,49.01,loamy,dry,semi_arid,1,lentils
32.0,43.0,22.0,5.27,71.63,32.0,54.11,sandy,short_rains,semi_arid,0,moth_beans
40.0,62.0,19.0,4.7,96.52,27.32,34.14,loamy,long_rains,sub_humid,0,pigeon_peas
135.0,43.0,16.0,6.72,86.76,23.48,81.73,clay,long_rains,sub_humid,0,cotton
27.0,73.0,79.0,7.35,82.7,19.16,15.84,loamy,dry,highland,0,chickpea
139.51,39.84,81.56,4.7,2014.98,18.45,79.1,silty,long_rains,highland,0,tea
68.0,62.0,50.0,6.98,197.53,33.2,92.76,loamy,transitional,sub_humid,0,papaya
31.38,62.38,44.72,7.9,365.16,18.2,47.47,loamy,dry,semi_arid,1,lentils
35.49,57.95,51.7,7.2,520.52,20.82,68.76,silty,short_rains,highland,0,beans
32.32,65.76,54.59,6.8,563.65,20.36,67.84,silty,short_rains,sub_humid,0,beans
58.44,39.96,33.21,6.6,316.98,30.93,39.17,sandy,short_rains,semi_arid,0,millet
196.5,49.11,133.98,6.9,1615.35,31.42,74.08,loamy,long_rains,sub_humid,1,sugarcane
74.62,47.24,38.59,7.0,496.67,29.99,40.8,sandy,short_rains,arid,0,sorghum
93.0,41.0,17.0,6.05,105.47,25.62,66.5,loamy,short_rains,highland,1,maize
103.0,16.0,49.0,6.92,51.75,24.07,81.64,sandy,short_rains,semi_arid,1,watermelon
110.94,82.07,137.54,6.3,596.88,22.07,58.49,silty,dry,highland,1,tomato
59.34,47.55,80.15,5.8,985.67,25.64,66.88,sandy,long_rains,coastal,0,cassava
105.62,45.53,47.22,6.7,814.93,24.07,67.56,loamy,short_rains,sub_humid,1,maize
62.67,51.73,65.8,6.5,525.33,27.31,49.09,loamy,short_rains,sub_humid,0,sunflower
62.63,51.87,109.26,6.6,604.35,24.08,71.17,sandy,long_rains,highland,0,sweetpotato
23.0,5.0,44.0,7.16,107.57,21.21,94.26,sandy,transitional,semi_arid,1,pomegranate
24.03,50.68,51.99,6.1,526.13,18.88,54.52,loamy,dry,semi_arid,1,chickpea
131.93,60.9,104.72,5.7,1729.22,20.5,74.5,silty,long_rains,highland,0,coffee
82.51,38.83,39.8,7.5,586.44,16.94,54.32,clay,dry,highland,0,wheat
20.0,129.0,201.0,5.59,116.08,23.41,91.7,loamy,dry,highland,1,apple
167.39,54.28,189.5,5.8,1442.15,26.73,82.73,clay,long_rains,sub_humid,0,banana
79.68,38.63,36.17,6.2,538.27,16.46,52.1,clay,dry,highland,0,wheat
103.6,55.57,47.62,6.8,761.96,22.34,69.02,loamy,long_rains,highland,1,maize
109.33,54.44,59.71,7.3,727.08,27.74,49.93,loamy,long_rains,coastal,0,cotton
81.96,39.46,41.08,6.4,597.2,17.26,54.56,loamy,dry,highland,1,wheat
36.0,25.0,33.0,5.55,99.61,27.98,53.33,sandy,transitional,coastal,0,mango
130.92,74.93,127.47,5.6,732.62,15.2,73.14,loamy,transitional,highland,1,potato
124.61,58.1,103.68,6.4,1525.11,17.67,72.79,silty,long_rains,highland,0,coffee
104.98,61.75,108.46,6.1,447.52,19.18,56.82,loamy,dry,semi_arid,1,onion
114.0,79.0,51.0,6.31,112.07,26.21,82.34,loamy,long_rains,coastal,0,banana
75.29,46.0,37.85,6.7,563.32,15.29,46.28,clay,dry,highland,1,wheat
153.78,49.56,77.23,5.9,1840.93,16.92,76.79,silty,long_rains,highland,0,tea
115.81,72.88,99.63,6.2,586.44,17.33,68.18,loamy,short_rains,highland,0,cabbage
109.0,29.0,28.0,6.72,194.18,23.26,60.52,loamy,long_rains,highland,0,coffee
72.84,57.01,67.62,7.3,524.05,24.44,48.43,loamy,short_rains,semi_arid,1,sunflower
18.0,58.0,16.0,4.96,180.38,21.48,38.8,loamy,short_rains,semi_arid,0,pigeon_peas
101.84,76.05,126.4,6.4,501.36,22.05,65.85,silty,transitional,highland,1,tomato
101.82,48.51,51.84,6.6,703.89,20.87,64.57,loamy,short_rains,highland,0,maize
100.09,79.39,134.35,6.1,553.5,25.18,63.39,loamy,dry,sub_humid,1,tomato
126.76,50.46,93.55,6.3,1606.74,19.81,70.72,loamy,long_rains,highland,0,coffee
22.0,36.0,16.0,8.18,64.59,30.58,50.77,sandy,short_rains,arid,0,moth_beans
21.0,74.0,15.0,6.47,153.25,29.49,67.11,sandy,short_rains,sub_humid,0,pigeon_peas
73.93,53.35,76.23,6.1,608.72,24.17,46.98,sandy,dry,sub_humid,0,sunflower
169.42,66.91,174.89,6.8,1523.99,27.54,79.76,loamy,long_rains,sub_humid,0,banana
36.0,125.0,196.0,6.16,66.84,37.47,80.66,loamy,dry,highland,1,grapes
15.0,125.0,199.0,5.57,69.76,18.43,80.56,loamy,dry,highland,1,grapes
74.0,48.0,17.0,6.43,69.22,21.63,60.28,loamy,short_rains,sub_humid,0,maize
95.75,59.88,47.97,5.9,849.42,22.74,64.48,silty,long_rains,highland,0,maize
118.97,74.81,134.31,5.3,622.45,15.01,69.61,silty,long_rains,highland,1,potato
101.0,33.0,33.0,6.91,142.86,26.97,62.02,loamy,long_rains,highland,1,coffee
67.69,55.3,107.31,6.2,661.61,23.84,70.14,loamy,long_rains,sub_humid,1,sweetpotato
70.19,38.32,37.62,7.1,447.49,28.29,46.08,loamy,short_rains,semi_arid,0,sorghum
111.07,58.15,65.72,6.6,652.86,27.38,54.83,clay,long_rains,sub_humid,0,cotton
68.82,43.8,37.28,6.0,499.32,29.79,45.58,sandy,dry,semi_arid,0,sorghum
9.0,57.0,24.0,7.17,42.99,29.89,89.72,sandy,transitional,sub_humid,0,mung_bean
40.0,24.0,25.0,5.45,95.89,28.71,50.44,sandy,transitional,coastal,0,mango
75.75,41.96,38.2,5.6,471.18,28.98,42.85,loamy,dry,semi_arid,0,sorghum
195.91,54.23,136.56,7.5,1504.23,31.84,72.12,loamy,long_rains,sub_humid,0,sugarcane
99.84,73.23,133.51,6.9,579.63,21.63,63.49,silty,transitional,sub_humid,1,tomato
51.47,47.25,83.55,5.9,952.68,26.35,73.44,loamy,long_rains,sub_humid,0,cassava
50.0,46.0,52.0,6.73,54.02,31.18,90.22,loamy,transitional,sub_humid,0,papaya
20.0,60.0,22.0,6.88,186.92,29.65,42.9,sandy,short_rains,semi_arid,1,pigeon_peas
88.0,21.0,27.0,7.23,181.64,24.43,66.02,loamy,long_rains,highland,0,coffee
38.04,66.43,58.19,6.2,691.22,27.65,59.38,loamy,long_rains,sub_humid,1,groundnut
108.33,80.42,134.37,6.1,534.09,22.98,62.56,loamy,dry,highland,1,tomato
145.3,49.19,80.26,5.8,2109.09,16.8,79.64,loamy,long_rains,highland,0,tea
97.87,70.19,102.65,6.7,440.08,20.43,51.75,loamy,dry,highland,0,onion
119.75,54.97,42.77,6.3,1863.95,28.27,83.24,silty,long_rains,sub_humid,0,rice
25.0,71.0,24.0,7.19,74.92,28.5,60.45,loamy,transitional,coastal,0,blackgram
93.86,58.35,47.41,6.0,645.75,24.32,65.55,loamy,long_rains,highland,1,maize
88.0,78.0,45.0,6.32,92.08,29.1,79.2,clay,long_rains,coastal,0,banana
86.3,45.72,66.76,6.1,953.05,29.25,59.09,sandy,transitional,coastal,0,mango
23.0,138.0,200.0,5.97,68.43,9.85,80.23,loamy,dry,semi_arid,0,grapes
70.65,42.72,41.96,5.9,377.5,29.41,46.74,sandy,short_rains,arid,0,sorghum
82.0,26.0,47.0,6.57,24.2,28.5,93.47,sandy,transitional,sub_humid,0,muskmelon
184.46,52.12,120.74,6.6,1657.5,29.59,70.81,loamy,long_rains,coastal,0,sugarcane
35.0,128.0,205.0,6.04,107.87,21.07,93.57,loamy,dry,highland,1,apple
69.7,40.0,32.86,7.4,423.29,27.53,47.3,loamy,short_rains,arid,0,sorghum
73.71,56.22,76.94,6.7,567.62,25.21,45.48,sandy,short_rains,semi_arid,0,sunflower
120.64,85.64,123.63,6.0,715.83,17.31,69.72,loamy,long_rains,highland,0,potato
106.23,55.03,64.21,7.3,839.47,27.74,53.12,loamy,long_rains,sub_humid,0,cotton
34.77,55.78,43.46,7.3,359.88,18.78,47.66,clay,dry,semi_arid,1,lentils
98.89,63.39,98.94,6.3,407.69,21.78,50.5,loamy,dry,semi_arid,1,onion
104.38,56.78,52.86,6.4,699.48,24.96,67.18,silty,long_rains,highland,0,maize
25.33,63.74,44.36,7.5,392.29,18.51,47.97,loamy,dry,highland,1,lentils
93.88,62.22,103.07,6.8,491.69,21.47,52.11,loamy,dry,highland,1,onion
133.67,57.48,106.33,6.2,1598.51,19.5,75.66,silty,long_rains,highland,1,coffee
105.0,30.0,50.0,6.38,57.04,25.3,81.78,loamy,short_rains,semi_arid,0,watermelon
76.0,44.0,17.0,5.86,65.28,20.42,62.55,loamy,short_rains,highland,0,maize
40.0,65.0,49.0,6.68,163.91,35.33,91.06,loamy,transitional,sub_humid,0,papaya
90.0,16.0,45.0,6.29,50.56,24.92,80.62,sandy,dry,semi_arid,0,watermelon
67.28,42.26,41.65,6.8,422.47,30.79,43.23,loamy,dry,arid,1,sorghum
72.14,41.69,38.72,6.0,472.61,28.7,48.03,sandy,short_rains,arid,0,sorghum
62.55,46.33,84.68,6.8,953.22,26.97,71.9,sandy,long_rains,coastal,0,cassava
27.94,54.06,47.67,6.3,581.59,19.05,58.02,sandy,transitional,highland,0,chickpea
95.9,67.04,113.7,6.1,505.55,19.87,57.38,loamy,dry,semi_arid,0,onion
67.9,54.82,71.0,7.3,591.97,28.15,51.73,sandy,dry,semi_arid,0,sunflower
34.0,21.0,42.0,6.65,111.02,18.76,89.93,sandy,dry,semi_arid,1,pomegranate
117.0,51.0,15.0,6.04,99.75,22.95,78.72,loamy,long_rains,coastal,0,cotton
23.0,59.0,19.0,5.85,129.57,21.99,24.87,silty,short_rains,highland,1,kidney_beans
34.59,65.94,65.87,6.1,641.36,29.42,57.13,sandy,long_rains,coastal,0,groundnut
63.22,43.82,40.18,5.5,440.89,29.18,46.13,loamy,dry,semi_arid,0,sorghum
62.81,35.85,32.94,6.9,305.99,34.33,41.84,sandy,dry,arid,0,millet
172.39,60.41,190.28,5.7,1551.83,26.63,77.41,loamy,long_rains,coastal,0,banana
15.0,9.0,11.0,7.91,108.83,11.55,94.15,sandy,long_rains,sub_humid,1,orange
36.0,24.0,41.0,7.01,103.88,24.94,94.26,sandy,transitional,arid,0,pomegranate
25.48,54.42,49.74,6.4,539.6,21.07,55.28,sandy,dry,semi_arid,0,chickpea
33.0,143.0,204.0,5.81,122.54,21.13,91.96,silty,transitional,highland,0,apple
71.53,52.45,103.01,6.0,667.39,23.79,69.15,sandy,long_rains,sub_humid,0,sweetpotato
13.0,69.0,19.0,5.86,115.2,17.31,20.02,silty,short_rains,sub_humid,1,kidney_beans
36.12,69.42,61.35,6.2,644.56,28.78,56.94,sandy,long_rains,coastal,0,groundnut
130.29,51.88,41.71,5.5,2046.69,26.54,84.0,clay,long_rains,coastal,1,rice
157.63,46.82,78.11,4.9,1929.81,14.66,82.65,loamy,long_rains,highland,0,tea
103.05,66.27,108.24,6.8,431.18,22.06,49.87,sandy,dry,highland,1,onion
103.65,44.23,69.52,6.0,645.33,29.65,52.02,loamy,long_rains,coastal,0,cotton
20.0,60.0,25.0,6.73,61.19,27.33,69.09,loamy,short_rains,sub_humid,0,blackgram
58.0,75.0,25.0,7.26,68.65,25.26,61.37,clay,transitional,sub_humid,1,blackgram
30.0,75.0,81.0,6.41,68.5,19.42,16.8,sandy,transitional,highland,0,chickpea
35.34,58.1,54.45,7.4,591.52,23.31,65.9,silty,long_rains,sub_humid,0,beans
84.24,45.17,36.41,6.7,545.41,18.12,51.04,clay,dry,highland,0,wheat
73.16,53.04,100.81,5.6,676.55,23.89,63.81,loamy,short_rains,sub_humid,0,sweetpotato
26.0,80.0,18.0,5.58,104.78,19.33,23.33,silty,short_rains,highland,0,kidney_beans
124.32,58.14,95.28,5.8,1662.94,17.77,73.94,loamy,long_rains,highland,0,coffee
20.0,29.0,27.0,6.05,157.76,25.1,92.36,sandy,long_rains,coastal,0,coconut
33.23,62.63,51.56,6.1,568.62,19.86,63.51,silty,long_rains,highland,0,beans
57.9,44.7,40.6,6.3,320.88,30.72,35.02,sandy,dry,arid,1,millet
171.91,51.02,146.03,7.2,1517.06,32.18,69.23,loamy,long_rains,sub_humid,0,sugarcane
176.72,55.29,152.65,5.8,1513.61,31.74,79.09,loamy,long_rains,coastal,1,sugarcane
139.51,47.97,82.88,4.8,2212.43,19.49,76.89,silty,long_rains,highland,0,tea
26.33,52.28,46.99,6.4,594.22,20.77,49.04,loamy,dry,highland,1,chickpea
56.64,52.21,75.86,6.5,939.65,27.19,73.4,sandy,long_rains,coastal,0,cassava
56.0,65.0,45.0,6.75,218.09,38.2,93.97,loamy,long_rains,sub_humid,1,papaya
136.63,69.64,109.19,6.7,695.74,17.76,70.19,loamy,short_rains,highland,0,cabbage
28.19,53.65,47.58,6.0,545.7,18.8,46.11,loamy,dry,highland,0,chickpea
16.0,7.0,8.0,6.42,116.51,22.79,90.61,loamy,long_rains,highland,1,orange
76.22,42.63,41.51,6.2,581.23,17.55,54.46,loamy,dry,highland,0,wheat
176.15,62.63,200.85,6.0,1541.33,29.33,81.06,loamy,long_rains,sub_humid,0,banana
101.91,50.42,72.4,7.2,764.22,29.05,51.97,loamy,long_rains,coastal,0,cotton
61.0,59.0,17.0,6.47,105.01,23.34,59.25,loamy,short_rains,sub_humid,0,maize
94.47,54.1,51.15,6.2,736.04,22.25,69.52,silty,long_rains,highland,0,maize
67.0,45.0,38.0,7.3,260.89,22.73,82.17,silty,long_rains,coastal,1,rice
27.92,53.85,45.69,5.7,596.52,19.79,53.96,loamy,dry,highland,0,chickpea
57.0,67.0,25.0,7.55,64.56,32.35,66.61,loamy,transitional,sub_humid,0,blackgram
9.0,76.0,25.0,5.71,179.22,28.88,50.12,loamy,short_rains,sub_humid,0,pigeon_peas
114.0,94.0,53.0,6.19,118.69,26.34,76.85,loamy,long_rains,coastal,0,banana
69.52,58.68,60.11,7.3,589.72,25.86,45.18,loamy,dry,sub_humid,0,sunflower
120.21,68.26,108.34,7.5,657.76,18.1,70.29,loamy,short_rains,highland,0,cabbage
95.94,56.82,47.68,5.9,696.66,22.35,63.29,loamy,short_rains,highland,1,maize
57.0,60.0,17.0,7.5,73.59,26.24,67.89,loamy,transitional,sub_humid,0,blackgram
121.34,54.68,46.84,6.2,1417.28,27.88,88.97,clay,long_rains,coastal,1,rice
33.0,139.0,203.0,5.69,70.68,33.34,82.51,loamy,dry,semi_arid,1,grapes
16.0,29.0,13.0,6.2,117.62,32.32,93.68,sandy,transitional,highland,1,orange
26.21,64.25,63.15,6.6,650.52,26.96,55.97,loamy,long_rains,coastal,1,groundnut
118.73,51.46,44.91,6.0,1828.07,26.97,84.98,silty,long_rains,coastal,1,rice
57.9,44.0,36.98,5.9,321.96,34.74,40.45,sandy,short_rains,semi_arid,0,millet
122.9,78.12,100.61,7.3,571.15,19.29,66.4,loamy,short_rains,highland,0,cabbage
82.64,39.5,38.21,5.9,505.19,28.34,46.64,sandy,short_rains,arid,0,sorghum
27.0,30.0,5.0,7.66,113.33,32.72,90.55,sandy,transitional,highland,0,orange
108.0,94.0,47.0,6.39,90.81,27.36,84.55,clay,long_rains,coastal,0,banana
99.55,52.85,49.33,6.5,675.83,23.16,60.59,silty,long_rains,highland,0,maize
101.73,53.79,43.2,6.0,702.99,22.87,65.8,loamy,long_rains,highland,0,maize
111.68,76.5,120.77,6.3,568.94,21.53,64.96,loamy,transitional,sub_humid,1,tomato
29.0,25.0,14.0,7.78,113.33,30.49,90.46,loamy,long_rains,highland,1,orange
86.01,44.8,62.63,6.3,664.11,30.05,51.46,loamy,dry,coastal,0,mango
19.0,30.0,30.0,5.83,224.83,29.57,91.41,sandy,long_rains,coastal,1,coconut
143.37,48.12,87.21,4.5,1865.59,16.68,78.02,loamy,long_rains,highland,0,tea
6.0,9.0,12.0,7.03,109.69,31.08,90.14,sandy,long_rains,highland,0,orange
31.0,11.0,45.0,6.03,107.64,24.84,86.89,sandy,dry,semi_arid,0,pomegranate
121.37,53.77,44.02,6.3,1535.68,28.41,88.03,clay,long_rains,coastal,1,rice
37.25,64.73,60.45,6.5,704.03,28.89,64.53,loamy,long_rains,coastal,1,groundnut
52.94,39.92,34.26,5.8,370.34,32.58,35.5,sandy,dry,semi_arid,0,millet
27.0,61.0,15.0,6.96,48.34,25.27,67.1,clay,transitional,highland,0,lentils
58.79,37.43,36.98,7.0,352.05,33.98,39.47,sandy,dry,semi_arid,0,millet
59.16,35.09,33.13,6.2,300.96,32.18,40.24,sandy,dry,semi_arid,0,millet
79.45,38.61,38.65,5.9,462.58,29.8,43.7,loamy,short_rains,semi_arid,1,sorghum
97.0,35.0,26.0,6.33,166.25,24.91,53.74,loamy,long_rains,highland,0,coffee
74.0,39.0,38.0,7.78,233.05,23.24,84.59,clay,long_rains,sub_humid,1,rice
129.5,71.91,107.36,6.6,549.31,19.28,67.26,clay,short_rains,highland,0,cabbage
97.0,25.0,50.0,6.09,49.09,26.22,80.9,loamy,short_rains,semi_arid,0,watermelon
28.01,55.23,49.43,6.3,537.9,19.76,56.22,sandy,dry,semi_arid,1,chickpea
32.0,70.0,20.0,6.21,195.57,20.89,46.25,loamy,long_rains,semi_arid,1,pigeon_peas
59.0,62.0,52.0,6.61,103.82,43.68,93.11,loamy,transitional,coastal,0,papaya
82.7,39.01,39.83,6.6,580.1,17.12,50.73,loamy,dry,highland,1,wheat
63.51,38.86,39.19,6.4,402.89,30.56,41.9,loamy,short_rains,arid,0,sorghum
63.16,36.9,32.61,6.2,347.93,33.96,45.99,sandy,dry,semi_arid,0,millet
99.02,84.41,142.29,6.8,495.02,21.5,59.7,silty,transitional,sub_humid,1,tomato
61.99,45.15,42.36,7.0,389.47,28.17,45.94,loamy,dry,semi_arid,0,sorghum
126.18,58.85,102.16,5.8,1667.56,18.36,73.8,silty,long_rains,highland,1,coffee
11.0,124.0,204.0,6.36,71.4,13.43,80.07,sandy,dry,semi_arid,1,grapes
110.33,65.75,114.47,6.6,489.26,20.95,50.7,sandy,dry,semi_arid,1,onion
33.85,66.63,53.76,6.4,493.36,20.57,60.06,silty,long_rains,sub_humid,0,beans
95.51,63.53,109.44,7.2,490.29,19.28,56.01,loamy,dry,semi_arid,1,onion
31.27,63.81,55.55,7.3,535.81,22.02,67.52,silty,long_rains,highland,0,beans
135.19,68.35,103.79,7.2,624.51,17.52,73.07,clay,short_rains,highland,0,cabbage
37.0,30.0,34.0,6.8,99.35,27.54,53.64,sandy,dry,semi_arid,0,mango
55.0,60.0,15.0,7.16,64.11,32.8,68.78,loamy,transitional,sub_humid,0,blackgram
66.55,55.23,104.35,6.2,607.45,24.57,67.06,sandy,long_rains,sub_humid,0,sweetpotato
130.72,75.07,127.33,5.7,725.7,15.29,68.54,loamy,transitional,highland,0,potato
73.52,55.24,65.5,7.5,607.2,26.88,47.02,sandy,short_rains,semi_arid,0,sunflower
68.84,33.44,43.49,7.1,456.7,27.66,46.67,sandy,dry,semi_arid,0,sorghum
180.18,64.9,133.45,7.5,1682.5,29.14,68.33,loamy,long_rains,coastal,1,sugarcane
107.15,53.94,76.43,6.2,673.85,28.73,52.81,loamy,long_rains,sub_humid,0,cotton
18.0,19.0,29.0,6.21,162.84,27.59,92.49,sandy,long_rains,coastal,0,coconut
112.0,49.0,25.0,6.47,66.19,25.69,77.91,clay,long_rains,coastal,0,cotton
120.03,77.44,137.47,6.8,573.38,22.69,63.18,silty,dry,highland,0,tomato
121.77,56.56,44.6,6.8,2017.38,25.42,84.34,silty,long_rains,sub_humid,0,rice
77.62,53.93,71.23,6.1,731.8,27.5,53.69,loamy,dry,coastal,0,mango
18.0,55.0,23.0,6.99,136.83,22.0,56.31,loamy,short_rains,sub_humid,1,pigeon_peas
99.97,51.95,46.2,6.3,729.26,23.12,70.07,silty,short_rains,sub_humid,0,maize
119.3,59.22,45.16,6.3,1719.03,27.94,83.17,silty,long_rains,coastal,1,rice
73.0,57.0,41.0,5.82,272.2,21.45,84.94,silty,long_rains,coastal,1,rice
26.0,9.0,32.0,6.47,144.16,25.95,94.74,sandy,long_rains,coastal,1,coconut
134.9,67.39,102.03,6.1,625.75,16.48,72.17,loamy,short_rains,highland,1,cabbage
65.27,44.88,39.55,7.1,458.05,31.02,44.49,sandy,dry,semi_arid,0,sorghum
70.57,43.32,38.35,5.9,398.7,28.56,43.61,loamy,short_rains,semi_arid,0,sorghum
55.04,33.74,34.23,6.6,325.16,30.58,42.76,sandy,dry,arid,0,millet
109.72,54.53,69.53,6.9,735.04,29.66,51.03,loamy,long_rains,sub_humid,1,cotton
8.0,50.0,21.0,6.22,50.5,28.63,89.11,loamy,transitional,sub_humid,0,mung_bean
134.39,62.85,109.74,6.2,627.73,15.85,68.44,loamy,short_rains,highland,1,cabbage
61.9,44.67,77.94,6.2,821.19,28.28,73.96,sandy,long_rains,coastal,1,cassava
95.0,88.0,52.0,6.24,94.68,28.0,78.9,clay,long_rains,sub_humid,1,banana
19.0,79.0,19.0,6.68,42.9,20.06,67.76,loamy,transitional,semi_arid,0,lentils
123.13,82.1,131.1,5.9,764.62,13.19,68.32,loamy,long_rains,highland,0,potato
37.0,18.0,39.0,6.42,110.23,24.15,94.51,sandy,dry,arid,0,pomegranate
185.76,66.08,144.75,6.0,1480.85,27.36,75.53,loamy,long_rains,sub_humid,0,sugarcane
67.0,60.0,25.0,5.75,109.22,24.92,66.79,loamy,long_rains,sub_humid,1,maize
61.15,40.63,35.09,5.6,371.39,29.92,41.87,sandy,dry,semi_arid,0,millet
105.25,62.28,103.76,6.1,399.35,20.46,58.73,loamy,dry,highland,1,onion
174.6,66.6,168.44,6.4,1423.36,25.05,81.16,loamy,long_rains,sub_humid,0,banana
116.32,48.6,43.23,6.8,1713.09,26.54,85.82,clay,long_rains,sub_humid,1,rice
118.23,60.04,43.67,6.5,1865.57,26.13,86.72,clay,long_rains,coastal,1,rice
69.34,61.87,69.03,6.7,584.25,27.36,46.55,loamy,short_rains,sub_humid,0,sunflower
122.11,49.14,48.14,5.8,1977.61,26.91,84.36,clay,long_rains,sub_humid,1,rice
32.0,11.0,31.0,6.21,134.84,25.07,93.31,sandy,long_rains,coastal,1,coconut
52.15,38.55,34.94,6.4,339.97,30.97,41.18,sandy,dry,arid,0,millet
41.0,74.0,18.0,6.6,73.38,28.76,61.03,clay,short_rains,sub_humid,0,blackgram
71.39,54.17,102.64,6.2,563.49,22.34,65.62,sandy,short_rains,sub_humid,0,sweetpotato
70.67,52.28,109.04,5.9,664.04,24.95,72.58,sandy,long_rains,highland,1,sweetpotato
35.24,68.19,51.83,6.9,591.09,19.4,61.33,silty,long_rains,sub_humid,0,beans
104.85,52.8,52.09,6.4,687.63,21.98,64.56,loamy,long_rains,highland,0,maize
36.0,27.0,26.0,6.25,171.63,26.58,95.79,loamy,long_rains,coastal,0,coconut
85.0,89.0,51.0,6.16,108.55,29.21,84.7,clay,long_rains,sub_humid,0,banana
27.44,61.91,64.9,6.6,638.06,29.04,57.98,sandy,long_rains,sub_humid,0,groundnut
153.64,46.49,85.35,5.9,1588.68,15.68,78.55,loamy,long_rains,highland,0,tea
105.37,86.3,125.92,6.5,554.64,21.92,60.82,silty,dry,highland,1,tomato
109.8,47.77,47.69,6.0,753.72,24.64,66.36,silty,short_rains,sub_humid,0,maize
79.55,43.29,73.45,7.4,816.21,29.34,56.22,sandy,transitional,semi_arid,0,mango
119.38,73.99,104.28,6.2,550.78,16.44,66.56,loamy,long_rains,highland,0,cabbage
33.0,15.0,7.0,7.65,109.76,15.83,91.68,sandy,long_rains,highland,1,orange
79.52,51.7,64.65,6.9,745.29,29.52,52.87,sandy,transitional,semi_arid,0,mango
119.81,53.36,44.89,6.7,1954.09,27.89,87.73,silty,long_rains,coastal,1,rice
71.1,54.28,104.87,5.6,566.63,26.07,72.43,loamy,long_rains,highland,0,sweetpotato
121.84,49.69,43.43,6.8,2075.72,28.91,85.1,clay,long_rains,coastal,1,rice
80.33,49.75,69.01,5.9,807.24,28.96,54.18,sandy,transitional,coastal,0,mango
125.31,84.51,133.64,5.3,785.17,14.78,66.87,silty,long_rains,highland,0,potato
28.78,60.03,42.9,7.9,399.65,19.68,50.43,clay,dry,highland,0,lentils
185.36,65.74,135.39,7.2,1605.77,26.59,73.99,loamy,long_rains,sub_humid,0,sugarcane
22.78,59.41,45.4,7.2,368.83,19.01,44.59,loamy,dry,highland,0,lentils
121.99,55.98,105.17,5.8,1542.41,19.3,75.48,loamy,long_rains,highland,0,coffee
36.45,66.84,64.06,6.8,765.97,28.27,59.62,loamy,long_rains,sub_humid,0,groundnut
24.0,131.0,196.0,5.73,65.34,22.03,83.74,sandy,dry,highland,1,grapes
117.65,80.05,145.01,5.6,684.35,14.46,75.47,silty,long_rains,highland,1,potato
104.55,68.07,115.51,6.4,420.86,20.64,48.37,loamy,dry,semi_arid,1,onion
31.29,69.15,53.09,7.4,497.54,23.91,64.0,loamy,long_rains,highland,0,beans
111.44,80.72,123.09,6.3,564.63,22.13,60.34,loamy,dry,sub_humid,1,tomato
67.76,41.87,74.1,6.9,922.91,26.43,75.41,sandy,long_rains,sub_humid,1,cassava
69.0,67.0,52.0,6.83,82.83,27.72,94.44,loamy,transitional,sub_humid,0,papaya
0.0,65.0,24.0,7.84,53.15,28.5,62.45,clay,dry,highland,1,lentils
74.3,45.92,41.61,7.1,630.44,17.65,55.41,clay,dry,highland,0,wheat
60.43,44.51,81.83,6.1,730.94,25.55,73.49,sandy,long_rains,sub_humid,0,cassava
33.0,57.0,17.0,6.78,57.8,27.9,88.72,loamy,transitional,sub_humid,0,mung_bean
69.7,55.81,97.43,6.1,601.06,23.71,71.28,sandy,short_rains,sub_humid,0,sweetpotato
0.0,17.0,42.0,6.86,109.09,23.2,91.19,sandy,dry,arid,0,pomegranate
57.0,56.0,78.0,8.86,67.95,17.34,18.76,loamy,transitional,highland,1,chickpea
101.0,75.0,50.0,6.24,109.98,26.59,81.41,clay,long_rains,coastal,1,banana
172.62,61.81,175.14,6.4,1592.7,27.47,79.54,clay,long_rains,sub_humid,0,banana
72.11,45.46,73.64,7.0,952.08,30.31,55.68,loamy,dry,semi_arid,0,mango
100.59,62.94,104.64,6.2,479.87,20.46,54.16,sandy,dry,semi_arid,0,onion
37.0,11.0,36.0,6.71,106.92,24.25,85.56,sandy,dry,semi_arid,1,pomegranate
99.58,53.86,48.07,6.9,745.98,24.59,66.34,loamy,long_rains,highland,0,maize
61.85,50.17,106.02,6.8,588.99,24.72,64.44,loamy,short_rains,sub_humid,0,sweetpotato
78.0,58.0,44.0,5.11,284.44,26.8,80.89,silty,long_rains,sub_humid,0,rice
26.0,37.0,30.0,6.17,97.41,35.4,49.46,sandy,transitional,coastal,1,mango
65.84,55.2,93.24,6.4,647.42,24.89,67.18,sandy,long_rains,highland,0,sweetpotato
76.68,62.42,77.04,7.5,511.85,26.31,45.34,sandy,short_rains,semi_arid,1,sunflower
28.35,46.76,46.76,6.7,558.16,19.59,49.86,loamy,transitional,highland,0,chickpea
103.0,17.0,51.0,6.21,44.21,25.11,80.03,loamy,short_rains,semi_arid,1,watermelon
76.4,37.61,38.51,6.0,409.82,29.13,42.04,loamy,short_rains,semi_arid,0,sorghum
78.2,43.59,37.36,6.5,604.38,15.46,50.35,clay,dry,highland,0,wheat
42.23,63.51,59.16,6.5,677.97,28.55,57.16,sandy,long_rains,coastal,0,groundnut
117.42,76.41,101.1,6.3,595.9,15.8,72.37,clay,short_rains,highland,0,cabbage
122.57,68.31,103.46,6.9,569.05,17.53,71.3,loamy,long_rains,highland,0,cabbage
100.92,49.5,49.26,6.0,606.16,24.01,62.48,silty,long_rains,highland,1,maize
21.0,44.0,18.0,7.13,50.47,27.07,86.9,sandy,short_rains,sub_humid,0,mung_bean
116.35,55.65,44.06,6.5,1732.14,27.79,84.75,clay,long_rains,sub_humid,0,rice
120.52,58.86,110.55,6.1,1551.41,20.52,78.26,loamy,long_rains,highland,1,coffee
73.39,41.71,39.09,7.2,610.72,15.72,50.88,loamy,dry,highland,1,wheat
28.88,59.7,43.33,7.6,387.48,19.81,51.5,clay,transitional,highland,1,lentils
86.82,47.79,37.99,6.5,618.99,16.45,51.16,clay,dry,highland,0,wheat
176.34,48.66,141.4,6.5,1639.85,30.68,73.37,clay,long_rains,coastal,1,sugarcane
111.83,61.1,44.07,6.0,1986.15,26.52,87.39,clay,long_rains,sub_humid,1,rice
186.86,50.89,134.14,6.4,1664.75,30.34,72.85,clay,long_rains,coastal,1,sugarcane
76.88,48.17,36.33,7.3,578.1,16.64,54.0,loamy,dry,highland,0,wheat
130.89,53.73,110.42,6.4,1413.6,18.75,78.48,silty,long_rains,highland,0,coffee
23.0,58.0,19.0,5.24,59.19,24.17,58.25,sandy,short_rains,semi_arid,0,moth_beans
117.0,19.0,55.0,6.12,25.16,28.8,91.78,loamy,transitional,sub_humid,0,muskmelon
74.98,50.4,116.26,5.8,573.94,24.66,63.61,sandy,short_rains,sub_humid,1,sweetpotato
32.61,58.54,54.54,7.1,521.08,20.83,56.74,loamy,long_rains,highland,0,beans
42.0,60.0,47.0,6.83,136.83,33.47,92.13,sandy,transitional,coastal,0,papaya
51.81,44.06,83.65,6.8,801.51,27.61,73.98,loamy,long_rains,sub_humid,0,cassava
37.0,55.0,82.0,8.42,78.45,19.46,18.02,sandy,dry,semi_arid,1,chickpea
44.0,57.0,53.0,6.93,74.88,42.3,90.51,sandy,transitional,coastal,0,papaya
186.45,58.99,140.84,5.6,1560.93,26.7,73.45,clay,long_rains,sub_humid,0,sugarcane
122.0,75.03,103.18,7.2,557.84,12.96,68.73,clay,long_rains,highland,0,cabbage
31.72,57.89,50.05,6.3,499.14,20.87,58.54,sandy,transitional,semi_arid,0,chickpea
35.62,59.34,45.21,6.4,563.18,20.1,60.65,loamy,short_rains,sub_humid,0,beans
66.07,41.95,40.52,5.9,420.49,29.09,42.1,sandy,dry,semi_arid,0,sorghum
34.39,62.38,43.87,6.4,551.11,19.15,62.43,silty,short_rains,sub_humid,0,beans
7.0,17.0,10.0,6.47,106.36,10.16,91.22,loamy,transitional,sub_humid,0,orange
101.09,64.73,113.03,6.2,387.09,18.74,51.48,loamy,dry,semi_arid,1,onion
109.0,10.0,53.0,6.55,46.06,26.82,87.83,loamy,dry,sub_humid,0,watermelon
165.16,63.39,185.0,5.5,1487.9,29.79,77.89,loamy,long_rains,sub_humid,1,banana
101.98,56.7,69.47,5.8,707.89,30.25,51.59,loamy,long_rains,coastal,0,cotton
21.8,55.68,44.21,7.7,403.64,21.11,51.84,clay,transitional,highland,0,lentils
56.87,47.43,78.35,5.7,815.26,27.72,75.77,loamy,long_rains,coastal,0,cassava
81.63,43.22,72.31,6.1,884.0,28.28,52.31,sandy,dry,semi_arid,0,mango
72.51,47.19,103.42,5.8,648.66,25.74,69.04,sandy,short_rains,sub_humid,0,sweetpotato
142.1,44.66,81.98,4.6,1973.63,18.4,77.58,loamy,long_rains,highland,0,tea
181.92,65.07,146.08,7.1,1701.86,32.85,76.29,clay,long_rains,sub_humid,1,sugarcane
37.05,59.17,64.88,6.0,688.65,29.03,56.51,loamy,long_rains,coastal,0,groundnut
17.0,136.0,196.0,5.88,103.05,23.87,90.5,silty,transitional,highland,1,apple
23.36,65.12,50.03,7.7,363.88,18.53,46.33,clay,dry,semi_arid,1,lentils
175.4,67.39,170.74,6.8,1367.93,25.07,79.98,clay,long_rains,sub_humid,0,banana
24.78,60.23,46.75,6.5,379.56,17.85,47.14,clay,transitional,semi_arid,1,lentils
56.7,45.54,35.1,6.6,333.63,31.84,35.97,sandy,dry,semi_arid,0,millet
150.81,40.36,92.62,5.4,2054.24,15.09,83.62,silty,long_rains,highland,0,tea
7.0,126.0,203.0,5.66,73.29,16.76,82.0,loamy,dry,semi_arid,0,grapes
68.68,53.39,99.86,5.8,631.25,26.28,65.36,loamy,long_rains,highland,0,sweetpotato
21.0,139.0,201.0,5.98,67.15,19.36,83.36,sandy,dry,semi_arid,1,grapes
100.0,40.0,20.0,7.43,86.85,22.45,76.26,loamy,long_rains,coastal,1,cotton
29.04,58.7,48.38,5.9,497.55,18.11,50.66,sandy,transitional,highland,1,chickpea
92.0,44.0,16.0,6.08,94.76,18.88,65.77,loamy,short_rains,highland,1,maize
100.97,51.61,69.85,6.5,766.68,31.76,57.08,loamy,long_rains,coastal,0,cotton
113.89,78.15,125.97,5.1,721.77,14.47,69.25,silty,transitional,highland,0,potato
32.56,69.29,55.03,7.4,544.59,20.37,63.68,loamy,long_rains,highland,1,beans
5.0,35.0,20.0,9.68,66.36,28.93,53.57,sandy,short_rains,semi_arid,0,moth_beans
83.44,46.97,78.18,6.0,848.01,29.95,63.87,sandy,dry,coastal,0,mango
83.6,49.66,58.11,7.0,851.69,26.47,53.86,loamy,dry,coastal,0,mango
99.06,57.06,47.85,6.8,665.75,24.34,67.34,silty,long_rains,highland,0,maize
113.52,54.63,72.1,5.8,802.2,28.52,49.39,loamy,long_rains,sub_humid,1,cotton
105.94,80.53,125.92,6.5,588.3,22.08,57.31,loamy,transitional,sub_humid,1,tomato
179.87,59.64,191.48,5.9,1390.1,24.75,79.93,clay,long_rains,sub_humid,0,banana
11.0,72.0,20.0,5.95,113.33,19.52,24.93,loamy,short_rains,sub_humid,0,kidney_beans
25.93,64.04,42.1,7.8,366.74,17.49,49.81,loamy,transitional,semi_arid,0,lentils
138.29,56.24,101.56,6.1,1747.5,20.17,70.81,loamy,long_rains,highland,0,coffee
179.58,61.58,145.26,6.0,1667.62,26.98,71.47,clay,long_rains,sub_humid,1,sugarcane
12.0,19.0,31.0,5.57,91.87,27.25,52.66,sandy,dry,coastal,0,mango
68.63,44.29,83.53,6.5,969.31,26.5,78.05,loamy,long_rains,coastal,0,cassava
40.0,58.0,75.0,7.17,89.61,18.59,14.78,sandy,transitional,semi_arid,1,chickpea
99.86,51.67,80.78,6.7,631.81,27.86,48.42,clay,long_rains,sub_humid,1,cotton
69.2,58.18,72.46,7.0,532.78,26.11,45.71,sandy,dry,sub_humid,0,sunflower
31.98,70.02,63.11,6.1,622.77,28.35,59.78,sandy,long_rains,coastal,0,groundnut
74.13,43.94,75.1,5.6,867.63,30.79,49.77,sandy,dry,coastal,0,mango
132.66,61.99,102.68,6.3,1476.29,19.57,76.16,loamy,long_rains,highland,0,coffee
95.97,58.44,104.66,6.5,516.74,19.95,55.86,sandy,dry,highland,1,onion
43.0,68.0,81.0,6.76,78.92,17.48,17.93,loamy,dry,highland,0,chickpea
52.8,37.62,33.62,6.2,323.94,33.36,37.49,sandy,dry,semi_arid,0,millet
70.0,41.01,36.11,5.7,425.66,28.74,43.11,loamy,dry,arid,0,sorghum
27.98,69.41,71.44,5.7,674.6,30.37,62.19,loamy,long_rains,sub_humid,0,groundnut
168.72,57.48,179.85,5.6,1537.13,25.08,79.19,clay,long_rains,sub_humid,0,banana
121.36,80.64,133.24,6.4,699.46,15.12,69.83,silty,long_rains,highland,1,potato
65.38,41.72,38.33,7.3,470.52,26.26,49.22,loamy,short_rains,semi_arid,0,sorghum
68.19,57.05,116.14,6.2,651.01,26.39,70.47,loamy,short_rains,highland,0,sweetpotato
95.28,68.38,108.81,6.5,454.67,22.63,54.25,loamy,dry,semi_arid,1,onion
120.43,73.54,129.27,5.2,687.88,16.5,67.21,silty,transitional,highland,0,potato
126.48,72.25,129.03,6.3,664.03,14.86,73.47,silty,transitional,highland,0,potato
24.0,18.0,6.0,6.29,116.38,26.57,94.45,loamy,long_rains,highland,1,orange
31.0,51.0,25.0,7.2,53.02,27.54,85.57,loamy,transitional,sub_humid,0,mung_bean
118.2,68.35,103.46,6.4,1652.82,19.4,75.89,silty,long_rains,highland,0,coffee
105.0,93.0,46.0,5.76,108.37,25.01,78.76,clay,long_rains,sub_humid,0,banana
33.93,65.12,52.84,6.3,586.0,19.8,67.56,loamy,short_rains,highland,0,beans
67.91,50.84,104.23,6.2,657.46,24.75,63.89,loamy,short_rains,sub_humid,0,sweetpotato
121.56,50.94,44.84,6.7,1589.21,25.99,86.89,silty,long_rains,coastal,0,rice
22.0,72.0,85.0,6.39,88.51,18.87,15.66,sandy,transitional,semi_arid,1,chickpea
107.2,63.03,112.0,7.0,429.77,20.76,49.72,sandy,dry,highland,0,onion
135.51,75.12,143.2,5.9,712.88,15.21,70.23,silty,transitional,highland,1,potato
18.0,57.0,21.0,6.16,49.47,27.38,63.94,clay,transitional,highland,0,lentils
66.29,48.52,45.21,5.5,396.58,29.0,52.26,loamy,short_rains,arid,1,sorghum
26.0,135.0,203.0,5.69,74.54,33.78,81.16,loamy,dry,semi_arid,1,grapes
70.96,43.05,39.19,6.6,468.91,27.41,43.55,loamy,short_rains,arid,0,sorghum
13.0,23.0,6.0,7.37,102.7,23.96,90.26,sandy,transitional,highland,0,orange
26.33,63.27,48.74,6.6,368.85,18.26,47.39,clay,transitional,highland,0,lentils
102.1,63.85,118.91,7.1,454.45,20.06,52.04,sandy,dry,highland,1,onion
94.34,56.77,53.49,6.6,666.77,21.76,67.59,silty,short_rains,highland,0,maize
115.5,50.95,38.64,5.8,1735.92,25.97,80.25,clay,long_rains,coastal,0,rice
57.55,34.94,39.03,6.4,325.54,31.42,41.04,sandy,short_rains,arid,0,millet
31.24,65.38,68.57,5.8,662.35,29.16,56.76,sandy,long_rains,sub_humid,0,groundnut
121.85,75.78,107.53,7.0,605.31,17.18,68.41,loamy,long_rains,highland,0,cabbage
111.77,75.98,140.45,6.8,596.47,23.12,68.59,loamy,dry,highland,1,tomato
28.23,56.25,52.96,6.6,562.15,16.86,57.19,loamy,dry,semi_arid,1,chickpea
92.32,54.51,50.54,6.8,735.21,22.69,67.75,silty,long_rains,highland,1,maize
9.0,48.0,20.0,6.38,56.1,29.66,84.28,loamy,transitional,semi_arid,0,mung_bean
33.0,77.0,21.0,7.01,71.65,30.33,65.63,loamy,short_rains,sub_humid,0,blackgram
120.13,84.97,137.48,5.3,711.79,15.35,67.31,loamy,long_rains,highland,0,potato
62.37,40.74,36.47,5.6,353.4,33.43,40.12,sandy,short_rains,semi_arid,0,millet
81.0,6.0,55.0,6.11,51.71,24.89,85.87,sandy,dry,semi_arid,1,watermelon
106.4,74.87,120.27,6.8,572.03,22.34,61.83,silty,transitional,highland,0,tomato
100.33,63.87,105.63,7.3,492.61,20.13,45.32,loamy,dry,highland,1,onion
33.17,64.93,67.53,6.1,727.4,27.72,56.95,sandy,long_rains,coastal,0,groundnut
75.07,40.83,34.38,5.5,403.97,29.5,51.25,sandy,dry,arid,0,sorghum
185.35,65.62,127.78,6.9,1669.6,29.28,76.33,clay,long_rains,coastal,0,sugarcane
101.86,58.73,49.47,5.8,705.93,22.97,69.27,silty,long_rains,sub_humid,0,maize
34.11,65.87,50.67,6.8,605.08,20.04,62.09,loamy,long_rains,sub_humid,0,beans
71.72,50.49,73.85,6.5,830.87,28.41,49.36,sandy,dry,semi_arid,0,mango
185.84,62.2,183.77,6.3,1672.61,26.94,79.63,loamy,long_rains,sub_humid,0,banana
112.79,56.54,76.64,7.2,706.3,28.53,53.43,loamy,long_rains,coastal,0,cotton
32.0,55.0,52.0,6.97,159.66,37.59,92.0,sandy,long_rains,coastal,1,papaya
118.93,58.61,44.88,5.9,1990.75,28.02,81.82,clay,long_rains,sub_humid,1,rice
11.0,74.0,17.0,6.63,46.64,21.36,69.92,clay,dry,semi_arid,1,lentils
17.0,74.0,17.0,7.39,37.11,26.03,69.56,clay,dry,highland,0,lentils
98.4,65.87,96.76,6.7,438.22,20.24,55.14,sandy,dry,highland,1,onion
64.25,36.18,31.39,6.5,299.77,31.28,38.84,sandy,short_rains,arid,0,millet
111.39,56.86,61.67,6.3,765.64,27.44,55.99,loamy,long_rains,coastal,0,cotton
31.0,70.0,77.0,6.49,90.46,20.89,14.32,loamy,dry,semi_arid,0,chickpea
37.0,144.0,197.0,6.42,66.34,11.19,80.81,sandy,dry,highland,1,grapes
19.0,51.0,25.0,3.53,43.88,26.8,48.24,sandy,short_rains,semi_arid,1,moth_beans
82.0,40.0,40.0,6.27,298.56,23.83,84.81,clay,long_rains,sub_humid,1,rice
20.0,142.0,196.0,6.21,68.69,10.9,80.02,loamy,dry,semi_arid,1,grapes
35.61,71.45,54.25,6.6,511.08,22.09,65.87,silty,short_rains,sub_humid,0,beans
99.31,64.59,100.13,6.5,395.72,21.29,51.58,loamy,dry,highland,1,onion
3.0,9.0,35.0,6.32,225.63,26.92,99.85,sandy,long_rains,coastal,0,coconut
32.39,61.67,45.05,6.9,569.02,21.85,65.38,silty,short_rains,highland,0,beans
54.89,35.64,42.43,6.4,371.76,34.34,40.4,sandy,short_rains,arid,0,millet
31.48,60.4,48.12,7.0,626.23,19.63,47.93,loamy,dry,highland,0,chickpea
105.0,88.0,54.0,6.02,114.2,25.79,84.51,clay,long_rains,coastal,0,banana
30.0,65.0,25.0,7.71,71.51,32.89,64.59,clay,short_rains,coastal,0,blackgram
32.0,137.0,204.0,5.82,117.73,22.86,93.13,loamy,transitional,highland,0,apple
20.0,41.0,20.0,7.07,50.92,29.27,89.49,loamy,transitional,semi_arid,0,mung_bean
125.77,50.09,43.14,5.5,1882.76,27.39,88.88,silty,long_rains,sub_humid,1,rice
125.73,88.18,129.57,6.4,769.49,14.79,71.79,silty,long_rains,highland,1,potato
4.0,59.0,19.0,7.62,40.81,26.25,67.63,clay,transitional,highland,0,lentils
99.28,58.55,52.11,5.9,693.35,23.73,67.19,silty,short_rains,highland,0,maize
64.51,55.61,112.84,5.7,709.93,25.81,70.05,loamy,short_rains,highland,1,sweetpotato
150.99,49.12,77.72,5.9,2082.26,16.94,80.2,loamy,long_rains,highland,0,tea
83.05,38.01,39.32,7.1,571.23,17.78,47.15,clay,dry,highland,0,wheat
117.59,79.9,125.99,6.0,711.61,14.92,69.3,silty,transitional,highland,0,potato
114.32,83.37,134.13,6.8,539.1,24.35,60.95,silty,transitional,sub_humid,1,tomato
61.69,47.73,76.88,6.3,990.97,25.67,72.12,loamy,long_rains,sub_humid,0,cassava
100.27,78.67,133.84,6.8,519.99,24.13,66.17,loamy,transitional,highland,1,tomato
63.26,35.26,40.72,6.0,316.18,32.77,44.6,sandy,dry,arid,0,millet
33.7,62.29,66.83,6.7,749.64,29.24,60.32,sandy,long_rains,sub_humid,0,groundnut
0.0,26.0,31.0,5.55,192.9,25.07,95.02,sandy,long_rains,coastal,0,coconut
54.0,67.0,52.0,6.59,141.34,35.68,93.31,loamy,long_rains,sub_humid,0,papaya
108.98,80.64,115.03,6.4,520.81,23.2,59.72,loamy,dry,highland,1,tomato
82.03,42.87,74.69,5.8,828.99,29.79,56.78,loamy,dry,coastal,0,mango
116.0,56.0,17.0,7.98,85.25,24.71,77.73,loamy,long_rains,sub_humid,1,cotton
17.0,43.0,22.0,5.5,41.06,30.06,45.9,sandy,short_rains,arid,0,moth_beans
185.79,60.01,135.2,6.2,1580.02,30.29,73.59,loamy,long_rains,coastal,1,sugarcane
73.22,56.23,70.35,6.5,609.75,27.07,50.52,loamy,dry,semi_arid,0,sunflower
98.44,54.69,69.27,6.0,792.33,28.78,52.58,clay,long_rains,sub_humid,0,cotton
25.0,65.0,21.0,6.88,69.24,33.86,68.59,clay,short_rains,sub_humid,0,blackgram
54.76,39.88,32.48,6.3,295.33,34.62,40.16,sandy,dry,arid,0,millet
66.74,35.38,76.96,5.8,927.15,24.33,70.45,loamy,long_rains,coastal,0,cassava
125.78,82.36,122.47,5.1,753.57,12.68,67.56,loamy,long_rains,highland,0,potato
28.2,67.43,52.83,6.8,527.97,19.25,59.92,silty,short_rains,sub_humid,0,beans
38.24,62.23,52.65,6.6,615.83,21.25,65.24,loamy,long_rains,sub_humid,0,beans
40.0,140.0,195.0,6.29,71.63,14.98,80.5,loamy,dry,highland,1,grapes
122.64,80.73,130.29,6.4,639.1,14.56,72.93,silty,transitional,highland,1,potato
176.9,64.0,182.69,6.8,1606.59,28.0,76.44,loamy,long_rains,coastal,1,banana
76.72,48.92,63.27,6.4,809.68,30.27,53.8,loamy,dry,coastal,1,mango
34.0,73.0,15.0,7.63,53.1,20.97,63.83,loamy,transitional,semi_arid,1,lentils
34.0,56.0,17.0,4.55,139.67,33.41,35.43,loamy,long_rains,sub_humid,1,pigeon_peas
185.83,58.73,154.43,6.6,1577.12,30.94,74.27,clay,long_rains,coastal,1,sugarcane
175.87,64.57,182.81,6.7,1480.02,28.11,79.68,loamy,long_rains,sub_humid,0,banana
119.87,83.35,130.82,5.1,688.16,14.22,70.82,silty,transitional,highland,1,potato
70.67,58.84,105.07,5.6,670.47,28.76,61.34,loamy,short_rains,highland,0,sweetpotato
36.0,133.0,198.0,6.23,69.17,25.52,83.98,loamy,dry,semi_arid,0,grapes
103.17,78.19,118.41,6.0,518.64,22.05,60.84,silty,transitional,sub_humid,0,tomato
70.59,47.94,82.8,7.0,787.77,26.82,65.92,sandy,long_rains,coastal,0,cassava
176.64,57.65,184.62,6.8,1667.24,29.45,77.34,loamy,long_rains,sub_humid,0,banana
125.15,59.02,50.68,6.4,1849.36,26.17,83.19,clay,long_rains,coastal,1,rice
92.0,81.0,52.0,5.89,103.7,28.01,76.53,clay,long_rains,sub_humid,0,banana
111.0,29.0,31.0,6.14,161.34,26.06,52.31,silty,long_rains,highland,0,coffee
121.36,71.43,105.9,6.4,616.46,19.42,65.26,loamy,short_rains,highland,1,cabbage
126.32,73.03,96.59,6.2,606.29,15.2,64.01,clay,long_rains,highland,1,cabbage
27.72,56.86,50.38,6.3,612.27,22.06,53.34,loamy,transitional,highland,1,chickpea
38.0,61.0,52.0,6.62,46.44,31.23,94.94,sandy,long_rains,sub_humid,1,papaya
98.43,52.2,47.39,6.0,732.79,24.48,70.09,silty,short_rains,highland,1,maize
97.68,64.15,96.46,6.5,515.64,23.59,51.18,loamy,dry,highland,1,onion
22.0,43.0,24.0,4.52,46.19,25.43,53.22,sandy,dry,arid,0,moth_beans
119.93,57.82,101.17,6.3,1548.58,18.04,73.32,silty,long_rains,highland,0,coffee
76.0,51.0,18.0,6.25,79.85,26.17,71.96,silty,long_rains,sub_humid,0,maize
172.9,65.68,179.37,6.1,1497.77,26.33,73.41,clay,long_rains,coastal,0,banana
38.0,19.0,31.0,5.86,90.65,34.74,49.09,loamy,dry,semi_arid,0,mango
75.71,46.59,38.57,6.1,423.92,30.08,46.01,sandy,short_rains,arid,1,sorghum
123.96,50.84,44.8,6.8,2272.81,27.26,87.19,silty,long_rains,coastal,1,rice
108.49,50.94,63.08,6.8,787.35,30.78,50.59,loamy,long_rains,coastal,0,cotton
2.0,61.0,20.0,5.96,76.64,22.14,23.02,loamy,long_rains,highland,0,kidney_beans
104.56,58.95,49.0,5.9,699.18,21.16,60.88,silty,long_rains,highland,0,maize
6.0,125.0,204.0,5.73,69.92,27.92,82.93,loamy,dry,semi_arid,1,grapes
61.0,52.0,41.0,6.88,204.8,24.98,83.89,silty,long_rains,sub_humid,1,rice
56.94,34.58,36.48,6.3,318.08,30.85,38.23,sandy,short_rains,semi_arid,0,millet
50.07,39.85,35.25,6.9,371.24,31.32,40.78,sandy,dry,arid,0,millet
141.69,43.65,79.47,4.8,1834.67,16.01,73.16,silty,long_rains,highland,0,tea
3.0,63.0,16.0,6.87,53.14,24.38,61.18,clay,dry,highland,0,lentils
100.67,53.5,51.58,6.7,716.05,20.73,69.17,loamy,short_rains,sub_humid,0,maize
118.0,12.0,47.0,6.01,28.95,27.97,92.17,sandy,transitional,semi_arid,0,muskmelon
81.21,46.57,39.28,6.2,551.13,17.49,53.08,loamy,dry,highland,1,wheat
46.0,76.0,77.0,6.97,83.75,18.24,19.69,sandy,dry,semi_arid,1,chickpea
81.0,45.0,35.0,6.16,218.92,26.53,80.12,clay,long_rains,coastal,1,rice
63.89,38.7,43.53,6.6,453.51,25.44,42.8,sandy,short_rains,semi_arid,0,sorghum
128.99,69.21,101.13,6.3,556.22,16.17,72.44,clay,long_rains,highland,1,cabbage
61.21,53.61,84.36,6.0,809.14,27.78,71.74,loamy,long_rains,sub_humid,1,cassava
125.03,52.92,43.58,6.4,1719.19,26.62,83.87,clay,long_rains,coastal,1,rice
61.55,47.93,87.44,5.7,783.5,28.6,67.37,loamy,long_rains,sub_humid,0,cassava
70.9,57.77,64.46,7.0,574.3,25.48,45.28,loamy,dry,sub_humid,0,sunflower
54.53,36.4,36.0,6.7,333.73,34.31,38.78,sandy,short_rains,arid,0,millet
105.0,95.0,50.0,5.85,101.05,27.33,83.68,clay,long_rains,coastal,0,banana
179.24,61.15,123.41,6.6,1592.42,29.1,76.94,loamy,long_rains,sub_humid,0,sugarcane
66.98,50.56,112.59,5.5,547.1,28.08,65.44,loamy,long_rains,highland,0,sweetpotato
97.28,64.88,105.13,7.1,420.94,21.42,56.09,sandy,dry,semi_arid,0,onion
165.42,57.87,175.18,6.2,1653.11,26.31,76.01,loamy,long_rains,coastal,0,banana
103.14,52.35,51.15,6.7,707.46,22.58,71.64,loamy,short_rains,sub_humid,0,maize
82.2,45.32,74.32,6.4,958.79,32.24,51.26,sandy,transitional,semi_arid,0,mango
11.0,143.0,197.0,5.88,122.2,22.98,93.32,loamy,transitional,highland,1,apple
74.51,38.11,39.4,7.1,462.32,32.12,52.31,loamy,dry,semi_arid,0,sorghum
61.62,37.6,35.89,6.7,324.11,32.99,37.54,sandy,short_rains,semi_arid,0,millet
16.0,56.0,17.0,7.45,176.62,33.8,40.03,loamy,short_rains,sub_humid,0,pigeon_peas
123.68,73.07,123.33,5.9,724.31,14.75,71.42,silty,transitional,highland,0,potato
122.15,70.62,107.62,7.0,624.18,16.88,63.06,loamy,short_rains,highland,0,cabbage
178.03,62.41,145.07,6.9,1427.11,28.4,69.14,clay,long_rains,coastal,1,sugarcane
27.25,53.09,42.87,7.7,396.71,19.12,47.9,clay,dry,highland,0,lentils
109.12,82.1,136.55,7.0,564.61,24.33,56.56,silty,dry,highland,1,tomato
63.48,39.96,38.23,6.3,365.29,31.93,44.2,sandy,dry,semi_arid,0,millet
71.59,41.34,37.2,5.7,440.33,31.4,43.12,loamy,short_rains,semi_arid,0,sorghum
27.05,67.12,58.01,7.2,519.36,20.18,60.13,silty,long_rains,highland,0,beans
37.65,61.03,51.44,7.1,515.18,21.43,61.96,silty,short_rains,sub_humid,0,beans
128.23,87.89,129.42,5.9,799.97,14.82,66.42,loamy,transitional,highland,0,potato
4.0,36.0,22.0,7.01,43.8,27.61,86.13,loamy,short_rains,sub_humid,0,mung_bean
10.0,71.0,18.0,6.15,173.11,19.54,66.35,sandy,short_rains,semi_arid,0,pigeon_peas
127.37,53.71,43.14,5.8,1681.52,25.78,84.62,silty,long_rains,coastal,0,rice
20.0,40.0,15.0,7.2,45.04,29.57,88.08,sandy,transitional,sub_humid,0,mung_bean
58.0,71.0,15.0,6.92,74.01,27.83,67.59,clay,transitional,coastal,0,blackgram
92.24,56.0,53.53,6.0,677.6,22.59,63.3,silty,long_rains,highland,0,maize
44.0,76.0,22.0,7.78,68.92,27.26,68.01,loamy,short_rains,coastal,1,blackgram
98.01,62.55,51.6,6.4,645.58,20.65,70.52,loamy,long_rains,highland,0,maize
25.87,66.08,48.84,6.1,355.49,20.48,47.39,clay,transitional,highland,1,lentils
121.98,76.42,116.83,6.4,598.28,15.16,66.96,clay,long_rains,highland,1,cabbage
32.18,63.56,57.33,6.5,595.22,21.21,67.69,silty,short_rains,highland,0,beans
109.1,52.37,68.06,6.8,725.18,26.83,49.5,clay,long_rains,coastal,1,cotton
22.0,51.0,16.0,8.64,70.1,27.97,61.35,sandy,dry,arid,0,moth_beans
71.42,44.17,105.84,6.8,607.6,24.74,62.75,sandy,short_rains,sub_humid,0,sweetpotato
93.0,85.0,49.0,5.69,119.48,27.97,79.29,loamy,long_rains,coastal,1,banana
103.0,42.0,17.0,6.53,81.06,24.29,84.62,clay,long_rains,coastal,0,cotton
9.0,10.0,10.0,6.01,101.52,22.36,93.52,sandy,long_rains,highland,1,orange
177.42,54.57,150.99,6.5,1516.28,26.84,77.41,clay,long_rains,sub_humid,0,sugarcane
61.0,68.0,50.0,6.79,243.07,35.21,91.5,sandy,long_rains,sub_humid,1,papaya
159.42,71.63,187.54,6.7,1578.89,25.39,77.34,clay,long_rains,sub_humid,1,banana
77.83,42.05,41.3,6.1,581.9,18.82,50.57,loamy,dry,highland,0,wheat
82.0,43.0,38.0,5.11,242.32,23.29,81.43,clay,long_rains,coastal,1,rice
95.32,58.09,49.72,6.5,766.17,23.1,66.99,loamy,short_rains,sub_humid,0,maize
119.18,65.41,104.33,7.5,536.6,15.54,67.43,loamy,short_rains,highland,1,cabbage
26.04,54.28,47.07,7.6,353.24,18.97,46.52,clay,transitional,highland,1,lentils
89.0,83.0,47.0,5.63,109.54,28.1,77.8,loamy,long_rains,sub_humid,0,banana
102.77,54.15,66.53,6.4,791.41,26.89,52.07,clay,long_rains,coastal,0,cotton
57.54,35.86,31.38,6.1,316.39,31.92,42.92,sandy,short_rains,arid,0,millet
74.6,47.41,42.15,7.0,620.43,16.63,53.51,clay,dry,highland,0,wheat
32.11,62.24,57.1,7.2,551.42,21.2,61.85,silty,long_rains,sub_humid,0,beans
24.0,130.0,195.0,6.11,67.13,30.0,81.54,sandy,dry,highland,1,grapes
91.0,25.0,26.0,7.48,180.51,24.53,67.0,loamy,long_rains,highland,0,coffee
31.0,53.0,16.0,6.45,48.55,28.74,85.82,loamy,transitional,sub_humid,1,mung_bean
77.66,46.76,40.17,6.8,587.15,16.64,57.05,clay,dry,highland,1,wheat
38.0,38.0,18.0,6.29,35.73,26.31,61.19,sandy,dry,semi_arid,0,moth_beans
32.0,12.0,30.0,5.58,218.08,25.39,98.09,loamy,long_rains,coastal,0,coconut
98.0,8.0,51.0,6.26,49.43,26.18,86.52,loamy,short_rains,semi_arid,1,watermelon
36.44,65.35,45.26,6.4,474.87,21.75,59.98,silty,long_rains,highland,1,beans
58.69,41.94,40.77,7.1,476.44,30.17,41.03,sandy,short_rains,semi_arid,0,sorghum
104.0,18.0,30.0,6.78,140.94,23.6,60.4,silty,long_rains,highland,0,coffee
34.01,62.82,55.26,6.7,555.19,20.06,61.17,loamy,short_rains,sub_humid,0,beans
107.16,53.37,44.01,6.2,1821.98,28.67,89.99,clay,long_rains,coastal,1,rice
63.32,40.93,41.66,7.3,459.07,31.17,44.81,loamy,dry,arid,1,sorghum
18.0,14.0,11.0,6.55,117.13,28.05,90.01,loamy,long_rains,sub_humid,1,orange
34.0,80.0,19.0,6.52,71.48,31.49,63.06,loamy,transitional,coastal,1,blackgram
105.68,70.8,129.43,6.1,566.05,21.44,63.67,silty,transitional,sub_humid,1,tomato
69.26,43.7,38.29,6.2,433.68,30.38,53.78,loamy,dry,arid,0,sorghum
102.74,51.11,44.79,6.8,700.77,23.04,72.96,loamy,short_rains,highland,1,maize
90.0,57.0,24.0,6.16,82.34,18.93,72.8,loamy,short_rains,sub_humid,1,maize
37.0,36.0,27.0,5.91,90.4,27.55,47.91,sandy,transitional,coastal,0,mango
128.07,50.26,42.51,6.6,1813.51,28.79,86.64,clay,long_rains,coastal,1,rice
67.49,41.39,40.68,5.6,495.13,30.18,42.0,loamy,dry,semi_arid,0,sorghum
38.0,60.0,20.0,7.49,46.8,29.85,60.64,clay,dry,semi_arid,0,lentils
80.57,59.45,105.62,6.4,519.79,26.05,62.76,loamy,long_rains,sub_humid,0,sweetpotato
51.48,37.54,33.73,6.8,280.8,29.94,35.78,sandy,dry,arid,1,millet
27.75,62.7,44.49,6.4,412.66,18.6,46.66,loamy,dry,semi_arid,0,lentils
112.0,39.0,29.0,6.73,147.8,26.12,63.37,silty,long_rains,highland,0,coffee
117.75,57.01,47.83,5.6,1946.2,28.22,88.6,silty,long_rains,sub_humid,1,rice
20.0,45.0,22.0,6.9,54.96,29.59,89.99,sandy,transitional,semi_arid,0,mung_bean
132.3,77.84,137.47,5.6,714.56,14.75,69.83,loamy,long_rains,highland,0,potato
76.31,44.72,70.07,6.3,843.79,31.11,56.44,sandy,transitional,coastal,0,mango
181.4,58.32,193.91,6.2,1458.4,26.8,80.31,clay,long_rains,coastal,0,banana
102.0,80.72,133.08,6.2,521.6,20.21,62.56,loamy,transitional,highland,1,tomato
77.0,57.0,21.0,6.55,79.74,24.93,73.8,loamy,long_rains,highland,1,maize
52.0,51.0,53.0,6.99,210.27,38.38,93.1,loamy,transitional,coastal,0,papaya
107.09,76.71,130.86,6.6,544.88,21.37,68.06,silty,transitional,highland,0,tomato
118.92,50.24,46.65,6.9,1845.2,26.73,87.73,clay,long_rains,sub_humid,1,rice
69.91,55.74,101.36,5.9,622.54,25.69,70.09,loamy,long_rains,highland,0,sweetpotato
84.55,43.91,67.15,6.7,969.66,27.58,58.47,sandy,dry,semi_arid,0,mango
148.46,45.35,76.65,4.7,1816.88,18.86,76.56,loamy,long_rains,highland,0,tea
60.0,46.0,22.0,6.63,87.93,24.89,65.61,silty,long_rains,highland,1,maize
35.27,66.98,52.91,6.5,581.66,20.79,63.92,loamy,short_rains,highland,0,beans
61.6,41.52,35.96,5.9,307.1,32.89,41.22,sandy,short_rains,arid,0,millet
36.65,58.8,57.12,6.7,488.54,22.82,66.87,silty,long_rains,sub_humid,0,beans
93.0,58.0,38.0,6.93,279.55,20.62,83.77,clay,long_rains,coastal,1,rice
65.07,40.83,80.5,5.6,936.98,28.78,74.1,sandy,long_rains,sub_humid,0,cassava
71.66,41.18,36.93,5.5,571.6,29.26,38.84,loamy,dry,arid,0,sorghum
31.31,56.95,49.68,6.5,526.66,19.12,52.76,loamy,transitional,semi_arid,0,chickpea
36.52,61.64,61.0,6.9,669.88,27.43,57.44,loamy,long_rains,coastal,0,groundnut
34.7,67.86,53.38,7.0,571.29,20.74,60.85,loamy,short_rains,sub_humid,0,beans
31.0,40.0,22.0,6.37,53.35,29.41,86.16,sandy,transitional,sub_humid,0,mung_bean
30.01,64.18,46.9,6.1,399.48,17.47,45.62,loamy,dry,highland,1,lentils
49.0,76.0,18.0,7.39,60.47,27.05,67.7,clay,transitional,sub_humid,0,blackgram
27.0,145.0,205.0,5.8,66.03,9.47,82.29,sandy,dry,highland,1,grapes
27.05,54.23,45.74,6.2,577.22,20.79,55.84,loamy,dry,highland,1,chickpea
110.52,55.33,76.33,6.8,689.38,28.46,56.45,loamy,long_rains,sub_humid,1,cotton
103.24,66.77,115.16,6.5,450.37,21.03,52.1,sandy,dry,highland,0,onion
23.0,37.0,24.0,7.99,33.96,28.78,44.23,sandy,short_rains,semi_arid,0,moth_beans
23.0,7.0,34.0,5.85,134.13,26.11,91.52,loamy,long_rains,coastal,1,coconut
92.53,65.06,100.8,6.6,478.95,21.55,51.73,sandy,dry,highland,1,onion
38.0,51.0,52.0,6.93,78.85,32.66,90.79,sandy,transitional,coastal,0,papaya
83.0,22.0,54.0,6.28,54.5,25.9,81.97,loamy,dry,semi_arid,0,watermelon
114.11,61.96,48.15,6.5,1680.62,27.72,87.27,clay,long_rains,sub_humid,0,rice
22.03,55.7,43.04,6.9,438.35,20.93,43.99,loamy,dry,highland,0,lentils
26.0,64.0,22.0,5.17,109.18,25.95,40.58,sandy,long_rains,semi_arid,0,pigeon_peas
97.75,57.63,102.42,6.2,416.1,22.6,49.21,loamy,dry,semi_arid,1,onion
26.0,54.0,17.0,6.27,49.49,28.55,88.96,loamy,short_rains,sub_humid,1,mung_bean
185.75,65.18,182.72,6.2,1346.48,26.33,84.87,clay,long_rains,coastal,0,banana
36.0,55.0,20.0,6.64,55.3,27.01,84.34,loamy,short_rains,sub_humid,0,mung_bean
122.0,59.0,18.0,6.22,79.81,23.5,83.63,clay,long_rains,coastal,0,cotton
35.41,70.4,59.43,6.2,636.18,30.45,56.02,loamy,long_rains,sub_humid,0,groundnut
97.4,78.38,139.55,6.0,547.2,23.21,61.35,loamy,transitional,sub_humid,0,tomato
67.55,52.29,74.34,7.4,552.43,23.32,48.77,sandy,short_rains,sub_humid,0,sunflower
128.56,47.97,46.59,5.9,1934.71,29.9,86.52,clay,long_rains,sub_humid,1,rice
98.97,52.89,50.99,6.1,625.34,23.18,68.69,silty,short_rains,sub_humid,0,maize
22.0,38.0,31.0,5.82,98.57,31.53,53.06,sandy,transitional,semi_arid,0,mango
57.0,57.0,75.0,7.79,87.27,17.09,18.25,sandy,transitional,highland,0,chickpea
169.62,63.23,152.96,6.4,1567.89,32.11,68.48,loamy,long_rains,sub_humid,0,sugarcane
101.0,17.0,55.0,6.45,44.64,24.37,87.13,sandy,short_rains,semi_arid,0,watermelon
26.77,60.23,45.68,6.7,385.82,19.82,41.5,clay,dry,semi_arid,0,lentils
13.0,144.0,197.0,6.28,105.69,22.92,94.9,silty,dry,highland,1,apple
33.81,64.32,45.6,6.2,552.39,19.43,65.65,silty,long_rains,highland,0,beans
69.35,42.48,42.9,7.1,465.39,27.44,44.85,loamy,short_rains,arid,1,sorghum
109.86,80.76,136.12,6.0,536.92,22.38,62.06,loamy,dry,sub_humid,1,tomato
94.29,55.53,52.29,7.0,662.76,23.14,69.44,loamy,short_rains,sub_humid,0,maize
73.11,52.98,118.5,6.1,628.37,25.91,69.68,loamy,long_rains,highland,0,sweetpotato
125.32,61.07,115.06,6.1,1581.19,18.34,71.92,silty,long_rains,highland,0,coffee
59.05,40.52,87.13,5.7,866.98,24.88,71.39,sandy,long_rains,sub_humid,0,cassava
9.0,25.0,41.0,5.97,109.29,24.82,91.91,loamy,dry,arid,0,pomegranate
34.68,56.23,52.21,6.7,636.12,19.44,57.8,sandy,dry,semi_arid,0,chickpea
100.09,59.39,49.46,6.0,691.59,24.58,69.34,silty,long_rains,sub_humid,1,maize
35.62,53.39,49.74,5.6,582.57,20.47,51.79,loamy,transitional,semi_arid,1,chickpea
57.77,36.27,71.92,6.8,884.88,26.93,76.64,sandy,long_rains,sub_humid,0,cassava
72.43,44.64,38.57,5.7,474.32,29.27,43.74,loamy,short_rains,arid,0,sorghum
102.96,49.21,67.8,7.1,795.88,28.33,52.4,loamy,long_rains,sub_humid,1,cotton
69.0,46.0,41.0,5.01,263.11,23.64,80.29,silty,long_rains,sub_humid,0,rice
98.36,74.9,101.85,6.7,406.91,19.37,52.43,loamy,dry,semi_arid,1,onion
56.74,34.09,34.58,7.0,246.83,30.62,48.68,sandy,short_rains,arid,0,millet
36.0,144.0,196.0,6.5,115.36,23.65,94.51,loamy,transitional,highland,1,apple
36.07,66.23,63.09,6.3,728.69,27.47,60.18,sandy,long_rains,coastal,0,groundnut
28.61,50.6,47.5,7.0,551.15,19.73,54.99,loamy,dry,semi_arid,0,chickpea
104.07,55.87,69.72,6.7,704.65,27.59,50.94,clay,long_rains,coastal,0,cotton
8.0,120.0,201.0,6.32,122.23,21.19,91.13,silty,transitional,highland,1,apple
63.05,37.46,33.96,6.7,342.04,29.22,37.88,sandy,short_rains,arid,0,millet
99.0,36.0,20.0,6.67,78.35,20.58,65.35,loamy,short_rains,highland,0,maize
69.64,59.61,67.16,7.0,621.66,23.85,48.94,sandy,dry,semi_arid,0,sunflower
107.0,38.0,29.0,6.35,145.11,26.65,57.57,loamy,long_rains,highland,0,coffee
121.75,50.14,43.85,6.0,2035.52,26.77,83.33,clay,long_rains,sub_humid,0,rice
59.77,45.79,87.21,6.0,1019.74,26.99,73.37,loamy,long_rains,sub_humid,0,cassava
59.19,41.37,78.71,6.0,1008.7,26.78,75.63,sandy,long_rains,coastal,0,cassava
73.37,57.09,64.83,7.0,559.13,27.21,52.66,sandy,short_rains,sub_humid,0,sunflower
159.12,48.84,87.06,4.5,2257.92,17.4,78.22,silty,long_rains,highland,0,tea
59.39,34.81,39.1,7.0,253.67,32.6,45.47,sandy,short_rains,semi_arid,0,millet
23.0,75.0,17.0,7.2,48.28,24.87,64.0,loamy,dry,semi_arid,1,lentils
107.02,46.46,51.22,6.1,752.42,22.23,66.97,loamy,long_rains,highland,1,maize
67.7,36.82,40.7,6.8,457.9,28.84,46.52,sandy,short_rains,arid,0,sorghum
160.14,46.98,87.51,5.4,1795.61,18.03,77.24,silty,long_rains,highland,0,tea
182.5,60.77,139.03,5.8,1494.05,29.0,69.39,loamy,long_rains,sub_humid,0,sugarcane
20.0,69.0,15.0,5.93,107.41,23.44,22.77,silty,long_rains,highland,1,kidney_beans
104.0,25.0,51.0,6.47,23.56,28.96,93.88,loamy,dry,sub_humid,1,muskmelon
69.25,51.94,94.95,6.8,668.58,24.1,70.84,sandy,short_rains,highland,0,sweetpotato
68.0,69.0,52.0,6.81,52.95,25.65,92.75,sandy,transitional,coastal,0,papaya
103.87,65.6,112.93,7.0,516.47,20.95,50.25,loamy,dry,highland,1,onion
64.2,53.08,103.36,6.6,583.99,25.75,65.96,sandy,short_rains,sub_humid,0,sweetpotato
22.0,11.0,29.0,5.96,218.01,28.03,95.02,loamy,long_rains,coastal,0,coconut
59.99,46.01,83.49,5.7,878.27,27.07,74.62,sandy,long_rains,coastal,0,cassava
16.0,65.0,19.0,7.04,42.72,27.61,69.3,clay,transitional,semi_arid,1,lentils
28.0,23.0,28.0,5.68,96.09,30.02,50.1,sandy,transitional,semi_arid,0,mango
77.0,52.0,17.0,5.71,75.82,24.86,65.74,loamy,long_rains,sub_humid,0,maize
35.75,65.28,66.76,5.6,712.26,27.76,60.0,loamy,long_rains,sub_humid,0,groundnut
31.0,58.0,15.0,7.12,51.53,27.11,84.97,loamy,transitional,semi_arid,0,mung_bean
116.0,38.0,34.0,6.02,183.47,23.29,50.05,loamy,long_rains,highland,0,coffee
121.85,61.3,47.6,5.6,2021.87,26.29,87.11,clay,long_rains,sub_humid,1,rice
70.95,40.37,39.49,7.2,495.33,28.47,45.79,loamy,short_rains,semi_arid,0,sorghum
27.4,64.63,53.77,7.3,506.0,20.38,58.13,loamy,long_rains,sub_humid,1,beans
93.0,91.0,47.0,6.1,117.29,27.85,83.31,loamy,long_rains,coastal,0,banana
30.02,57.5,47.79,6.6,541.93,17.96,54.63,loamy,dry,semi_arid,0,chickpea
13.0,60.0,25.0,5.69,128.26,17.14,20.6,loamy,long_rains,highland,0,kidney_beans
102.0,11.0,45.0,6.36,24.16,29.03,93.13,sandy,transitional,semi_arid,0,muskmelon
53.0,73.0,77.0,7.33,73.64,19.71,18.1,sandy,transitional,semi_arid,0,chickpea
111.0,27.0,31.0,6.04,191.4,23.59,55.28,loamy,long_rains,highland,0,coffee
115.9,78.91,130.81,6.4,583.02,23.4,60.66,silty,dry,highland,1,tomato
31.0,60.36,57.49,7.1,524.7,20.73,59.85,silty,long_rains,highland,0,beans
111.68,80.35,128.76,6.8,515.25,24.25,68.48,loamy,dry,sub_humid,0,tomato
37.0,18.0,30.0,6.38,157.92,27.64,99.35,sandy,long_rains,coastal,0,coconut
8.0,120.0,196.0,6.05,69.82,24.07,82.66,loamy,dry,highland,1,grapes
120.16,61.5,48.58,5.7,1950.14,27.0,92.18,clay,long_rains,sub_humid,1,rice
32.64,63.53,55.78,7.5,581.65,19.63,54.87,loamy,long_rains,sub_humid,0,beans
127.92,59.65,45.44,6.9,1649.45,25.81,83.96,silty,long_rains,sub_humid,1,rice
27.48,61.55,44.93,7.6,401.79,16.92,49.52,loamy,dry,semi_arid,0,lentils
118.0,18.0,32.0,6.35,122.84,27.65,51.11,loamy,long_rains,highland,0,coffee
100.94,88.79,127.48,6.2,558.14,23.11,60.53,loamy,dry,sub_humid,1,tomato
95.73,51.51,54.98,6.9,781.8,24.05,66.93,silty,short_rains,highland,1,maize
102.8,53.06,52.27,6.3,724.08,21.57,64.52,silty,long_rains,highland,0,maize
30.05,60.81,40.98,6.5,389.68,17.41,51.47,loamy,dry,highland,1,lentils
133.06,43.26,80.47,5.8,1981.55,17.23,80.37,loamy,long_rains,highland,0,tea
81.33,41.08,41.64,7.3,591.1,16.29,52.85,loamy,dry,highland,1,wheat
65.0,37.0,40.0,5.33,188.41,23.36,83.6,silty,long_rains,sub_humid,0,rice
123.95,56.44,43.31,5.9,1850.28,29.27,83.61,silty,long_rains,coastal,1,rice
50.0,64.0,25.0,6.73,70.25,28.84,63.37,loamy,short_rains,coastal,0,blackgram
71.62,54.82,64.21,7.3,560.56,24.26,49.34,loamy,dry,semi_arid,0,sunflower
27.0,74.0,20.0,5.86,91.96,24.69,59.97,loamy,long_rains,sub_humid,0,pigeon_peas
34.26,63.07,54.88,6.3,507.56,21.09,63.33,loamy,short_rains,highland,1,beans
97.69,49.02,49.24,6.6,679.42,25.44,65.53,loamy,long_rains,sub_humid,0,maize
64.3,55.95,103.03,6.5,670.96,25.6,69.19,sandy,short_rains,sub_humid,0,sweetpotato
22.0,17.0,26.0,4.75,99.64,28.7,47.72,sandy,transitional,coastal,0,mango
120.0,8.0,46.0,6.73,28.37,29.56,90.71,loamy,transitional,semi_arid,0,muskmelon
102.77,61.93,109.83,7.0,495.9,20.94,53.6,sandy,dry,highland,1,onion
81.57,46.54,39.03,6.7,556.63,19.88,50.7,loamy,dry,highland,0,wheat
33.0,73.0,23.0,5.99,103.33,29.24,59.39,sandy,short_rains,semi_arid,0,pigeon_peas
69.55,53.3,73.73,7.5,627.05,25.77,47.26,sandy,short_rains,sub_humid,0,sunflower
4.0,18.0,37.0,7.13,106.28,22.92,85.41,sandy,transitional,arid,0,pomegranate
25.93,58.43,44.64,6.0,530.08,22.6,49.21,sandy,dry,semi_arid,1,chickpea
89.0,28.0,33.0,6.99,175.37,26.44,53.84,silty,long_rains,highland,1,coffee
28.45,60.01,45.02,6.8,353.0,20.67,47.73,loamy,dry,semi_arid,1,lentils
69.76,44.03,73.16,5.8,734.49,30.67,65.2,loamy,transitional,semi_arid,0,mango
30.0,37.0,25.0,7.12,54.8,29.89,80.14,sandy,short_rains,sub_humid,1,mung_bean
25.0,78.0,76.0,7.23,66.97,17.48,15.76,sandy,transitional,semi_arid,1,chickpea
123.0,44.0,21.0,7.64,91.4,25.79,75.01,loamy,long_rains,sub_humid,0,cotton
100.84,51.08,52.58,6.7,666.12,22.37,67.63,silty,short_rains,sub_humid,0,maize
124.42,80.05,132.18,5.2,807.31,13.97,72.62,silty,long_rains,highland,0,potato
123.58,70.46,105.51,6.3,611.27,17.28,65.72,loamy,short_rains,highland,0,cabbage
98.43,67.73,105.14,6.3,480.22,22.37,57.89,sandy,dry,semi_arid,1,onion
61.47,40.06,35.19,6.7,295.26,30.31,39.35,sandy,dry,arid,0,millet
64.81,38.06,36.36,5.5,345.0,30.86,45.22,sandy,short_rains,semi_arid,0,millet
101.8,48.59,70.45,5.9,732.84,26.86,58.28,loamy,long_rains,coastal,0,cotton
131.35,52.1,44.12,6.1,1631.72,28.4,85.37,silty,long_rains,sub_humid,1,rice
71.52,58.81,100.21,6.1,582.38,26.16,69.33,sandy,long_rains,highland,0,sweetpotato
44.0,63.0,15.0,7.34,63.47,26.42,64.51,clay,short_rains,coastal,0,blackgram
84.35,43.92,38.05,7.1,572.17,17.32,51.57,clay,dry,highland,0,wheat
33.12,59.79,54.74,7.5,600.43,19.91,68.92,loamy,short_rains,sub_humid,0,beans
196.47,53.28,124.33,6.2,1622.34,28.48,68.76,clay,long_rains,coastal,0,sugarcane
98.95,89.87,131.12,6.8,511.76,22.66,60.26,silty,transitional,highland,0,tomato
87.0,21.0,52.0,6.07,27.21,27.35,94.29,sandy,transitional,sub_humid,1,muskmelon
57.49,44.32,87.59,6.1,891.98,25.99,74.45,loamy,long_rains,coastal,1,cassava
131.54,81.47,125.94,6.2,720.35,14.57,73.6,loamy,transitional,highland,0,potato
32.05,52.64,42.66,6.9,577.24,19.21,54.8,sandy,transitional,highland,0,chickpea
129.53,61.38,104.22,6.0,1667.6,20.16,74.36,silty,long_rains,highland,0,coffee
169.56,60.99,197.1,6.7,1399.25,25.3,78.52,loamy,long_rains,coastal,0,banana
0.0,55.0,25.0,4.52,45.78,28.17,43.67,sandy,short_rains,arid,0,moth_beans
109.36,53.0,47.17,5.9,2090.67,25.89,85.02,silty,long_rains,sub_humid,1,rice
99.59,55.26,44.68,6.0,814.82,21.83,68.6,loamy,long_rains,sub_humid,0,maize
79.9,45.34,71.6,7.0,745.49,29.41,53.84,loamy,transitional,coastal,1,mango
70.45,45.8,41.38,6.6,415.8,30.04,37.73,sandy,dry,arid,0,sorghum
24.87,53.31,50.65,6.4,565.04,21.85,48.16,loamy,transitional,semi_arid,1,chickpea
52.6,37.96,33.26,5.8,347.36,31.93,36.84,sandy,short_rains,semi_arid,0,millet
79.06,41.04,39.97,7.2,497.86,29.44,47.57,sandy,short_rains,arid,0,sorghum
25.0,35.0,20.0,8.92,71.9,28.9,43.35,sandy,dry,semi_arid,0,moth_beans
7.0,63.0,24.0,5.86,107.73,22.95,24.04,loamy,short_rains,highland,0,kidney_beans
126.91,59.13,105.44,7.5,586.43,15.53,71.91,loamy,long_rains,highland,1,cabbage
39.91,62.4,65.44,5.6,729.34,27.31,52.14,sandy,long_rains,coastal,0,groundnut
24.06,55.41,53.28,6.4,514.38,17.86,57.18,loamy,transitional,semi_arid,0,chickpea
21.0,72.0,17.0,7.58,61.71,31.52,66.56,loamy,transitional,sub_humid,1,blackgram
24.32,51.87,42.95,7.5,427.9,19.77,45.7,loamy,transitional,semi_arid,0,lentils
28.71,53.86,52.59,6.9,598.34,20.5,58.39,silty,long_rains,sub_humid,0,beans
125.71,76.58,139.19,6.5,752.97,14.84,67.31,loamy,transitional,highland,0,potato
69.08,56.72,104.67,6.0,661.51,26.23,69.32,sandy,long_rains,sub_humid,0,sweetpotato
27.0,62.0,77.0,6.58,70.18,18.2,14.71,sandy,dry,highland,0,chickpea
56.19,42.82,82.39,6.8,906.28,27.88,72.17,loamy,long_rains,sub_humid,0,cassava
35.06,62.96,61.67,5.7,729.65,27.91,60.78,sandy,long_rains,sub_humid,0,groundnut
108.28,52.47,77.57,6.0,683.47,26.16,47.68,clay,long_rains,coastal,0,cotton
109.07,49.56,52.25,6.1,638.87,24.23,71.83,silty,long_rains,sub_humid,1,maize
24.9,54.69,44.05,6.1,388.83,21.11,47.69,loamy,transitional,semi_arid,0,lentils
79.16,39.23,39.64,7.1,425.49,28.75,47.07,sandy,dry,arid,0,sorghum
119.64,63.57,112.2,5.9,1726.42,18.83,72.85,silty,long_rains,highland,0,coffee
58.93,48.4,76.41,5.8,864.85,28.37,78.33,sandy,long_rains,coastal,0,cassava
48.0,61.0,21.0,6.63,65.63,30.28,61.69,clay,transitional,sub_humid,1,blackgram
115.69,50.93,42.68,6.1,1784.83,27.57,84.71,clay,long_rains,coastal,0,rice
88.0,55.0,45.0,7.73,253.72,24.64,80.41,silty,long_rains,sub_humid,1,rice
84.9,48.91,68.99,5.6,775.12,29.51,50.98,loamy,transitional,semi_arid,0,mango
40.0,61.0,22.0,7.0,44.24,20.95,65.81,clay,transitional,highland,0,lentils
98.02,54.78,49.55,6.1,658.27,22.8,66.65,silty,short_rains,sub_humid,1,maize
110.21,54.44,76.03,6.1,742.39,27.92,52.86,loamy,long_rains,coastal,1,cotton
157.26,47.09,75.7,4.8,1893.58,17.37,80.77,loamy,long_rains,highland,0,tea
31.0,35.0,23.0,7.71,68.04,30.3,47.18,sandy,short_rains,semi_arid,1,moth_beans
26.09,54.3,47.01,5.7,591.89,20.69,48.6,loamy,dry,semi_arid,0,chickpea
76.0,57.0,18.0,6.09,94.26,18.98,74.53,silty,long_rains,highland,1,maize
34.55,67.29,54.9,7.0,525.66,22.22,65.76,loamy,short_rains,highland,0,beans
95.35,52.66,46.65,6.8,753.85,22.41,63.7,silty,long_rains,highland,0,maize
122.57,61.68,102.09,6.2,571.45,16.85,65.23,loamy,short_rains,highland,0,cabbage
101.55,57.28,51.17,6.6,773.38,24.89,69.48,loamy,long_rains,highland,1,maize
14.0,75.0,24.0,6.44,118.36,24.55,57.34,sandy,short_rains,sub_humid,1,pigeon_peas
83.06,45.58,43.31,6.8,522.82,16.65,51.78,loamy,dry,highland,0,wheat
9.0,141.0,202.0,6.12,66.38,21.01,81.18,loamy,dry,highland,0,grapes
35.0,52.0,15.0,9.94,65.68,28.7,61.15,sandy,short_rains,semi_arid,0,moth_beans
1.0,66.0,23.0,4.8,173.17,19.54,56.93,loamy,long_rains,sub_humid,0,pigeon_peas
32.77,60.92,55.75,6.1,538.19,24.27,62.07,loamy,short_rains,sub_humid,0,beans
92.26,53.48,66.3,7.2,774.38,26.74,47.83,loamy,long_rains,coastal,1,cotton
84.31,50.72,43.39,7.1,565.95,17.49,46.77,loamy,dry,highland,0,wheat
28.0,80.0,17.0,5.81,144.16,19.62,18.67,loamy,long_rains,highland,1,kidney_beans
28.54,62.15,48.71,6.6,413.52,20.04,47.27,loamy,dry,highland,1,lentils
70.24,51.92,79.51,5.5,908.38,27.37,66.02,sandy,long_rains,sub_humid,0,cassava
97.22,52.68,55.17,6.8,648.48,20.99,65.7,silty,short_rains,highland,0,maize
24.0,73.0,20.0,4.61,176.41,19.64,32.32,sandy,short_rains,sub_humid,0,pigeon_peas
93.25,56.51,49.86,6.2,671.71,24.42,66.51,loamy,long_rains,highland,1,maize
37.0,77.0,20.0,7.08,51.02,25.93,68.71,loamy,transitional,highland,1,lentils
193.62,64.43,134.94,7.3,1517.86,28.54,68.05,clay,long_rains,coastal,1,sugarcane
27.0,139.0,205.0,5.77,105.55,22.48,93.41,silty,dry,highland,1,apple
98.34,52.88,47.85,5.9,718.85,25.05,69.59,silty,long_rains,highland,0,maize
181.67,65.55,135.08,5.5,1779.24,28.76,81.53,clay,long_rains,sub_humid,0,sugarcane
8.0,28.0,37.0,6.08,108.31,23.88,86.21,loamy,transitional,arid,0,pomegranate
9.0,69.0,20.0,5.59,129.34,19.31,23.96,loamy,short_rains,sub_humid,0,kidney_beans
101.49,52.18,71.16,7.4,687.88,29.71,46.72,loamy,long_rains,coastal,0,cotton
80.0,18.0,52.0,6.48,24.05,27.87,91.15,loamy,dry,sub_humid,0,muskmelon
58.22,38.89,36.55,6.7,297.31,31.4,41.37,sandy,short_rains,arid,0,millet
154.9,45.83,78.45,4.8,1957.61,16.9,78.34,silty,long_rains,highland,0,tea
66.3,61.32,102.37,5.6,610.06,25.46,60.35,loamy,long_rains,highland,0,sweetpotato
105.3,56.31,78.84,6.5,754.48,26.75,49.75,clay,long_rains,coastal,0,cotton
102.71,76.97,120.39,6.6,569.73,23.15,64.0,silty,transitional,highland,0,tomato
100.0,41.0,22.0,7.32,93.47,22.42,84.56,loamy,long_rains,coastal,0,cotton
34.0,60.0,16.0,7.32,63.86,31.36,64.25,loamy,short_rains,sub_humid,0,blackgram
24.09,61.24,43.39,7.8,380.85,18.13,47.37,clay,dry,highland,0,lentils
189.62,59.64,188.22,6.6,1487.6,24.03,80.51,clay,long_rains,sub_humid,0,banana
32.0,138.0,197.0,5.91,69.44,9.54,80.73,sandy,dry,highland,0,grapes
192.76,56.24,140.96,6.4,1509.65,32.69,72.51,loamy,long_rains,coastal,0,sugarcane
104.56,60.23,48.71,6.6,707.18,23.38,68.12,loamy,short_rains,highland,0,maize
28.66,55.55,44.9,6.9,581.25,18.52,49.3,sandy,dry,highland,1,chickpea
121.0,45.0,22.0,6.44,64.23,22.46,81.31,loamy,long_rains,coastal,0,cotton
76.77,56.97,61.47,6.2,482.16,27.2,44.13,sandy,dry,semi_arid,1,sunflower
79.92,50.51,68.16,6.6,602.36,27.06,45.15,loamy,dry,sub_humid,0,sunflower
18.0,74.0,15.0,5.71,146.47,24.9,22.28,silty,short_rains,sub_humid,0,kidney_beans
111.0,41.0,18.0,6.11,80.96,23.64,78.13,clay,long_rains,sub_humid,0,cotton
21.0,31.0,32.0,5.25,90.3,35.39,51.43,sandy,transitional,semi_arid,0,mango
103.83,76.37,107.13,6.7,498.44,21.0,51.51,loamy,dry,semi_arid,1,onion
66.35,48.43,78.7,6.0,1029.32,26.94,75.11,loamy,long_rains,sub_humid,0,cassava
155.37,47.35,84.36,5.7,1859.12,14.64,79.87,silty,long_rains,highland,0,tea
91.0,55.0,15.0,6.38,78.96,18.09,72.61,loamy,long_rains,highland,1,maize
162.13,54.55,182.4,6.2,1388.35,26.92,79.7,clay,long_rains,sub_humid,0,banana
78.85,53.07,42.52,6.3,606.32,16.99,57.64,clay,dry,highland,1,wheat
76.0,39.0,24.0,7.0,64.24,24.25,55.65,loamy,long_rains,highland,0,maize
133.0,47.0,23.0,6.83,89.76,24.89,75.62,loamy,long_rains,sub_humid,1,cotton
117.0,81.0,53.0,5.51,98.13,29.51,78.21,clay,long_rains,sub_humid,1,banana
104.09,78.39,143.03,6.5,605.22,23.14,61.55,loamy,transitional,sub_humid,1,tomato
124.39,70.07,101.4,6.0,622.86,15.51,71.59,loamy,long_rains,highland,0,cabbage
27.11,67.41,50.3,6.7,509.23,21.01,60.55,silty,short_rains,highland,1,beans
73.78,49.77,102.07,6.6,590.49,25.28,64.77,sandy,long_rains,sub_humid,0,sweetpotato
102.37,80.85,117.77,6.1,555.11,20.98,63.69,loamy,transitional,highland,1,tomato
115.42,85.36,111.49,5.2,696.68,14.3,71.32,silty,transitional,highland,1,potato
71.03,61.46,62.63,6.2,588.86,28.38,46.42,loamy,dry,semi_arid,0,sunflower
39.0,37.0,25.0,6.95,98.29,33.33,45.61,sandy,transitional,coastal,0,mango
191.84,55.95,147.87,5.6,1574.3,29.5,76.97,loamy,long_rains,coastal,1,sugarcane
75.4,58.1,69.72,6.3,564.06,28.21,47.64,loamy,dry,semi_arid,0,sunflower
124.69,49.34,47.58,6.0,1910.17,26.15,83.31,clay,long_rains,sub_humid,1,rice
25.68,55.88,46.26,5.6,612.71,18.93,48.3,sandy,transitional,highland,1,chickpea
126.86,55.84,44.09,5.9,1843.56,27.56,84.73,silty,long_rains,coastal,1,rice
12.0,6.0,8.0,6.39,107.41,30.85,92.87,sandy,long_rains,sub_humid,0,orange
25.0,57.0,24.0,6.97,36.94,27.65,58.6,sandy,dry,semi_arid,0,moth_beans
81.0,45.0,23.0,6.19,84.23,19.33,68.03,loamy,long_rains,highland,0,maize
98.74,55.09,51.9,6.7,624.05,24.17,68.42,loamy,long_rains,sub_humid,0,maize
121.79,65.3,103.88,7.0,639.23,21.32,65.94,loamy,long_rains,highland,0,cabbage
128.97,59.06,110.85,6.3,1520.74,19.03,76.91,loamy,long_rains,highland,0,coffee
52.22,45.96,79.3,5.9,884.19,27.8,74.85,sandy,long_rains,sub_humid,0,cassava
73.0,58.0,21.0,6.6,60.65,19.97,57.68,loamy,long_rains,sub_humid,1,maize
125.76,76.71,100.38,6.7,585.3,18.48,71.03,loamy,short_rains,highland,0,cabbage
80.79,42.32,68.73,5.6,802.41,29.4,54.4,sandy,transitional,semi_arid,0,mango
24.25,58.82,37.81,7.2,394.18,17.16,49.11,loamy,dry,highland,1,lentils
127.96,81.22,124.44,5.8,708.68,14.31,73.18,loamy,long_rains,highland,0,potato
100.87,54.09,69.14,5.9,715.91,26.29,51.02,loamy,long_rains,sub_humid,0,cotton
34.0,48.0,48.0,6.81,181.53,41.04,91.37,loamy,transitional,coastal,0,papaya
110.0,85.94,129.59,6.1,546.48,24.35,61.14,silty,transitional,highland,1,tomato
69.18,58.25,105.28,6.7,590.56,24.74,64.76,loamy,long_rains,highland,0,sweetpotato
34.0,29.0,8.0,6.45,105.34,31.88,91.15,loamy,long_rains,highland,0,orange
87.0,60.0,23.0,6.44,62.5,20.27,63.91,silty,long_rains,highland,1,maize
29.24,52.97,42.82,6.0,555.85,19.33,50.76,loamy,dry,highland,0,chickpea
54.63,33.94,32.59,7.0,336.33,31.93,39.35,sandy,short_rains,arid,0,millet
38.0,135.0,203.0,5.97,100.83,23.76,93.66,loamy,transitional,highland,1,apple
69.52,55.88,74.49,6.2,584.81,26.83,49.73,loamy,short_rains,semi_arid,0,sunflower
59.83,37.7,36.64,6.5,334.01,31.54,39.35,sandy,short_rains,arid,0,millet
84.35,52.36,40.37,7.3,571.74,18.8,56.01,clay,dry,highland,1,wheat
76.16,47.97,43.31,6.5,573.78,17.34,53.92,loamy,dry,highland,1,wheat
112.0,57.9,69.09,5.9,866.06,29.23,56.39,loamy,long_rains,coastal,1,cotton
33.28,64.73,71.45,6.5,691.45,28.26,60.44,loamy,long_rains,sub_humid,1,groundnut
123.1,54.81,98.5,6.0,1649.24,17.34,73.61,loamy,long_rains,highland,0,coffee
25.88,58.37,45.6,5.8,517.76,18.21,52.96,loamy,transitional,highland,0,chickpea
109.35,49.73,46.95,5.8,2064.07,27.4,84.66,silty,long_rains,coastal,1,rice
1.0,8.0,26.0,5.56,156.67,27.51,94.19,loamy,long_rains,coastal,0,coconut
24.31,54.53,47.51,6.6,361.75,17.92,46.9,loamy,transitional,highland,1,lentils
76.77,59.52,70.1,6.3,558.66,27.64,46.92,sandy,short_rains,sub_humid,0,sunflower
113.28,52.59,42.97,6.3,1872.16,27.68,87.11,silty,long_rains,coastal,1,rice
73.73,40.28,35.71,6.0,456.16,29.72,48.4,loamy,dry,arid,0,sorghum
27.0,59.0,22.0,5.79,130.06,21.81,23.21,loamy,short_rains,sub_humid,0,kidney_beans
58.0,63.0,81.0,6.52,78.97,19.81,14.7,loamy,dry,semi_arid,1,chickpea
51.62,34.54,37.38,6.1,293.74,32.84,39.47,sandy,dry,arid,0,millet
74.3,52.17,69.34,6.1,584.42,27.0,47.84,loamy,short_rains,sub_humid,1,sunflower
121.47,62.95,103.41,6.3,1522.08,21.01,73.7,silty,long_rains,highland,0,coffee
35.0,71.0,17.0,6.93,198.14,29.89,66.35,sandy,long_rains,semi_arid,0,pigeon_peas
32.0,73.0,81.0,5.99,92.68,20.45,15.4,loamy,dry,semi_arid,0,chickpea
98.0,26.0,52.0,6.15,28.69,27.34,90.7,sandy,transitional,semi_arid,0,muskmelon
1.0,30.0,29.0,6.43,91.67,28.33,51.4,sandy,dry,coastal,0,mango
31.54,61.55,53.32,6.1,531.42,20.76,64.43,silty,long_rains,sub_humid,0,beans
12.0,71.0,19.0,7.14,42.2,24.91,60.71,clay,transitional,semi_arid,1,lentils
96.12,68.01,105.18,7.2,437.25,19.37,51.09,sandy,dry,highland,0,onion
26.0,65.0,22.0,5.95,143.1,17.85,18.78,silty,long_rains,highland,0,kidney_beans
34.0,15.0,34.0,5.68,224.7,27.06,91.11,loamy,long_rains,coastal,0,coconut
112.96,81.71,129.96,6.2,520.46,22.52,61.29,loamy,transitional,sub_humid,1,tomato
126.0,37.0,21.0,6.61,77.03,25.85,84.17,clay,long_rains,coastal,1,cotton
74.56,43.24,37.49,6.8,450.66,31.09,41.59,sandy,dry,semi_arid,0,sorghum
102.06,47.82,52.21,7.0,840.07,22.98,66.73,loamy,long_rains,sub_humid,1,maize
24.0,142.0,202.0,5.71,101.85,22.54,91.48,loamy,dry,highland,1,apple
14.0,69.0,19.0,7.24,52.4,20.96,63.68,clay,transitional,highland,0,lentils
117.0,43.0,25.0,7.84,69.31,24.69,78.51,clay,long_rains,sub_humid,1,cotton
98.07,72.44,117.21,6.3,490.95,24.08,59.87,loamy,dry,highland,0,tomato
24.53,62.04,43.07,7.8,415.65,21.05,42.67,clay,dry,highland,1,lentils
95.14,77.44,121.68,6.3,513.89,21.68,61.2,loamy,dry,sub_humid,1,tomato
14.0,59.0,15.0,5.78,146.45,21.35,22.91,loamy,short_rains,highland,0,kidney_beans
26.0,122.0,202.0,5.62,107.18,22.45,94.74,loamy,dry,highland,0,apple
43.0,66.0,79.0,7.98,74.59,19.46,15.23,loamy,transitional,highland,0,chickpea
129.0,47.0,20.0,6.28,98.6,24.41,80.8,loamy,long_rains,coastal,0,cotton
32.49,66.2,53.43,6.2,558.68,21.18,64.05,silty,long_rains,highland,1,beans
73.03,43.52,60.53,6.2,843.34,30.67,49.55,sandy,transitional,semi_arid,0,mango
99.51,78.61,128.77,6.1,521.45,23.26,67.44,silty,dry,sub_humid,1,tomato
102.34,54.66,51.0,6.4,667.04,21.91,71.54,silty,long_rains,sub_humid,0,maize
74.3,59.09,95.91,6.2,590.97,24.88,63.92,loamy,long_rains,highland,1,sweetpotato
98.0,25.0,52.0,6.22,49.29,25.28,83.15,sandy,short_rains,semi_arid,1,watermelon
169.89,56.87,181.2,6.2,1484.37,29.32,78.82,clay,long_rains,sub_humid,0,banana
62.2,48.12,75.85,6.4,981.93,29.19,73.26,sandy,long_rains,sub_humid,0,cassava
116.02,73.31,132.19,6.3,702.71,14.63,75.16,silty,transitional,highland,1,potato
38.0,36.0,21.0,6.56,36.12,28.03,84.88,loamy,short_rains,semi_arid,0,mung_bean
90.0,52.0,25.0,6.82,103.22,25.97,69.36,loamy,short_rains,highland,0,maize
106.22,53.26,48.59,6.0,683.91,21.91,67.68,loamy,long_rains,sub_humid,0,maize
32.35,68.35,62.9,5.9,722.81,27.22,52.03,sandy,long_rains,coastal,0,groundnut
116.38,57.8,93.83,7.3,622.63,17.3,70.36,loamy,long_rains,highland,0,cabbage
33.0,75.0,84.0,7.22,68.81,19.46,18.73,loamy,dry,semi_arid,0,chickpea
82.83,49.18,66.4,5.7,846.09,28.92,52.08,loamy,transitional,coastal,0,mango
110.48,50.11,51.31,5.9,695.59,23.1,66.27,loamy,long_rains,sub_humid,1,maize
108.99,71.32,95.34,6.6,430.34,22.55,53.46,sandy,dry,highland,1,onion
22.0,60.0,85.0,7.81,94.78,18.84,14.74,loamy,dry,highland,0,chickpea
158.55,40.71,77.15,5.9,1975.49,16.36,80.24,silty,long_rains,highland,0,tea
32.45,66.41,54.11,6.1,566.93,22.74,60.76,loamy,short_rains,sub_humid,0,beans
40.0,30.0,35.0,6.27,104.44,20.89,91.08,sandy,dry,semi_arid,1,pomegranate
64.13,52.33,112.83,6.9,693.86,24.62,63.54,loamy,long_rains,highland,0,sweetpotato
54.89,42.89,69.32,6.8,964.27,29.11,73.24,loamy,long_rains,coastal,0,cassava
63.0,44.0,41.0,5.58,257.03,24.17,83.73,clay,long_rains,sub_humid,1,rice
29.11,56.25,43.59,6.3,316.02,18.68,49.56,clay,dry,highland,0,lentils
34.98,67.13,56.68,7.4,582.83,22.23,65.08,loamy,long_rains,sub_humid,1,beans
101.83,86.7,132.57,6.8,579.88,25.4,59.1,silty,dry,sub_humid,1,tomato
129.12,72.76,142.89,5.6,660.03,16.58,67.63,loamy,long_rains,highland,1,potato
42.0,74.0,83.0,7.55,65.78,19.26,14.28,loamy,transitional,semi_arid,0,chickpea
196.57,62.63,144.85,6.4,1590.59,28.98,70.97,loamy,long_rains,sub_humid,0,sugarcane
184.76,50.96,133.17,7.4,1618.71,29.05,69.65,loamy,long_rains,coastal,0,sugarcane
30.24,67.49,65.67,6.4,726.41,30.02,61.99,sandy,long_rains,sub_humid,0,groundnut
197.02,58.9,134.37,7.0,1521.08,28.21,75.95,clay,long_rains,coastal,1,sugarcane
90.0,49.0,21.0,6.47,74.05,24.84,68.36,loamy,short_rains,sub_humid,0,maize
100.0,10.0,53.0,6.21,42.01,24.54,84.61,loamy,dry,sub_humid,0,watermelon
31.71,65.13,57.9,6.6,578.26,21.19,60.01,loamy,long_rains,highland,0,beans
26.0,80.0,83.0,7.53,71.31,17.08,16.15,sandy,dry,highland,1,chickpea
143.79,42.14,75.94,5.8,2101.64,17.93,79.58,loamy,long_rains,highland,0,tea
58.84,40.69,31.53,5.9,323.44,31.18,39.27,sandy,short_rains,semi_arid,0,millet
181.46,64.87,188.59,6.2,1599.95,26.71,79.2,clay,long_rains,sub_humid,0,banana
67.0,43.0,39.0,6.0,186.75,26.04,84.97,silty,long_rains,coastal,1,rice
33.0,59.0,19.0,7.64,49.55,23.19,62.75,loamy,transitional,semi_arid,0,lentils
109.71,69.85,133.31,6.4,499.89,23.09,64.5,loamy,transitional,sub_humid,0,tomato
125.89,63.18,101.35,6.3,1460.32,20.29,74.34,loamy,long_rains,highland,0,coffee
20.0,77.0,23.0,5.18,148.25,34.87,38.84,loamy,long_rains,semi_arid,0,pigeon_peas
67.38,54.21,104.95,6.8,612.1,25.93,68.22,loamy,short_rains,sub_humid,0,sweetpotato
22.0,42.0,22.0,7.89,48.47,25.54,56.97,sandy,short_rains,semi_arid,0,moth_beans
107.65,73.86,131.08,6.6,583.92,23.09,62.75,silty,transitional,sub_humid,1,tomato
101.84,86.85,134.97,6.5,524.41,24.36,62.71,silty,dry,sub_humid,1,tomato
92.23,53.31,76.58,6.0,783.97,28.99,53.24,loamy,long_rains,sub_humid,0,cotton
96.46,48.73,49.8,6.2,760.12,25.28,67.29,loamy,short_rains,highland,0,maize
94.77,76.07,121.38,6.1,524.13,23.12,61.82,silty,dry,highland,1,tomato
99.38,58.04,54.67,5.9,821.89,22.26,63.8,loamy,short_rains,highland,0,maize
126.14,62.86,115.02,7.2,574.03,16.89,67.59,clay,short_rains,highland,0,cabbage
34.27,70.78,65.29,5.6,653.08,29.16,54.68,sandy,long_rains,coastal,0,groundnut
172.0,52.57,194.72,6.8,1475.89,30.14,82.6,clay,long_rains,coastal,0,banana
102.06,56.17,49.47,6.1,648.46,22.07,67.45,silty,short_rains,highland,0,maize
69.58,42.58,42.67,5.7,469.93,28.9,42.92,sandy,short_rains,arid,0,sorghum
83.61,40.16,69.54,7.3,859.08,29.95,57.7,loamy,dry,semi_arid,0,mango
61.58,51.53,78.64,6.6,943.0,24.88,71.9,sandy,long_rains,coastal,1,cassava
36.0,43.0,21.0,7.14,52.93,28.36,84.86,sandy,short_rains,semi_arid,0,mung_bean
27.0,64.0,21.0,7.54,73.67,32.84,68.68,loamy,transitional,coastal,0,blackgram
74.13,48.91,64.51,7.3,798.19,29.79,52.43,loamy,dry,coastal,1,mango
54.68,36.39,33.19,6.6,309.07,31.45,40.94,sandy,short_rains,semi_arid,0,millet
79.83,40.96,42.92,6.8,578.43,16.91,55.57,clay,dry,highland,0,wheat
172.61,53.99,174.35,6.0,1539.37,28.53,75.22,loamy,long_rains,coastal,1,banana
60.93,42.8,79.54,6.5,841.73,27.53,69.74,loamy,long_rains,coastal,0,cassava
102.0,25.0,50.0,6.1,20.36,28.2,92.91,loamy,dry,sub_humid,1,muskmelon
31.0,144.0,202.0,5.87,68.24,11.02,80.56,sandy,dry,semi_arid,1,grapes
61.31,44.38,78.68,6.3,915.6,27.11,75.1,sandy,long_rains,coastal,0,cassava
125.0,39.0,21.0,7.95,95.02,25.03,82.21,clay,long_rains,coastal,0,cotton
74.71,57.11,98.08,5.5,619.36,23.73,67.48,loamy,long_rains,highland,1,sweetpotato
36.65,67.66,63.01,5.9,699.87,26.51,57.49,loamy,long_rains,sub_humid,1,groundnut
12.0,78.0,23.0,6.0,88.07,16.07,18.72,loamy,short_rains,highland,0,kidney_beans
60.45,36.96,38.22,5.6,333.46,31.55,38.67,sandy,short_rains,semi_arid,0,millet
104.0,25.0,55.0,6.12,22.69,29.81,90.37,loamy,transitional,semi_arid,0,muskmelon
32.84,68.56,45.57,6.3,534.85,20.76,61.02,silty,short_rains,highland,0,beans
65.46,40.14,40.08,6.8,441.65,27.01,35.92,sandy,dry,semi_arid,0,sorghum
27.39,56.37,47.05,7.4,353.78,20.23,50.12,loamy,dry,semi_arid,1,lentils
108.71,80.13,127.99,6.8,586.86,24.02,60.0,loamy,transitional,sub_humid,1,tomato
134.09,54.92,42.76,6.2,2010.94,28.35,86.54,silty,long_rains,sub_humid,0,rice
20.0,19.0,35.0,6.11,98.01,34.18,50.62,loamy,dry,semi_arid,0,mango
157.92,49.95,83.41,4.9,2113.53,15.79,78.22,loamy,long_rains,highland,0,tea
67.84,41.24,37.78,5.8,448.63,27.68,42.0,loamy,dry,semi_arid,1,sorghum
70.67,43.89,37.99,6.9,442.69,29.12,52.26,sandy,dry,semi_arid,0,sorghum
118.91,64.06,68.16,7.1,720.12,24.51,50.77,loamy,long_rains,coastal,0,cotton
25.0,59.0,19.0,6.63,43.95,29.07,83.69,sandy,transitional,semi_arid,0,mung_bean
33.97,65.57,73.82,6.2,668.87,26.97,54.54,loamy,long_rains,sub_humid,0,groundnut
95.44,52.6,51.6,6.7,642.41,22.1,71.27,loamy,short_rains,highland,0,maize
50.89,37.8,30.29,6.0,347.39,31.89,38.79,sandy,dry,semi_arid,0,millet
77.61,40.81,40.75,6.3,576.98,18.44,57.34,clay,dry,highland,0,wheat
54.92,42.53,35.7,5.9,265.62,30.68,43.41,sandy,dry,semi_arid,0,millet
73.29,45.79,40.23,7.0,444.47,29.02,43.72,sandy,short_rains,arid,0,sorghum
21.0,63.0,17.0,5.98,108.34,15.77,19.23,silty,short_rains,sub_humid,0,kidney_beans
102.31,55.88,50.93,6.9,718.39,22.67,66.0,loamy,short_rains,highland,1,maize
72.76,46.86,37.43,6.2,447.95,29.35,41.59,loamy,short_rains,semi_arid,0,sorghum
61.22,62.13,104.6,5.7,583.39,23.92,63.46,loamy,short_rains,sub_humid,0,sweetpotato
118.65,51.89,45.34,6.2,1883.88,25.77,84.73,clay,long_rains,coastal,1,rice
128.74,64.3,110.11,6.4,568.06,16.21,65.66,clay,long_rains,highland,0,cabbage
200.73,60.52,150.03,6.9,1661.46,27.7,70.69,loamy,long_rains,coastal,1,sugarcane
130.42,67.25,104.63,6.6,655.52,17.81,67.79,loamy,long_rains,highland,0,cabbage
142.13,43.08,78.79,5.0,2116.29,19.32,78.96,silty,long_rains,highland,0,tea
53.16,53.8,76.2,6.4,987.61,26.97,74.21,sandy,long_rains,sub_humid,1,cassava
22.33,53.34,50.99,6.7,586.22,19.17,50.02,loamy,transitional,highland,0,chickpea
14.0,19.0,14.0,6.7,108.06,17.68,94.36,loamy,long_rains,sub_humid,0,orange
34.0,60.0,23.0,5.66,100.05,20.13,24.97,silty,long_rains,highland,0,kidney_beans
38.33,63.55,48.07,6.1,571.04,21.03,61.93,loamy,short_rains,sub_humid,0,beans
197.32,64.16,144.06,7.0,1728.46,25.05,79.49,loamy,long_rains,coastal,0,sugarcane
102.57,52.75,52.75,6.0,683.4,23.77,66.66,silty,long_rains,highland,1,maize
21.0,29.0,12.0,6.44,117.37,22.3,92.16,loamy,long_rains,sub_humid,0,orange
173.2,54.07,199.95,6.7,1748.25,25.73,80.48,clay,long_rains,sub_humid,0,banana
65.01,56.95,100.34,5.8,610.93,25.56,73.33,sandy,long_rains,sub_humid,0,sweetpotato
66.59,43.62,74.61,6.8,940.16,25.59,73.98,loamy,long_rains,sub_humid,0,cassava
16.0,65.0,16.0,6.08,50.61,18.13,62.46,clay,transitional,semi_arid,0,lentils
29.85,56.72,55.67,6.9,510.99,19.17,63.73,silty,short_rains,sub_humid,0,beans
120.58,66.6,106.44,6.5,587.14,18.58,66.79,clay,long_rains,highland,1,cabbage
36.21,62.73,53.71,6.5,512.11,20.32,58.45,loamy,short_rains,highland,0,beans
166.52,56.31,175.91,5.9,1503.55,26.83,77.54,clay,long_rains,sub_humid,0,banana
68.27,41.12,37.54,6.1,448.76,28.24,45.73,sandy,short_rains,arid,0,sorghum
118.8,51.41,40.82,5.7,1745.03,26.75,86.9,clay,long_rains,sub_humid,0,rice
67.47,42.23,41.18,7.5,445.52,30.77,40.77,sandy,dry,arid,0,sorghum
162.86,44.03,75.73,5.6,1834.83,17.35,76.94,loamy,long_rains,highland,0,tea
66.0,60.0,38.0,6.37,231.74,22.09,83.47,clay,long_rains,sub_humid,1,rice
133.14,61.28,106.44,5.9,1773.88,21.44,76.86,silty,long_rains,highland,0,coffee
40.0,5.0,32.0,5.98,143.53,26.07,96.7,loamy,long_rains,coastal,1,coconut
61.99,45.54,83.69,7.0,928.37,28.71,68.88,sandy,long_rains,sub_humid,1,cassava
31.16,56.6,40.09,7.6,389.35,18.71,49.77,loamy,dry,semi_arid,1,lentils
96.89,66.7,102.54,6.3,414.65,20.78,51.42,sandy,dry,highland,1,onion
72.2,43.09,70.88,5.8,889.36,31.88,51.29,sandy,dry,semi_arid,1,mango
103.61,56.38,52.01,6.2,737.0,22.26,61.13,silty,long_rains,highland,0,maize
33.68,59.08,53.21,6.3,531.76,19.66,61.01,loamy,long_rains,highland,0,beans
17.0,64.0,18.0,6.08,124.6,36.75,58.26,sandy,short_rains,semi_arid,0,pigeon_peas
55.12,38.24,85.49,6.3,925.05,29.29,74.83,loamy,long_rains,sub_humid,0,cassava
28.49,66.39,51.36,7.0,521.94,22.4,58.09,silty,long_rains,sub_humid,0,beans
186.33,71.43,147.72,7.5,1498.54,30.43,70.58,loamy,long_rains,coastal,0,sugarcane
127.53,58.3,97.95,5.7,1541.91,18.2,76.42,silty,long_rains,highland,0,coffee
30.26,63.02,52.33,6.1,555.02,20.11,62.03,silty,long_rains,highland,0,beans
6.0,140.0,205.0,6.31,69.87,17.67,82.93,loamy,dry,semi_arid,0,grapes
103.33,54.08,50.4,7.0,749.38,23.04,68.52,silty,short_rains,sub_humid,1,maize
130.25,54.87,47.1,6.8,2105.41,27.1,87.21,silty,long_rains,sub_humid,0,rice
116.4,64.08,102.2,6.4,1575.59,20.81,71.87,loamy,long_rains,highland,0,coffee
66.62,52.92,59.89,6.4,592.64,23.47,47.34,loamy,dry,sub_humid,0,sunflower
125.08,64.3,93.97,7.0,578.2,15.77,65.37,clay,long_rains,highland,1,cabbage
19.0,35.0,24.0,6.88,49.12,27.11,83.64,sandy,short_rains,semi_arid,0,mung_bean
177.93,56.06,140.76,7.4,1607.82,26.36,73.95,clay,long_rains,sub_humid,0,sugarcane
69.71,43.16,81.81,6.1,967.35,26.83,69.82,sandy,long_rains,coastal,0,cassava
33.49,57.4,42.25,7.6,442.2,19.9,45.57,loamy,dry,highland,0,lentils
120.15,64.72,108.36,7.2,619.26,15.18,67.05,clay,short_rains,highland,0,cabbage
148.79,45.71,87.57,5.2,2055.68,14.35,79.31,silty,long_rains,highland,0,tea
26.3,64.51,42.06,6.0,414.35,18.99,45.69,clay,transitional,highland,1,lentils
84.0,21.0,55.0,6.49,21.08,28.47,94.79,loamy,dry,semi_arid,0,muskmelon
113.11,80.6,101.85,7.1,595.32,17.8,69.99,loamy,short_rains,highland,0,cabbage
107.0,21.0,26.0,7.24,144.69,26.45,55.32,silty,long_rains,highland,0,coffee
147.38,44.86,75.53,4.7,1822.32,18.01,78.71,silty,long_rains,highland,0,tea
22.0,68.0,16.0,7.75,37.46,27.7,63.21,clay,dry,highland,0,lentils
114.39,55.12,44.46,5.7,1887.98,26.4,80.56,clay,long_rains,sub_humid,1,rice
109.0,31.0,27.0,6.97,164.5,23.06,50.41,loamy,long_rains,highland,1,coffee
39.63,60.62,61.9,5.8,748.98,27.39,53.79,loamy,long_rains,sub_humid,0,groundnut
127.31,58.37,107.06,5.8,1453.73,20.17,74.98,loamy,long_rains,highland,0,coffee
31.0,79.0,25.0,5.9,63.38,23.19,22.31,silty,short_rains,highland,0,kidney_beans
1.0,35.0,34.0,6.27,92.21,30.79,46.7,loamy,transitional,semi_arid,0,mango
93.67,65.86,117.34,7.3,438.31,21.24,54.75,sandy,dry,highland,0,onion
82.97,41.62,42.39,6.0,547.22,16.72,52.09,clay,dry,highland,1,wheat
61.33,44.37,81.02,6.8,929.76,26.02,74.68,sandy,long_rains,coastal,0,cassava
51.06,40.43,85.94,6.4,920.25,25.29,75.81,loamy,long_rains,coastal,0,cassava
55.57,33.22,37.25,6.3,353.68,30.55,40.05,sandy,short_rains,arid,0,millet
68.24,40.43,43.45,6.2,421.32,27.46,44.35,loamy,dry,semi_arid,0,sorghum
27.0,10.0,33.0,6.47,154.06,27.81,97.48,loamy,long_rains,coastal,0,coconut
26.0,52.0,23.0,4.93,52.93,29.99,49.6,sandy,dry,semi_arid,0,moth_beans
124.45,68.56,96.95,6.7,603.89,17.35,66.38,loamy,long_rains,highland,1,cabbage
80.57,39.32,67.99,6.7,836.51,29.86,54.65,loamy,dry,semi_arid,0,mango
37.0,24.0,13.0,7.85,108.02,19.14,90.71,loamy,long_rains,sub_humid,0,orange
22.0,60.0,18.0,6.74,41.77,19.59,61.29,clay,transitional,semi_arid,0,lentils
105.17,79.99,121.23,6.1,590.67,20.92,65.37,loamy,dry,highland,1,tomato
36.4,65.95,53.3,7.4,520.63,20.59,64.98,loamy,long_rains,highland,0,beans
117.75,69.38,107.65,7.3,609.22,18.08,66.96,clay,short_rains,highland,0,cabbage
107.33,55.76,49.28,6.4,725.75,23.79,65.45,loamy,short_rains,highland,0,maize
122.18,58.63,100.56,6.3,1564.79,17.54,75.58,silty,long_rains,highland,0,coffee
169.28,68.99,192.86,5.7,1642.06,27.53,83.1,loamy,long_rains,coastal,0,banana
99.57,80.1,134.87,6.4,557.33,23.51,56.17,silty,transitional,highland,1,tomato
37.0,38.0,32.0,5.42,91.56,31.86,45.53,loamy,dry,coastal,0,mango
21.0,137.0,196.0,5.81,123.59,23.61,91.7,loamy,dry,highland,1,apple
132.39,79.59,117.45,6.0,729.76,13.52,68.22,silty,long_rains,highland,0,potato
115.56,50.37,44.72,5.8,1735.83,25.92,84.97,clay,long_rains,sub_humid,0,rice
120.88,54.93,91.52,5.9,1708.97,18.53,74.42,loamy,long_rains,highland,0,coffee
28.53,58.88,50.14,6.0,582.99,20.83,50.91,sandy,transitional,semi_arid,1,chickpea
161.99,48.08,89.69,5.1,1978.04,16.84,77.88,loamy,long_rains,highland,0,tea
105.28,69.66,110.72,7.1,470.7,20.9,44.14,loamy,dry,highland,1,onion
119.92,51.58,47.32,5.9,1725.15,25.31,84.25,silty,long_rains,coastal,1,rice
102.63,53.75,50.86,6.9,699.32,25.12,67.26,loamy,long_rains,highland,1,maize
200.37,60.89,146.3,5.6,1562.71,29.63,73.34,loamy,long_rains,sub_humid,1,sugarcane
102.96,67.98,132.73,6.5,506.7,20.56,62.31,silty,dry,sub_humid,1,tomato
123.58,75.42,94.82,7.1,604.59,17.19,70.66,clay,short_rains,highland,1,cabbage
120.04,53.09,48.28,5.8,1945.97,27.7,82.68,clay,long_rains,sub_humid,0,rice
179.16,50.23,175.11,6.3,1476.79,26.45,83.97,clay,long_rains,coastal,0,banana
61.72,47.94,83.21,6.4,948.14,26.32,73.08,sandy,long_rains,coastal,0,cassava
62.76,52.48,106.05,6.1,643.6,25.31,67.35,sandy,short_rains,highland,0,sweetpotato
126.17,57.1,105.77,5.8,1675.49,17.83,69.92,loamy,long_rains,highland,0,coffee
115.19,52.73,46.68,6.2,1747.5,26.68,83.7,clay,long_rains,sub_humid,0,rice
100.94,77.05,115.02,6.3,466.09,21.14,51.9,sandy,dry,highland,1,onion
122.69,79.97,141.65,5.5,653.49,14.81,66.53,silty,transitional,highland,0,potato
187.92,52.35,138.34,6.9,1631.61,28.02,71.6,clay,long_rains,coastal,1,sugarcane
33.47,72.56,51.44,6.9,572.65,20.7,63.59,loamy,short_rains,highland,0,beans
96.17,78.82,133.7,6.4,538.26,23.84,61.85,silty,transitional,sub_humid,1,tomato
30.67,55.02,52.69,5.7,570.49,21.42,52.6,loamy,dry,semi_arid,1,chickpea
25.05,56.98,45.14,6.4,580.97,21.42,51.22,sandy,transitional,highland,1,chickpea
99.0,19.0,33.0,6.27,130.64,27.54,55.52,loamy,long_rains,highland,0,coffee
50.0,60.0,47.0,6.93,93.79,32.58,92.75,loamy,long_rains,sub_humid,0,papaya
57.23,33.7,31.39,5.8,299.32,31.66,37.16,sandy,short_rains,arid,0,millet
116.83,77.88,126.43,5.1,729.88,13.85,70.36,loamy,transitional,highland,0,potato
101.69,67.28,102.82,6.9,421.74,21.47,48.05,loamy,dry,semi_arid,1,onion
30.31,67.2,52.06,6.1,569.76,20.46,58.91,silty,long_rains,sub_humid,0,beans
126.87,58.34,45.33,6.3,2015.07,27.09,87.29,clay,long_rains,sub_humid,1,rice
33.0,138.0,198.0,6.22,122.74,22.29,90.69,silty,transitional,highland,1,apple
34.0,62.0,55.0,6.59,238.5,27.59,90.73,loamy,long_rains,coastal,0,papaya
123.47,57.53,102.71,6.5,1470.85,19.56,77.48,loamy,long_rains,highland,1,coffee
22.88,60.04,46.04,6.1,359.57,20.31,54.13,clay,dry,semi_arid,0,lentils
173.01,48.2,190.7,5.7,1473.18,25.27,79.3,loamy,long_rains,coastal,1,banana
23.0,55.0,16.0,5.11,185.2,21.01,69.69,sandy,long_rains,sub_humid,1,pigeon_peas
75.22,43.67,42.39,6.6,451.92,28.94,47.79,sandy,short_rains,arid,0,sorghum
116.39,51.98,104.99,6.4,1770.33,18.89,73.36,silty,long_rains,highland,0,coffee
90.0,92.0,55.0,6.13,97.33,27.01,80.19,loamy,long_rains,sub_humid,1,banana
34.89,66.74,66.82,5.5,708.96,28.2,60.08,sandy,long_rains,sub_humid,1,groundnut
58.07,37.04,31.21,6.3,370.63,31.98,45.27,sandy,dry,arid,0,millet
26.29,68.3,48.49,7.3,523.81,22.35,55.78,loamy,short_rains,highland,0,beans
101.42,54.85,76.35,6.4,667.8,28.36,51.3,clay,long_rains,coastal,0,cotton
133.49,42.81,77.15,5.3,2105.44,17.85,78.04,loamy,long_rains,highland,1,tea
110.0,14.0,51.0,6.09,21.26,27.02,91.67,loamy,transitional,sub_humid,1,muskmelon
66.0,53.0,41.0,7.78,257.0,25.08,80.52,clay,long_rains,sub_humid,0,rice
101.02,48.2,49.35,6.5,723.41,23.26,72.2,loamy,short_rains,sub_humid,0,maize
11.0,27.0,30.0,6.39,89.86,27.7,48.56,sandy,dry,coastal,0,mango
27.8,52.39,47.44,5.9,539.09,20.27,56.48,sandy,dry,semi_arid,1,chickpea
28.0,123.0,198.0,5.68,111.78,23.46,91.46,loamy,transitional,highland,1,apple
182.57,60.33,127.63,5.6,1656.17,26.67,68.31,clay,long_rains,sub_humid,0,sugarcane
64.0,49.36,64.16,6.1,598.0,28.19,46.38,loamy,dry,sub_humid,0,sunflower
123.43,69.95,87.44,6.7,618.74,15.93,69.78,loamy,long_rains,highland,0,cabbage
27.0,71.0,23.0,7.11,150.87,23.45,46.49,sandy,short_rains,sub_humid,1,pigeon_peas
30.43,61.19,49.21,6.1,562.08,22.0,58.17,silty,long_rains,highland,0,beans
81.92,48.46,67.57,6.9,850.48,30.96,56.07,loamy,transitional,coastal,0,mango
25.94,58.04,41.68,6.0,376.51,18.04,48.89,clay,transitional,highland,0,lentils
68.74,38.98,40.48,7.3,418.81,30.04,39.51,sandy,short_rains,arid,0,sorghum
69.3,38.96,41.58,7.4,495.95,28.12,48.02,loamy,short_rains,semi_arid,0,sorghum
8.0,33.0,29.0,6.44,91.82,29.98,49.49,loamy,transitional,coastal,0,mango
35.62,66.31,53.57,6.5,596.26,17.92,65.88,loamy,short_rains,highland,0,beans
34.71,66.59,63.48,5.8,747.25,28.37,59.19,loamy,long_rains,sub_humid,0,groundnut
77.77,46.23,67.69,6.8,885.48,30.72,54.53,sandy,transitional,semi_arid,0,mango
123.03,81.12,123.51,6.2,718.44,13.37,71.34,loamy,transitional,highland,1,potato
129.8,69.23,112.74,7.0,565.39,17.02,67.68,loamy,long_rains,highland,0,cabbage
21.0,26.0,27.0,5.7,95.85,27.0,47.68,loamy,dry,semi_arid,0,mango
85.73,43.92,43.58,6.2,548.22,17.49,53.12,clay,dry,highland,0,wheat
72.29,54.14,100.2,6.8,632.32,24.94,69.1,sandy,long_rains,highland,1,sweetpotato
28.04,62.12,43.46,6.7,531.83,21.69,52.28,sandy,dry,semi_arid,0,chickpea
67.08,50.75,99.61,6.7,655.29,28.55,68.02,sandy,short_rains,sub_humid,0,sweetpotato
93.2,55.17,46.08,6.0,659.56,22.97,71.68,silty,long_rains,sub_humid,1,maize
71.0,60.0,22.0,6.2,85.76,26.07,59.37,loamy,short_rains,sub_humid,0,maize
34.0,60.0,25.0,6.79,40.78,29.78,85.17,sandy,transitional,semi_arid,0,mung_bean
2.0,47.0,15.0,6.4,58.41,29.87,85.99,sandy,short_rains,sub_humid,0,mung_bean
157.86,44.13,83.93,4.6,2036.24,16.13,79.81,loamy,long_rains,highland,0,tea
150.37,42.51,82.27,5.1,1966.21,17.51,78.87,silty,long_rains,highland,1,tea
32.69,66.88,58.93,7.0,567.74,20.76,67.23,silty,short_rains,highland,1,beans
186.72,64.56,135.78,7.4,1760.65,28.73,74.18,clay,long_rains,coastal,1,sugarcane
75.44,43.49,74.25,7.3,808.94,29.21,58.01,sandy,dry,coastal,0,mango
180.12,51.64,150.26,5.9,1510.16,30.94,72.45,loamy,long_rains,sub_humid,1,sugarcane
17.0,77.0,23.0,5.67,64.19,24.51,20.82,loamy,long_rains,highland,0,kidney_beans
31.66,66.49,50.21,6.5,574.09,22.96,59.91,loamy,short_rains,sub_humid,0,beans
24.0,63.63,47.45,6.1,556.82,19.29,47.65,loamy,dry,highland,0,chickpea
64.56,50.8,85.94,6.7,806.49,27.68,71.26,loamy,long_rains,sub_humid,0,cassava
32.48,67.65,52.63,6.1,568.21,21.37,62.94,loamy,long_rains,sub_humid,1,beans
18.0,21.0,35.0,6.37,111.14,23.28,94.94,sandy,dry,semi_arid,1,pomegranate
39.0,57.0,19.0,6.42,165.41,29.32,45.93,loamy,short_rains,sub_humid,1,pigeon_peas
192.47,60.87,127.05,6.1,1608.52,28.04,69.79,loamy,long_rains,sub_humid,1,sugarcane
117.19,77.42,135.87,6.3,712.31,14.14,72.62,silty,transitional,highland,1,potato
20.0,62.0,18.0,7.37,61.91,29.36,64.99,loamy,transitional,sub_humid,0,blackgram
98.7,68.02,101.87,7.4,450.74,21.27,56.77,loamy,dry,highland,1,onion
82.0,24.0,26.0,6.09,184.41,24.31,53.57,loamy,long_rains,highland,0,coffee
122.45,53.0,48.09,5.7,1825.02,27.53,85.22,silty,long_rains,coastal,1,rice
71.18,43.36,70.25,5.9,806.49,31.17,52.63,loamy,dry,coastal,0,mango
52.58,35.46,33.6,6.6,310.96,30.65,34.79,sandy,short_rains,arid,0,millet
85.0,37.0,39.0,6.36,224.68,24.53,82.74,silty,long_rains,sub_humid,1,rice
14.0,41.0,17.0,7.09,36.45,29.13,88.48,sandy,short_rains,semi_arid,0,mung_bean
120.76,72.38,101.17,6.6,641.74,15.64,69.2,loamy,long_rains,highland,0,cabbage
50.29,48.14,79.99,6.2,894.46,28.59,68.41,sandy,long_rains,sub_humid,0,cassava
106.0,10.0,49.0,6.35,20.21,27.73,92.01,sandy,dry,semi_arid,0,muskmelon
29.07,64.02,65.14,6.3,814.75,29.61,59.2,loamy,long_rains,coastal,1,groundnut
98.85,51.52,53.1,6.0,692.77,23.51,66.42,loamy,long_rains,highland,0,maize
185.03,60.21,139.42,6.0,1550.38,28.92,75.56,loamy,long_rains,coastal,0,sugarcane
171.85,48.69,177.78,6.9,1386.01,26.62,81.35,loamy,long_rains,sub_humid,1,banana
70.0,68.0,45.0,6.99,203.4,33.84,92.85,sandy,long_rains,coastal,0,papaya
23.04,51.51,52.55,5.6,545.28,19.86,50.38,sandy,dry,semi_arid,0,chickpea
117.19,78.49,127.72,5.0,742.23,16.72,73.45,silty,transitional,highland,1,potato
25.24,53.06,46.11,6.6,532.16,18.2,53.42,sandy,dry,highland,1,chickpea
59.58,32.54,34.55,6.4,386.55,35.26,29.87,sandy,short_rains,semi_arid,0,millet
131.97,74.73,133.08,6.5,666.99,15.24,68.77,silty,long_rains,highland,0,potato
66.0,53.0,19.0,6.03,65.5,23.09,60.12,silty,long_rains,highland,0,maize
22.1,54.92,45.09,6.6,517.01,19.18,50.05,sandy,dry,highland,0,chickpea
124.91,69.29,106.23,6.9,612.83,17.54,67.83,loamy,short_rains,highland,1,cabbage
114.0,27.0,48.0,6.53,26.32,27.82,93.04,loamy,dry,semi_arid,1,muskmelon
49.0,72.0,15.0,7.14,74.87,31.56,67.84,loamy,transitional,sub_humid,1,blackgram
35.22,67.87,69.96,6.9,648.16,27.9,58.67,sandy,long_rains,coastal,0,groundnut
99.0,39.0,18.0,6.11,87.85,19.2,68.31,silty,long_rains,sub_humid,0,maize
25.0,51.0,24.0,9.39,65.08,25.5,61.67,sandy,dry,arid,0,moth_beans
14.0,76.0,20.0,7.04,36.5,29.06,62.11,loamy,transitional,highland,0,lentils
37.35,64.3,60.86,6.9,757.79,28.18,56.74,sandy,long_rains,coastal,0,groundnut
128.7,67.53,100.7,6.2,587.37,16.24,68.72,clay,short_rains,highland,0,cabbage
57.91,39.45,30.11,6.6,368.77,33.3,45.83,sandy,short_rains,arid,0,millet
108.14,55.41,74.35,7.2,760.85,30.28,57.07,clay,long_rains,coastal,0,cotton
23.0,39.0,22.0,6.86,42.02,29.26,81.98,loamy,short_rains,sub_humid,0,mung_bean
33.36,69.37,52.48,6.6,505.27,22.09,65.7,loamy,short_rains,highland,0,beans
67.29,37.5,40.25,6.1,462.52,29.05,39.78,sandy,short_rains,arid,1,sorghum
126.07,60.49,107.56,7.0,610.26,18.7,70.2,clay,short_rains,highland,0,cabbage
0.0,19.0,33.0,6.23,204.72,27.13,95.24,loamy,long_rains,coastal,0,coconut
62.11,42.93,76.56,6.4,928.92,25.79,67.23,sandy,long_rains,sub_humid,0,cassava
189.94,66.55,144.18,5.5,1521.7,28.6,70.2,clay,long_rains,coastal,1,sugarcane
95.93,80.91,127.84,6.8,533.07,23.26,62.73,silty,dry,sub_humid,0,tomato
99.56,50.75,49.28,5.9,667.19,22.73,66.54,silty,short_rains,sub_humid,0,maize
31.63,68.3,54.48,6.6,550.69,21.85,65.11,loamy,long_rains,highland,1,beans
51.39,37.0,32.92,6.2,330.1,30.68,45.0,sandy,short_rains,arid,0,millet
117.06,59.98,106.97,7.4,558.39,15.31,63.14,loamy,long_rains,highland,0,cabbage
23.19,50.19,49.06,5.8,605.93,21.15,57.73,sandy,dry,semi_arid,1,chickpea
16.0,143.0,204.0,5.63,121.9,23.71,91.53,silty,transitional,highland,1,apple
101.45,55.88,48.83,6.2,612.6,22.37,67.07,silty,long_rains,sub_humid,0,maize
22.98,64.43,44.77,6.2,402.77,21.61,47.39,clay,transitional,highland,0,lentils
22.0,71.0,17.0,5.51,107.69,18.15,19.39,loamy,long_rains,highland,0,kidney_beans
100.24,59.17,53.92,5.9,680.1,22.55,68.16,loamy,short_rains,sub_humid,0,maize
72.49,54.72,72.8,6.2,570.13,25.74,47.59,sandy,dry,semi_arid,0,sunflower
32.77,66.82,55.15,6.5,529.39,21.12,62.98,silty,short_rains,highland,0,beans
31.5,54.43,54.22,6.8,578.69,20.89,62.07,loamy,long_rains,highland,0,beans
64.21,37.93,79.28,7.0,846.68,28.02,68.03,loamy,long_rains,sub_humid,0,cassava
109.7,69.08,109.7,7.2,616.32,18.57,62.37,loamy,long_rains,highland,1,cabbage
74.29,51.38,68.78,6.5,625.23,25.4,51.23,loamy,dry,semi_arid,0,sunflower
116.0,81.0,55.0,5.92,95.12,26.42,83.7,clay,long_rains,coastal,0,banana
151.9,46.92,76.36,5.0,1884.81,16.64,83.13,silty,long_rains,highland,0,tea
120.66,60.7,104.73,6.4,605.51,15.02,63.97,loamy,long_rains,highland,0,cabbage
83.83,40.08,41.74,6.6,547.78,17.76,50.39,loamy,dry,highland,0,wheat
61.03,48.8,72.74,6.1,878.03,25.88,77.04,loamy,long_rains,coastal,0,cassava
33.0,47.0,46.0,6.84,209.41,29.2,93.97,sandy,long_rains,coastal,1,papaya
58.17,33.13,33.66,6.6,378.49,33.3,35.34,sandy,short_rains,arid,0,millet
45.0,57.0,47.0,6.66,161.69,23.17,90.79,loamy,transitional,coastal,0,papaya
21.0,21.0,30.0,5.4,100.77,27.7,51.42,loamy,transitional,coastal,1,mango
0.0,19.0,31.0,6.27,178.73,25.52,94.38,sandy,long_rains,coastal,1,coconut
179.97,52.2,192.12,6.7,1250.68,25.86,81.6,loamy,long_rains,sub_humid,0,banana
107.35,53.45,70.16,6.8,754.36,27.85,49.88,clay,long_rains,coastal,0,cotton
80.0,15.0,28.0,6.7,161.89,23.11,68.0,loamy,long_rains,highland,0,coffee
116.0,23.0,25.0,6.87,139.37,23.41,52.27,loamy,long_rains,highland,0,coffee
99.27,56.77,54.03,5.8,690.17,23.03,61.24,loamy,short_rains,sub_humid,0,maize
117.0,25.0,54.0,6.15,29.11,28.68,92.51,sandy,dry,semi_arid,0,muskmelon
34.0,60.0,22.0,5.64,100.67,17.66,18.15,loamy,long_rains,sub_humid,0,kidney_beans
4.0,59.0,25.0,6.23,54.62,27.69,81.94,loamy,transitional,sub_humid,0,mung_bean
72.59,51.69,107.88,6.5,649.3,22.41,65.33,loamy,long_rains,highland,0,sweetpotato
187.99,61.46,130.35,6.7,1580.18,25.67,73.56,clay,long_rains,coastal,1,sugarcane
28.0,37.0,28.0,6.1,98.63,32.13,50.53,loamy,transitional,coastal,0,mango
85.92,44.05,67.47,7.1,805.01,30.82,54.92,sandy,dry,coastal,1,mango
64.48,56.76,97.81,6.2,626.86,25.48,69.72,sandy,short_rains,highland,0,sweetpotato
98.66,74.01,124.68,6.2,570.76,21.97,66.35,loamy,dry,highland,0,tomato
26.03,60.64,48.57,7.5,435.72,18.45,39.28,loamy,dry,semi_arid,0,lentils
120.94,77.04,135.46,6.3,674.47,14.95,69.78,loamy,transitional,highland,0,potato
66.52,56.72,109.41,6.4,623.78,24.25,69.86,loamy,long_rains,sub_humid,0,sweetpotato
110.54,54.61,63.31,5.9,665.34,26.39,49.75,loamy,long_rains,coastal,0,cotton
17.0,136.0,195.0,6.39,65.9,41.21,81.61,loamy,dry,semi_arid,1,grapes
194.29,62.76,154.95,5.8,1670.58,30.7,73.45,loamy,long_rains,coastal,0,sugarcane
156.3,44.72,80.66,4.5,1996.11,16.47,79.03,loamy,long_rains,highland,0,tea
27.28,67.46,49.73,6.1,573.94,19.55,58.97,loamy,short_rains,sub_humid,0,beans
7.0,144.0,195.0,5.86,104.65,22.96,93.58,silty,transitional,highland,1,apple
111.0,5.0,55.0,6.52,50.79,26.28,84.42,sandy,dry,sub_humid,1,watermelon
104.47,60.28,73.96,5.9,866.68,27.61,53.41,loamy,long_rains,sub_humid,0,cotton
80.0,71.0,47.0,6.16,105.08,27.51,80.8,clay,long_rains,coastal,1,banana
64.54,43.08,84.53,6.3,937.03,26.92,76.02,sandy,long_rains,coastal,0,cassava
114.25,73.56,103.72,6.9,588.31,18.23,66.88,clay,short_rains,highland,1,cabbage
85.7,47.88,38.9,6.2,557.79,15.6,57.9,clay,dry,highland,0,wheat
31.51,64.92,50.35,6.5,613.75,21.64,66.07,loamy,short_rains,sub_humid,0,beans
170.01,59.69,192.45,6.4,1340.14,26.84,83.08,loamy,long_rains,coastal,0,banana
36.0,7.0,37.0,5.78,108.32,19.87,86.36,loamy,dry,semi_arid,1,pomegranate
39.56,70.0,60.51,5.7,772.3,27.37,57.12,loamy,long_rains,sub_humid,0,groundnut
116.07,84.62,137.35,5.1,669.24,14.22,68.63,silty,long_rains,highland,0,potato
25.0,21.0,11.0,6.46,104.71,32.24,90.15,sandy,transitional,sub_humid,0,orange
35.0,66.0,47.0,6.95,48.84,31.7,91.66,sandy,transitional,sub_humid,0,papaya
125.51,82.44,127.67,5.0,771.0,14.29,72.38,silty,transitional,highland,0,potato
28.18,57.79,46.2,7.2,452.68,18.87,50.89,clay,transitional,semi_arid,0,lentils
31.0,62.0,52.0,6.99,182.03,33.8,93.01,loamy,transitional,sub_humid,1,papaya
5.0,18.0,14.0,7.43,119.17,33.11,93.48,loamy,transitional,sub_humid,1,orange
84.53,46.47,64.21,6.1,1012.42,28.63,54.14,sandy,transitional,semi_arid,1,mango
6.0,69.0,19.0,4.75,94.47,26.89,41.7,sandy,long_rains,semi_arid,1,pigeon_peas
31.0,30.0,29.0,5.56,178.81,26.59,90.99,sandy,long_rains,coastal,1,coconut
91.21,57.14,50.63,6.4,689.39,22.85,68.48,silty,long_rains,sub_humid,0,maize
118.25,82.94,124.26,5.2,702.18,14.98,70.19,loamy,transitional,highland,1,potato
74.69,44.22,81.52,6.9,756.96,30.31,47.25,loamy,dry,coastal,1,mango
59.58,55.45,99.42,6.5,688.43,26.46,65.1,sandy,short_rains,sub_humid,0,sweetpotato
31.0,79.0,75.0,8.2,89.73,18.82,16.11,loamy,transitional,semi_arid,0,chickpea
35.63,69.14,49.62,7.5,618.46,21.1,59.49,loamy,long_rains,sub_humid,0,beans
72.73,47.17,39.99,5.9,459.91,29.87,44.46,loamy,dry,arid,0,sorghum
67.5,49.14,64.42,6.4,498.24,26.85,50.97,sandy,short_rains,sub_humid,1,sunflower
125.58,76.48,116.56,5.6,725.46,13.66,70.22,silty,transitional,highland,0,potato
110.64,79.95,132.43,7.0,586.34,22.16,64.66,silty,transitional,sub_humid,1,tomato
63.58,51.71,73.16,7.4,578.52,25.49,53.34,loamy,dry,sub_humid,0,sunflower
70.61,47.56,74.37,6.8,665.82,28.05,53.71,loamy,transitional,coastal,0,mango
122.0,40.0,17.0,6.85,80.04,24.96,81.32,loamy,long_rains,sub_humid,1,cotton
102.26,51.28,51.46,6.6,778.52,24.3,67.21,silty,long_rains,sub_humid,1,maize
117.52,51.04,39.51,6.2,1769.49,28.7,85.78,clay,long_rains,coastal,1,rice
102.0,69.9,100.46,6.4,491.94,20.23,54.63,sandy,dry,highland,1,onion
83.26,50.49,39.79,7.5,599.28,15.47,50.38,clay,dry,highland,1,wheat
113.0,38.0,20.0,6.36,74.94,22.11,78.58,loamy,long_rains,coastal,1,cotton
175.68,59.93,180.24,5.7,1526.45,26.8,80.19,loamy,long_rains,sub_humid,0,banana
67.21,63.79,70.65,6.8,550.45,25.16,47.47,sandy,short_rains,semi_arid,0,sunflower
94.32,55.02,51.59,6.8,700.7,23.04,71.5,loamy,long_rains,highland,1,maize
19.0,21.0,34.0,5.07,97.73,30.02,53.19,sandy,dry,coastal,1,mango
35.1,71.37,49.5,6.4,578.97,19.16,64.25,loamy,long_rains,highland,1,beans
22.0,67.0,22.0,7.48,54.94,29.03,64.49,clay,dry,semi_arid,1,lentils
35.49,61.82,51.07,6.5,494.29,21.5,63.08,silty,long_rains,sub_humid,0,beans
116.63,59.54,98.17,6.1,1587.27,19.29,72.53,loamy,long_rains,highland,0,coffee
197.73,72.57,124.55,6.8,1533.83,28.91,74.02,loamy,long_rains,sub_humid,1,sugarcane
34.49,71.53,54.58,6.1,521.07,20.17,62.65,loamy,short_rains,sub_humid,0,beans
6.0,7.0,7.0,7.2,114.0,27.68,94.47,loamy,transitional,sub_humid,0,orange
116.22,72.19,96.17,6.1,634.6,16.38,62.52,loamy,short_rains,highland,1,cabbage
75.0,56.0,18.0,5.7,60.95,19.4,62.36,silty,long_rains,sub_humid,1,maize
24.0,27.0,9.0,6.16,119.39,18.87,93.25,loamy,transitional,highland,1,orange
168.39,60.41,171.01,5.8,1340.03,26.69,82.39,loamy,long_rains,coastal,1,banana
63.67,51.73,62.52,6.1,515.61,27.65,49.12,loamy,dry,sub_humid,0,sunflower
28.11,56.42,49.28,6.5,582.86,20.25,51.49,loamy,transitional,highland,0,chickpea
1.0,29.0,29.0,6.05,93.53,27.33,49.3,sandy,dry,coastal,0,mango
80.63,47.12,70.7,7.2,756.17,31.53,59.41,loamy,dry,semi_arid,0,mango
10.0,70.0,19.0,7.27,41.61,24.85,68.98,clay,dry,semi_arid,1,lentils
100.89,56.31,53.14,6.2,645.85,22.54,66.81,loamy,long_rains,sub_humid,0,maize
28.87,63.77,43.37,6.2,400.41,16.92,45.95,clay,transitional,highland,0,lentils
71.72,45.45,65.14,6.4,951.37,29.02,60.1,loamy,transitional,semi_arid,1,mango
53.88,43.83,66.62,5.8,774.24,27.63,67.96,loamy,long_rains,coastal,0,cassava
34.78,64.06,56.67,6.6,678.57,28.82,59.49,sandy,long_rains,sub_humid,0,groundnut
31.0,60.0,24.0,7.72,51.92,25.4,65.86,clay,transitional,highland,0,lentils
23.0,23.0,27.0,5.16,97.31,34.72,51.43,sandy,transitional,coastal,0,mango
124.01,85.09,118.66,5.7,743.5,15.64,70.47,loamy,long_rains,highland,1,potato
122.93,68.38,132.88,6.5,741.67,14.78,70.44,loamy,long_rains,highland,1,potato
82.45,43.91,41.67,6.0,566.54,16.64,51.13,clay,dry,highland,0,wheat
125.11,64.32,107.17,7.2,616.46,17.14,70.16,clay,long_rains,highland,0,cabbage
30.99,68.84,55.97,7.2,610.12,21.01,61.56,silty,short_rains,highland,0,beans
104.61,55.59,52.05,6.4,723.02,22.25,68.86,loamy,long_rains,highland,0,maize
30.79,67.65,55.0,6.8,543.41,23.04,67.95,loamy,long_rains,sub_humid,0,beans
15.0,140.0,195.0,5.7,65.8,13.29,83.54,sandy,dry,highland,0,grapes
9.0,16.0,36.0,5.89,106.98,23.78,92.93,sandy,dry,semi_arid,0,pomegranate
111.0,5.0,47.0,6.27,21.18,28.03,91.47,loamy,transitional,semi_arid,0,muskmelon
50.0,47.0,48.0,6.71,218.23,24.64,90.62,loamy,transitional,sub_humid,1,papaya
60.23,57.15,71.44,6.2,582.36,27.94,51.55,sandy,short_rains,semi_arid,0,sunflower
96.85,69.74,103.41,6.9,462.66,22.05,47.73,loamy,dry,highland,1,onion
3.0,77.0,25.0,5.61,62.21,24.85,22.89,silty,short_rains,highland,0,kidney_beans
75.11,40.48,41.55,5.6,477.26,28.35,39.78,loamy,dry,arid,0,sorghum
85.68,47.01,72.48,6.3,861.78,31.56,53.93,loamy,dry,semi_arid,0,mango
74.02,42.55,40.05,6.2,558.17,17.34,54.6,loamy,dry,highland,1,wheat
102.0,11.0,47.0,6.5,27.15,27.99,92.78,loamy,transitional,sub_humid,1,muskmelon
67.8,54.46,112.34,5.7,606.11,23.25,67.02,sandy,short_rains,sub_humid,0,sweetpotato
125.19,88.5,130.65,6.3,726.1,14.3,72.9,silty,transitional,highland,0,potato
130.2,78.24,123.72,6.3,674.75,14.96,72.03,silty,long_rains,highland,0,potato
30.0,120.0,200.0,6.23,65.7,38.06,82.25,sandy,dry,semi_arid,1,grapes
178.5,55.96,190.14,6.7,1555.39,29.83,84.46,clay,long_rains,sub_humid,0,banana
105.72,53.21,47.81,6.7,811.58,23.01,63.86,silty,long_rains,highland,0,maize
178.08,59.04,144.32,6.3,1722.04,27.91,78.13,clay,long_rains,coastal,1,sugarcane
57.67,40.75,73.29,6.7,871.77,27.07,73.71,sandy,long_rains,coastal,0,cassava
80.13,51.04,67.57,6.9,568.14,25.8,46.14,loamy,short_rains,semi_arid,0,sunflower
155.71,39.3,75.67,4.7,1961.42,16.97,79.28,loamy,long_rains,highland,0,tea
93.0,56.0,42.0,7.38,195.09,23.86,82.23,silty,long_rains,coastal,1,rice
68.01,33.48,38.46,6.7,318.91,31.68,48.43,sandy,dry,arid,0,millet
61.07,52.94,87.86,6.4,800.61,26.99,71.63,loamy,long_rains,sub_humid,0,cassava
180.02,53.87,182.91,5.7,1551.97,26.07,82.93,loamy,long_rains,sub_humid,0,banana
104.32,73.63,130.72,7.0,594.32,21.76,65.65,loamy,dry,sub_humid,1,tomato
63.0,35.0,16.0,6.27,83.73,22.03,65.36,silty,long_rains,sub_humid,0,maize
34.96,60.89,49.16,6.2,516.27,22.21,65.67,loamy,long_rains,highland,0,beans
1.0,135.0,203.0,5.62,113.78,22.78,92.7,silty,transitional,highland,0,apple
31.0,121.0,201.0,5.73,110.71,23.16,90.34,silty,transitional,highland,0,apple
115.0,18.0,53.0,6.01,22.07,29.17,94.2,loamy,transitional,semi_arid,0,muskmelon
56.85,37.9,35.32,6.3,333.16,33.89,41.98,sandy,short_rains,semi_arid,0,millet
37.17,65.96,52.45,7.1,555.47,20.9,60.67,loamy,long_rains,highland,0,beans
95.0,30.0,52.0,6.64,26.04,29.48,90.34,sandy,dry,semi_arid,0,muskmelon
87.3,51.63,39.57,6.7,583.25,16.07,53.84,loamy,dry,highland,0,wheat
115.65,79.68,133.42,5.5,682.71,17.12,68.28,silty,long_rains,highland,1,potato
27.68,57.82,43.38,6.6,524.61,20.87,54.73,sandy,transitional,semi_arid,1,chickpea
35.06,67.58,50.73,7.1,562.34,20.42,68.61,silty,long_rains,highland,1,beans
105.0,18.0,35.0,6.74,171.88,23.53,68.44,loamy,long_rains,highland,0,coffee
75.6,51.32,73.01,6.7,621.59,26.66,43.42,sandy,short_rains,sub_humid,0,sunflower
120.31,74.91,106.0,6.3,577.73,14.95,70.3,loamy,short_rains,highland,1,cabbage
87.07,44.73,70.83,6.3,897.86,28.95,57.03,loamy,transitional,semi_arid,0,mango
94.96,52.15,49.75,5.9,783.1,22.83,71.59,loamy,long_rains,highland,0,maize
29.79,50.54,44.08,6.6,378.63,19.62,44.49,clay,dry,semi_arid,1,lentils
26.0,72.0,22.0,4.67,91.72,28.77,37.58,loamy,short_rains,sub_humid,0,pigeon_peas
40.79,64.08,70.69,6.8,621.11,28.3,60.91,sandy,long_rains,coastal,0,groundnut
118.12,78.66,137.0,5.4,754.43,13.53,66.35,loamy,transitional,highland,0,potato
70.11,47.24,43.05,6.8,407.34,29.92,46.03,loamy,short_rains,arid,0,sorghum
39.92,67.35,64.97,6.7,773.99,28.11,62.83,sandy,long_rains,coastal,0,groundnut
0.0,145.0,205.0,5.52,113.98,21.23,90.1,silty,dry,highland,1,apple
129.74,60.92,106.17,6.1,574.9,16.09,61.19,clay,short_rains,highland,1,cabbage
113.91,50.81,47.8,6.1,2084.79,26.45,82.87,silty,long_rains,sub_humid,1,rice
70.44,52.63,108.56,5.6,584.64,26.05,65.54,sandy,short_rains,highland,0,sweetpotato
35.0,131.0,203.0,5.89,102.72,22.43,93.92,silty,dry,highland,0,apple
192.5,55.72,141.89,7.1,1647.46,31.4,75.07,clay,long_rains,sub_humid,0,sugarcane
8.0,23.0,38.0,7.01,105.48,19.3,87.18,loamy,transitional,arid,1,pomegranate
14.0,131.0,198.0,5.56,67.92,33.46,83.87,sandy,dry,semi_arid,0,grapes
108.0,82.6,135.69,6.2,576.26,23.22,66.96,silty,dry,sub_humid,1,tomato
145.7,38.97,81.74,4.8,2103.01,15.9,73.02,silty,long_rains,highland,0,tea
67.95,54.47,110.63,6.6,682.58,26.19,68.74,sandy,short_rains,highland,0,sweetpotato
26.69,57.06,40.57,6.6,370.22,17.95,52.91,clay,dry,highland,0,lentils
31.18,54.58,54.9,5.6,488.92,20.61,56.25,sandy,dry,highland,1,chickpea
64.77,51.63,106.13,5.8,667.11,23.98,72.57,sandy,short_rains,highland,0,sweetpotato
63.92,45.42,41.33,7.3,480.38,31.08,51.04,sandy,dry,arid,0,sorghum
33.37,63.95,73.72,6.8,622.61,27.07,55.77,sandy,long_rains,coastal,0,groundnut
106.0,21.0,52.0,6.29,23.04,28.9,94.79,loamy,transitional,sub_humid,0,muskmelon
36.0,67.0,25.0,6.42,136.05,35.95,36.53,sandy,long_rains,sub_humid,0,pigeon_peas
118.73,57.57,47.54,6.5,1901.9,26.24,86.5,clay,long_rains,sub_humid,1,rice
67.94,41.26,36.8,7.4,438.85,26.76,44.96,sandy,short_rains,semi_arid,0,sorghum
27.77,53.73,38.77,5.7,521.91,20.98,55.83,sandy,dry,semi_arid,0,chickpea
61.91,61.35,97.21,6.3,636.96,24.61,66.21,loamy,short_rains,highland,0,sweetpotato
173.16,62.89,190.16,6.8,1323.64,25.66,83.84,clay,long_rains,coastal,0,banana
81.47,39.95,72.41,5.6,1015.09,28.8,61.54,loamy,transitional,semi_arid,0,mango
130.42,62.23,107.59,6.1,1523.36,19.09,75.45,silty,long_rains,highland,0,coffee
20.0,139.0,202.0,5.67,107.99,23.5,92.21,silty,transitional,highland,1,apple
29.57,63.55,64.7,6.2,658.67,28.7,54.95,sandy,long_rains,coastal,0,groundnut
36.0,19.0,32.0,4.94,92.37,27.11,50.71,sandy,dry,semi_arid,0,mango
99.33,51.91,72.93,6.3,742.09,28.35,53.19,loamy,long_rains,sub_humid,0,cotton
106.0,21.0,35.0,7.43,188.55,25.63,57.04,loamy,long_rains,highland,0,coffee
119.0,9.0,50.0,6.25,40.79,26.75,83.92,loamy,short_rains,sub_humid,0,watermelon
81.0,34.0,30.0,6.65,135.01,25.18,62.26,silty,long_rains,highland,0,coffee
78.0,37.0,22.0,6.33,74.52,25.34,63.32,silty,long_rains,highland,0,maize
71.77,53.22,103.99,5.9,612.67,23.64,72.84,loamy,short_rains,highland,0,sweetpotato
64.29,48.36,102.17,6.0,661.27,26.55,67.17,sandy,long_rains,highland,1,sweetpotato
83.0,10.0,53.0,6.2,48.76,24.93,85.01,sandy,short_rains,semi_arid,1,watermelon
108.01,54.98,45.63,5.8,698.09,23.13,71.67,silty,short_rains,sub_humid,0,maize
16.0,80.0,20.0,7.34,122.01,31.24,56.67,loamy,long_rains,semi_arid,0,pigeon_peas
77.12,43.92,70.66,7.5,734.25,28.4,57.19,sandy,transitional,coastal,0,mango
5.0,29.0,44.0,5.58,104.78,21.02,93.06,sandy,dry,arid,0,pomegranate
13.0,61.0,22.0,7.73,46.83,19.44,63.28,clay,transitional,semi_arid,0,lentils
59.62,50.04,82.78,6.6,847.29,25.09,73.32,loamy,long_rains,coastal,0,cassava
75.65,46.47,76.26,7.0,873.36,28.4,58.79,sandy,dry,coastal,0,mango
151.75,41.06,74.68,4.9,2101.27,16.39,79.55,silty,long_rains,highland,0,tea
170.53,56.04,183.76,5.6,1436.81,24.88,77.92,clay,long_rains,sub_humid,1,banana
61.98,45.24,73.46,6.0,845.87,27.03,70.41,sandy,long_rains,coastal,0,cassava
37.0,66.0,85.0,6.46,78.07,20.93,18.91,sandy,transitional,semi_arid,1,chickpea
93.17,55.69,49.32,5.9,724.3,23.49,68.12,silty,long_rains,sub_humid,0,maize
58.57,44.24,79.24,6.5,909.37,26.16,74.22,sandy,long_rains,sub_humid,0,cassava
121.16,55.93,43.84,6.5,1599.42,26.3,84.56,silty,long_rains,coastal,0,rice
46.67,39.03,34.34,6.3,309.63,29.15,43.07,sandy,dry,semi_arid,0,millet
35.0,48.0,15.0,6.98,55.04,27.11,87.45,loamy,short_rains,semi_arid,0,mung_bean
45.0,58.0,49.0,6.83,75.25,30.11,90.35,loamy,transitional,sub_humid,1,papaya
75.53,51.0,70.55,6.1,628.89,24.19,48.92,sandy,dry,semi_arid,1,sunflower
30.54,64.7,53.6,7.0,595.2,21.41,60.67,loamy,short_rains,sub_humid,0,beans
48.94,42.52,80.58,5.7,811.16,24.78,76.15,sandy,long_rains,sub_humid,0,cassava
29.9,53.15,52.74,6.4,585.89,21.34,51.45,loamy,transitional,semi_arid,0,chickpea
131.63,82.29,126.61,6.2,780.83,13.41,70.19,silty,transitional,highland,0,potato
98.0,47.0,37.0,7.38,224.06,23.48,81.33,silty,long_rains,sub_humid,1,rice
123.6,67.34,102.07,5.6,1679.66,17.23,74.09,silty,long_rains,highland,1,coffee
99.0,70.0,46.0,5.73,100.51,26.6,83.0,loamy,long_rains,coastal,0,banana
74.46,48.86,38.86,6.5,557.93,17.23,57.99,clay,dry,highland,0,wheat
102.21,51.07,52.28,5.9,713.08,24.97,67.04,loamy,long_rains,highland,0,maize
116.31,81.29,139.39,6.3,715.0,15.32,66.88,loamy,long_rains,highland,1,potato
62.0,52.0,16.0,6.97,63.87,22.28,58.84,silty,long_rains,sub_humid,0,maize
99.78,56.37,52.02,6.3,735.09,23.2,65.58,loamy,long_rains,sub_humid,0,maize
60.0,47.26,90.55,6.0,868.72,27.57,71.26,sandy,long_rains,sub_humid,0,cassava
104.5,49.45,60.0,6.2,785.2,29.2,48.16,loamy,long_rains,coastal,0,cotton
79.12,43.72,40.39,5.6,506.06,30.07,49.84,loamy,dry,arid,1,sorghum
103.01,78.5,126.65,6.5,527.71,23.47,63.44,silty,transitional,sub_humid,1,tomato
74.0,54.0,38.0,7.12,217.38,25.66,83.47,silty,long_rains,sub_humid,0,rice
118.0,13.0,54.0,6.04,44.08,24.41,89.82,sandy,short_rains,semi_arid,0,watermelon
10.0,37.0,22.0,7.07,58.53,28.73,89.13,sandy,short_rains,semi_arid,0,mung_bean
32.41,67.41,69.2,7.0,772.53,27.27,56.44,loamy,long_rains,sub_humid,0,groundnut
5.0,126.0,197.0,6.42,67.1,12.8,81.21,sandy,dry,semi_arid,1,grapes
120.0,60.0,15.0,7.29,65.36,22.32,83.86,loamy,long_rains,coastal,1,cotton
32.0,71.0,85.0,6.4,92.07,20.63,14.44,sandy,dry,highland,0,chickpea
70.49,53.86,105.01,5.5,632.7,25.0,68.95,loamy,long_rains,sub_humid,0,sweetpotato
125.66,67.06,105.73,6.2,629.01,18.88,67.25,clay,short_rains,highland,0,cabbage
8.0,6.0,33.0,6.1,171.95,28.28,93.65,sandy,long_rains,coastal,1,coconut
132.11,78.39,131.69,5.6,755.83,14.43,69.16,silty,transitional,highland,1,potato
6.0,47.0,18.0,6.72,40.17,29.16,80.28,loamy,transitional,semi_arid,0,mung_bean
51.97,30.09,35.99,6.0,333.23,34.64,39.19,sandy,dry,arid,0,millet
122.65,52.41,46.42,6.8,1897.68,25.8,82.22,clay,long_rains,coastal,0,rice
124.04,71.99,121.88,6.3,650.91,13.25,66.49,silty,transitional,highland,1,potato
35.0,18.0,26.0,5.28,97.39,31.99,50.85,sandy,dry,coastal,0,mango
30.56,70.63,66.18,6.3,618.93,29.07,53.94,loamy,long_rains,coastal,0,groundnut
126.78,67.01,97.11,7.0,655.05,16.12,65.19,loamy,long_rains,highland,0,cabbage
31.59,66.86,65.29,5.5,667.24,27.63,58.32,loamy,long_rains,coastal,0,groundnut
32.98,61.79,68.86,6.7,705.52,27.67,60.88,sandy,long_rains,sub_humid,0,groundnut
117.0,79.0,49.0,6.18,112.98,25.41,82.36,loamy,long_rains,sub_humid,0,banana
117.08,49.62,46.92,6.6,1767.48,27.23,84.22,silty,long_rains,sub_humid,0,rice
151.96,50.44,88.83,5.8,2103.54,16.85,80.21,loamy,long_rains,highland,0,tea
85.0,25.0,47.0,6.3,58.48,26.11,87.64,loamy,short_rains,sub_humid,1,watermelon
117.48,74.25,137.71,5.8,699.4,16.57,70.64,loamy,long_rains,highland,1,potato
116.11,55.55,40.36,6.6,1906.63,27.14,82.88,silty,long_rains,sub_humid,1,rice
114.52,76.85,111.44,6.9,647.22,14.74,71.03,clay,long_rains,highland,0,cabbage
97.91,65.39,95.27,6.3,398.27,21.54,48.89,loamy,dry,highland,1,onion
64.92,40.24,74.28,6.9,914.15,28.27,72.97,sandy,long_rains,coastal,0,cassava
117.16,53.92,45.46,6.1,1687.88,27.84,80.24,clay,long_rains,sub_humid,0,rice
63.0,58.0,22.0,6.2,63.72,18.25,55.28,silty,long_rains,sub_humid,1,maize
25.26,56.74,46.56,6.8,566.47,20.42,46.29,loamy,dry,highland,0,chickpea
25.16,57.11,48.01,6.5,499.16,19.96,55.68,loamy,dry,highland,1,chickpea
129.26,66.47,109.73,5.7,1424.11,19.26,79.69,silty,long_rains,highland,0,coffee
179.44,58.29,146.04,6.0,1536.39,30.76,74.24,loamy,long_rains,sub_humid,0,sugarcane
21.84,54.53,50.28,5.6,535.49,22.1,51.07,loamy,transitional,highland,0,chickpea
33.8,68.25,60.11,6.2,675.36,28.69,57.59,sandy,long_rains,sub_humid,1,groundnut
120.32,61.39,109.16,5.6,1600.32,19.98,77.35,silty,long_rains,highland,0,coffee
78.68,38.47,40.83,7.5,560.97,16.83,52.87,loamy,dry,highland,1,wheat
107.11,80.48,121.53,6.5,519.98,24.79,63.81,loamy,dry,sub_humid,1,tomato
126.23,51.22,112.63,5.8,1524.77,19.23,74.2,loamy,long_rains,highland,1,coffee
76.47,46.32,76.11,5.6,839.14,28.65,56.43,loamy,dry,semi_arid,0,mango
198.83,58.05,133.13,7.2,1513.4,31.21,74.49,clay,long_rains,coastal,1,sugarcane
72.0,45.0,35.0,5.76,195.36,25.43,82.95,silty,long_rains,sub_humid,1,rice
34.34,68.31,69.28,5.8,622.69,28.0,58.38,sandy,long_rains,coastal,0,groundnut
111.0,39.0,22.0,6.14,88.57,22.6,80.35,clay,long_rains,sub_humid,0,cotton
69.0,60.0,54.0,6.99,141.17,36.32,93.06,loamy,transitional,coastal,1,papaya
70.83,49.44,71.6,7.5,565.0,24.46,48.78,loamy,dry,sub_humid,0,sunflower
57.08,38.26,32.65,6.4,312.59,32.67,41.09,sandy,dry,arid,0,millet
35.75,65.62,49.83,6.5,609.86,21.37,65.45,loamy,short_rains,sub_humid,1,beans
94.73,59.62,48.59,6.2,704.05,23.64,65.2,silty,short_rains,sub_humid,0,maize
131.0,38.0,19.0,6.81,90.45,23.87,75.68,loamy,long_rains,sub_humid,0,cotton
80.71,44.05,38.61,6.2,550.1,16.88,50.06,clay,dry,highland,1,wheat
65.87,37.91,41.32,5.7,377.04,31.11,39.78,loamy,short_rains,arid,0,sorghum
65.21,36.96,37.93,6.9,499.84,32.01,42.52,loamy,short_rains,semi_arid,1,sorghum
21.0,17.0,15.0,7.46,118.49,23.98,91.55,sandy,transitional,sub_humid,0,orange
121.18,52.3,47.98,6.7,1801.49,28.35,90.41,clay,long_rains,sub_humid,1,rice
12.0,142.0,203.0,5.97,65.01,31.31,82.56,sandy,dry,highland,1,grapes
61.46,36.64,35.83,6.3,307.53,28.56,40.37,sandy,short_rains,arid,0,millet
59.63,50.44,89.81,6.7,847.47,27.93,74.53,sandy,long_rains,coastal,0,cassava
157.93,46.84,85.79,4.7,1999.35,17.09,80.51,loamy,long_rains,highland,0,tea
120.56,73.2,99.26,6.5,635.53,14.79,72.89,loamy,short_rains,highland,1,cabbage
193.5,59.26,136.52,7.5,1681.14,30.3,72.58,clay,long_rains,coastal,0,sugarcane
102.23,73.87,97.76,6.4,438.78,22.87,53.35,sandy,dry,semi_arid,1,onion
123.93,56.05,49.76,6.9,1803.28,26.51,84.47,silty,long_rains,coastal,0,rice
63.97,56.22,108.71,5.9,683.38,24.65,70.02,loamy,short_rains,highland,0,sweetpotato
35.0,52.0,19.0,6.7,37.46,27.11,89.9,sandy,transitional,semi_arid,0,mung_bean
148.39,45.53,81.84,5.0,2009.97,16.03,79.12,silty,long_rains,highland,0,tea
101.25,80.49,120.01,6.7,544.54,23.42,64.1,loamy,dry,sub_humid,0,tomato
27.54,60.48,48.47,7.1,584.17,21.04,59.99,silty,long_rains,sub_humid,0,beans
109.0,79.0,45.0,6.49,108.66,27.67,79.69,loamy,long_rains,sub_humid,0,banana
4.0,46.0,15.0,3.5,63.77,31.01,62.4,sandy,dry,semi_arid,0,moth_beans
127.89,84.65,118.52,5.8,703.72,14.18,68.0,silty,long_rains,highland,0,potato
116.04,53.95,78.0,7.3,851.88,29.82,46.63,clay,long_rains,coastal,0,cotton
11.0,122.0,195.0,5.65,69.63,12.14,83.57,loamy,dry,semi_arid,1,grapes
102.22,62.91,47.05,6.4,734.99,22.67,66.43,silty,long_rains,highland,0,maize
40.19,66.73,67.84,6.0,710.19,26.89,58.08,loamy,long_rains,sub_humid,0,groundnut
30.0,122.0,197.0,5.57,106.14,21.38,92.72,loamy,dry,highland,0,apple
148.08,46.69,82.52,4.7,2009.9,15.36,81.64,silty,long_rains,highland,0,tea
104.63,70.24,109.2,6.1,422.29,22.01,48.86,sandy,dry,semi_arid,1,onion
58.33,43.09,37.84,6.7,303.04,32.86,33.71,sandy,dry,arid,0,millet
143.37,45.18,76.38,5.6,2157.68,15.17,78.5,loamy,long_rains,highland,0,tea
25.49,65.79,44.06,6.8,401.86,19.16,45.27,loamy,transitional,semi_arid,0,lentils
44.0,59.0,78.0,7.6,84.78,20.68,19.85,loamy,transitional,highland,1,chickpea
31.77,67.39,56.4,6.3,546.61,19.91,64.15,silty,long_rains,highland,0,beans
2.0,38.0,33.0,4.69,90.22,32.39,53.23,loamy,transitional,semi_arid,0,mango
118.06,79.24,127.09,6.0,828.11,13.55,69.71,loamy,transitional,highland,1,potato
70.07,44.84,40.7,7.4,465.75,28.86,46.9,sandy,short_rains,arid,0,sorghum
60.36,46.8,86.61,6.8,960.5,25.81,67.22,loamy,long_rains,sub_humid,0,cassava
129.0,60.0,22.0,5.95,71.95,24.58,79.12,loamy,long_rains,coastal,1,cotton
96.11,56.46,51.97,6.3,746.66,23.04,63.06,loamy,short_rains,highland,0,maize
66.89,58.38,63.26,7.3,606.3,26.13,46.15,sandy,dry,semi_arid,0,sunflower
2.0,38.0,18.0,6.62,45.49,27.54,89.93,loamy,short_rains,semi_arid,0,mung_bean
129.7,72.89,127.53,6.2,625.51,15.72,72.41,loamy,transitional,highland,1,potato
21.65,65.35,45.46,7.2,401.2,19.18,46.17,loamy,dry,semi_arid,0,lentils
181.65,61.31,141.63,5.7,1629.09,31.6,73.45,clay,long_rains,coastal,0,sugarcane
39.0,24.0,39.0,6.43,109.81,23.65,93.33,sandy,dry,arid,1,pomegranate
66.6,47.99,80.55,6.1,913.75,28.31,70.76,sandy,long_rains,coastal,0,cassava
33.6,57.13,53.31,7.2,546.05,18.89,60.11,silty,long_rains,highland,0,beans
29.79,63.05,53.09,7.4,616.92,22.26,65.53,silty,short_rains,sub_humid,0,beans
49.0,61.0,45.0,6.76,240.48,32.77,94.57,loamy,long_rains,sub_humid,0,papaya
38.0,138.0,204.0,6.33,73.01,25.11,83.25,sandy,dry,semi_arid,0,grapes
80.39,42.35,40.65,6.9,564.93,16.34,53.78,loamy,dry,highland,1,wheat
68.6,57.93,76.97,7.2,557.12,26.02,45.97,loamy,dry,semi_arid,0,sunflower
96.25,54.83,48.46,6.0,632.91,23.09,62.65,silty,long_rains,sub_humid,0,maize
107.74,52.96,66.78,6.5,742.16,29.77,51.36,clay,long_rains,sub_humid,0,cotton
57.81,41.63,68.2,6.5,926.4,25.77,72.51,sandy,long_rains,sub_humid,1,cassava
102.85,88.71,130.63,6.9,565.0,22.59,64.12,silty,transitional,sub_humid,1,tomato
41.92,67.85,51.51,6.9,574.26,21.01,63.75,loamy,long_rains,sub_humid,1,beans
145.52,47.39,81.11,5.0,1885.85,14.93,78.94,loamy,long_rains,highland,0,tea
5.0,16.0,31.0,4.56,98.01,35.96,48.7,loamy,dry,semi_arid,0,mango
25.0,27.0,41.0,6.92,108.04,19.2,94.28,loamy,transitional,arid,0,pomegranate
28.56,62.51,53.94,6.3,612.14,20.91,64.11,loamy,long_rains,highland,1,beans
114.0,8.0,50.0,6.58,57.96,24.75,88.31,sandy,dry,semi_arid,0,watermelon
48.02,37.36,32.4,6.4,323.89,35.57,46.72,sandy,dry,arid,0,millet
11.0,14.0,5.0,6.95,115.57,11.5,94.89,loamy,transitional,sub_humid,0,orange
123.29,53.65,49.69,6.7,2128.13,30.12,83.24,clay,long_rains,coastal,1,rice
2.0,143.0,196.0,5.67,109.89,22.71,90.45,silty,transitional,highland,0,apple
39.0,65.0,23.0,7.69,41.03,25.43,69.13,loamy,dry,semi_arid,0,lentils
12.0,63.0,17.0,5.72,138.41,18.36,19.38,silty,short_rains,sub_humid,0,kidney_beans
98.0,35.0,18.0,6.25,91.76,23.8,74.83,loamy,short_rains,highland,1,maize
49.0,69.0,82.0,7.26,81.79,18.32,15.36,sandy,dry,highland,0,chickpea
27.0,138.0,201.0,5.95,105.4,23.67,93.9,loamy,transitional,highland,1,apple
86.0,76.0,54.0,5.93,90.11,29.32,80.12,clay,long_rains,sub_humid,1,banana
0.0,55.0,22.0,5.92,143.86,22.99,20.58,silty,long_rains,highland,0,kidney_beans
100.77,55.75,51.63,5.9,688.59,24.43,70.88,loamy,short_rains,sub_humid,1,maize
117.01,51.94,47.86,5.6,2149.09,26.18,82.17,silty,long_rains,coastal,1,rice
41.0,62.0,15.0,7.36,65.24,29.38,64.15,loamy,transitional,coastal,0,blackgram
28.4,60.0,46.35,6.2,372.01,19.55,48.66,loamy,transitional,semi_arid,0,lentils
117.97,62.96,97.66,5.9,1737.2,20.49,74.84,silty,long_rains,highland,0,coffee
122.36,73.8,104.97,6.4,639.34,16.55,70.76,clay,long_rains,highland,0,cabbage
32.41,67.07,53.16,6.4,578.39,20.8,58.23,loamy,short_rains,highland,0,beans
27.92,62.7,45.51,8.0,407.32,17.36,48.93,loamy,transitional,highland,1,lentils
56.55,45.77,83.88,6.7,939.57,25.35,70.78,sandy,long_rains,sub_humid,0,cassava
109.57,56.76,70.65,7.2,772.16,28.54,51.53,clay,long_rains,sub_humid,1,cotton
101.0,25.0,52.0,6.75,22.52,29.1,94.22,loamy,transitional,sub_humid,0,muskmelon
69.36,52.52,71.53,6.5,576.34,23.38,49.21,sandy,short_rains,sub_humid,1,sunflower
122.82,85.72,128.06,5.9,709.6,15.94,71.24,silty,transitional,highland,0,potato
143.85,46.44,83.54,4.9,1976.44,15.42,82.39,silty,long_rains,highland,0,tea
125.0,60.0,17.0,6.79,80.36,24.14,84.52,clay,long_rains,sub_humid,0,cotton
77.68,38.96,64.05,6.0,771.81,33.25,52.59,sandy,dry,coastal,0,mango
132.5,71.72,101.15,7.3,650.26,18.18,64.87,clay,long_rains,highland,0,cabbage
96.93,61.21,89.83,6.0,417.26,21.97,53.28,loamy,dry,semi_arid,0,onion
52.73,34.6,32.81,6.8,255.58,32.21,37.91,sandy,dry,arid,0,millet
76.08,47.76,43.99,6.8,598.49,15.25,58.57,clay,dry,highland,0,wheat
75.69,48.15,68.0,6.8,761.87,29.04,60.27,sandy,transitional,semi_arid,0,mango
55.06,44.07,82.16,5.9,960.71,26.86,69.79,sandy,long_rains,sub_humid,0,cassava
81.83,45.68,40.69,7.2,592.14,17.24,54.57,loamy,dry,highland,0,wheat
27.23,45.91,44.42,7.0,555.42,16.55,46.76,loamy,dry,semi_arid,0,chickpea
103.51,66.27,100.91,7.4,443.6,20.7,55.34,loamy,dry,semi_arid,1,onion
152.0,44.78,79.23,5.8,1878.15,18.44,78.0,loamy,long_rains,highland,0,tea
71.0,46.0,40.0,7.24,191.95,20.28,82.12,silty,long_rains,sub_humid,1,rice
67.0,47.0,44.0,7.87,280.4,26.73,81.79,silty,long_rains,coastal,1,rice
55.0,77.0,22.0,7.76,64.78,31.43,62.99,clay,short_rains,coastal,0,blackgram
127.48,82.91,131.5,5.0,643.63,16.03,71.95,loamy,long_rains,highland,1,potato
101.47,75.27,140.88,6.1,571.11,23.67,63.31,silty,transitional,highland,0,tomato
29.41,57.61,41.04,7.3,360.68,19.17,49.46,clay,transitional,semi_arid,0,lentils
27.0,60.0,17.0,7.03,64.42,26.42,63.65,clay,transitional,coastal,0,blackgram
73.57,48.18,68.43,6.0,581.89,25.46,48.24,sandy,dry,semi_arid,0,sunflower
130.21,76.81,126.1,6.2,741.24,13.45,71.02,silty,transitional,highland,0,potato
126.88,56.8,41.9,6.3,1966.96,28.57,83.7,clay,long_rains,sub_humid,1,rice
32.05,68.38,48.41,6.4,495.35,21.77,63.09,silty,long_rains,highland,0,beans
105.26,56.05,68.47,6.2,629.0,30.27,54.94,clay,long_rains,coastal,1,cotton
56.48,36.48,34.53,6.1,303.89,32.38,35.9,sandy,short_rains,arid,0,millet
86.25,39.36,69.97,6.5,760.61,27.49,56.12,loamy,transitional,semi_arid,0,mango
35.67,66.47,53.4,7.0,543.64,22.62,59.29,loamy,long_rains,sub_humid,0,beans
178.97,56.55,180.91,6.3,1534.39,26.88,78.03,loamy,long_rains,coastal,0,banana
122.03,64.28,87.76,6.6,554.62,16.37,58.51,loamy,short_rains,highland,1,cabbage
68.02,45.24,41.9,5.6,471.35,28.17,45.65,loamy,short_rains,semi_arid,0,sorghum
91.07,46.07,39.75,6.1,527.38,17.23,59.42,clay,dry,highland,1,wheat
14.0,5.0,36.0,5.83,104.77,24.93,85.19,loamy,dry,semi_arid,1,pomegranate
184.4,45.3,145.27,6.8,1583.95,30.64,70.39,loamy,long_rains,coastal,1,sugarcane
14.0,23.0,25.0,5.61,135.42,26.19,96.97,loamy,long_rains,coastal,0,coconut
71.77,55.57,71.33,7.4,604.11,24.91,47.89,sandy,dry,semi_arid,0,sunflower
66.43,56.04,66.83,6.8,559.45,26.45,48.24,sandy,short_rains,sub_humid,0,sunflower
19.0,120.0,195.0,5.93,73.56,18.74,81.12,loamy,dry,highland,0,grapes
105.93,82.8,118.03,6.7,560.06,23.88,57.23,silty,transitional,highland,1,tomato
33.13,64.21,72.31,5.8,717.46,29.79,51.64,sandy,long_rains,sub_humid,0,groundnut
64.86,45.71,44.39,6.9,496.33,29.78,46.55,sandy,dry,semi_arid,0,sorghum
149.94,40.47,86.63,5.9,2118.82,16.03,78.98,silty,long_rains,highland,0,tea
28.0,27.0,34.0,6.53,95.05,32.45,50.7,sandy,dry,coastal,0,mango
29.62,63.14,54.01,6.4,549.76,22.42,61.28,loamy,short_rains,highland,0,beans
101.82,58.59,50.5,6.0,809.24,24.82,62.62,loamy,short_rains,sub_humid,0,maize
2.0,67.0,18.0,5.92,129.01,34.52,47.53,sandy,long_rains,semi_arid,1,pigeon_peas
158.57,42.86,79.61,4.9,1936.6,17.61,81.25,silty,long_rains,highland,0,tea
120.0,24.0,47.0,6.26,58.55,26.99,89.41,loamy,short_rains,semi_arid,0,watermelon
172.58,56.71,143.04,7.3,1546.74,28.1,70.03,clay,long_rains,sub_humid,1,sugarcane
54.88,42.94,83.53,5.6,930.96,28.4,73.04,loamy,long_rains,coastal,0,cassava
32.03,62.39,51.84,7.4,596.13,18.45,59.11,silty,short_rains,highland,1,beans
30.49,59.48,47.39,6.2,382.59,18.96,46.91,loamy,transitional,semi_arid,0,lentils
101.33,53.6,52.59,6.4,685.87,22.27,70.2,silty,short_rains,highland,0,maize
30.06,62.72,54.85,6.8,615.52,19.81,58.9,loamy,long_rains,sub_humid,0,beans
95.0,75.0,45.0,5.83,109.02,28.98,82.96,loamy,long_rains,coastal,0,banana
74.77,40.92,40.54,7.5,409.28,27.84,46.63,loamy,dry,arid,0,sorghum
173.11,62.86,135.49,5.7,1640.87,26.38,70.35,clay,long_rains,coastal,1,sugarcane
71.26,42.39,82.96,5.7,874.91,27.29,74.38,sandy,long_rains,coastal,0,cassava
103.92,71.09,129.58,6.8,559.64,23.4,59.76,loamy,dry,highland,1,tomato
65.87,40.97,39.64,7.1,412.83,28.77,48.05,loamy,dry,arid,0,sorghum
95.0,27.0,55.0,6.16,20.89,28.47,91.21,sandy,dry,semi_arid,0,muskmelon
91.26,46.91,36.97,7.1,599.81,16.27,49.5,clay,dry,highland,0,wheat
101.34,55.63,46.53,6.5,824.22,22.7,67.24,silty,long_rains,sub_humid,1,maize
124.29,57.83,45.81,6.1,1736.62,27.11,82.41,clay,long_rains,sub_humid,0,rice
66.9,42.94,41.23,5.5,433.91,28.14,45.1,loamy,short_rains,semi_arid,0,sorghum
30.71,65.33,63.12,5.5,699.88,29.5,52.68,sandy,long_rains,coastal,0,groundnut
90.01,49.25,53.03,6.9,679.42,21.18,66.24,silty,short_rains,sub_humid,0,maize
102.15,62.35,53.05,6.2,673.7,19.71,58.8,loamy,long_rains,highland,0,maize
33.39,69.83,64.81,6.0,785.6,28.48,57.77,sandy,long_rains,sub_humid,0,groundnut
14.0,128.0,205.0,6.23,116.04,22.61,94.59,silty,transitional,highland,0,apple
97.7,77.41,123.14,6.2,503.88,23.96,65.28,silty,dry,sub_humid,1,tomato
113.0,20.0,48.0,6.44,27.28,27.47,94.88,sandy,transitional,semi_arid,0,muskmelon
67.47,56.74,99.1,6.7,537.18,23.7,71.88,sandy,long_rains,highland,0,sweetpotato
85.0,33.0,25.0,6.91,189.09,26.21,52.51,loamy,long_rains,highland,0,coffee
158.12,54.75,85.98,5.3,1694.74,17.97,78.43,loamy,long_rains,highland,1,tea
75.32,45.37,71.51,7.4,787.74,29.83,58.48,sandy,transitional,coastal,0,mango
98.88,64.6,113.49,7.0,429.88,21.53,47.24,loamy,dry,semi_arid,1,onion
32.05,69.31,47.87,6.1,579.67,21.05,66.49,silty,long_rains,sub_humid,0,beans
117.45,67.66,120.84,7.3,583.57,16.76,70.45,loamy,short_rains,highland,1,cabbage
99.58,54.44,72.97,6.0,779.8,28.81,52.29,loamy,long_rains,sub_humid,1,cotton
190.1,61.39,137.3,7.2,1631.99,28.68,69.15,loamy,long_rains,sub_humid,1,sugarcane
27.18,58.13,46.83,6.8,545.87,18.66,55.01,loamy,dry,semi_arid,1,chickpea
80.64,43.09,72.55,7.0,785.95,27.65,53.69,loamy,transitional,coastal,0,mango
124.32,77.32,131.92,6.0,686.07,14.27,73.17,silty,transitional,highland,0,potato
29.45,58.25,45.11,6.8,549.58,19.9,46.26,sandy,transitional,semi_arid,1,chickpea
69.0,55.0,38.0,5.7,271.32,22.71,82.64,silty,long_rains,sub_humid,1,rice
99.46,77.48,119.24,6.1,561.76,20.66,62.93,loamy,transitional,highland,1,tomato
112.08,53.13,75.49,7.2,881.43,26.88,48.54,clay,long_rains,sub_humid,0,cotton
58.11,42.13,38.11,6.9,340.65,31.17,44.95,sandy,short_rains,semi_arid,0,millet
27.0,56.0,20.0,6.42,51.54,29.21,87.11,sandy,transitional,sub_humid,0,mung_bean
133.0,50.0,25.0,7.57,99.93,25.72,81.2,clay,long_rains,sub_humid,0,cotton
96.52,61.53,44.79,6.5,699.01,21.4,65.18,silty,long_rains,sub_humid,0,maize
58.04,44.84,38.34,6.9,484.6,28.4,43.67,sandy,short_rains,arid,0,sorghum
118.97,77.09,134.95,5.9,651.81,16.82,76.05,loamy,transitional,highland,0,potato
103.98,68.19,98.57,6.3,402.0,21.82,51.14,loamy,dry,semi_arid,1,onion
100.65,86.6,128.34,7.0,508.41,21.72,62.84,loamy,dry,sub_humid,0,tomato
59.8,39.09,35.97,6.5,341.9,33.48,32.46,sandy,short_rains,semi_arid,1,millet
62.31,44.86,77.82,6.0,948.55,28.33,76.15,sandy,long_rains,sub_humid,0,cassava
75.97,42.36,61.51,6.7,902.34,29.3,56.65,sandy,transitional,coastal,0,mango
103.04,53.55,49.45,6.3,642.45,24.14,65.61,loamy,long_rains,sub_humid,0,maize
103.69,58.5,53.15,7.0,652.23,25.5,64.97,loamy,short_rains,sub_humid,0,maize
92.0,85.0,51.0,5.74,108.86,29.22,81.08,loamy,long_rains,coastal,0,banana
72.91,50.53,104.39,6.5,664.37,26.02,68.53,sandy,long_rains,highland,0,sweetpotato
56.28,42.28,78.06,5.7,914.79,25.94,71.43,loamy,long_rains,sub_humid,0,cassava
125.07,63.58,105.63,6.9,624.01,18.85,67.9,loamy,long_rains,highland,1,cabbage
34.74,62.0,70.49,6.8,615.0,29.31,55.29,loamy,long_rains,coastal,0,groundnut
84.0,18.0,46.0,6.78,25.32,27.09,93.42,loamy,transitional,sub_humid,0,muskmelon
74.7,51.83,68.42,6.4,499.44,26.75,48.72,loamy,dry,sub_humid,1,sunflower
40.0,22.0,29.0,5.74,174.63,27.56,99.98,sandy,long_rains,coastal,0,coconut
115.09,57.47,43.12,6.9,2181.43,27.35,83.0,clay,long_rains,sub_humid,1,rice
99.24,70.77,102.7,7.4,459.91,20.51,50.91,loamy,dry,semi_arid,1,onion
93.0,81.0,50.0,6.04,102.21,27.72,76.58,clay,long_rains,coastal,0,banana
83.0,21.0,28.0,7.47,190.23,25.57,60.49,silty,long_rains,highland,0,coffee
75.07,46.57,109.15,6.5,598.05,24.87,66.25,sandy,long_rains,sub_humid,0,sweetpotato
91.15,51.45,51.19,6.2,633.19,22.08,70.57,loamy,short_rains,sub_humid,0,maize
70.58,60.21,107.39,5.5,641.47,23.99,67.45,loamy,short_rains,highland,0,sweetpotato
79.7,55.94,73.48,6.5,572.59,25.29,51.84,loamy,short_rains,sub_humid,0,sunflower
115.3,52.45,45.74,5.7,1925.72,27.43,83.85,silty,long_rains,coastal,0,rice
75.69,40.89,38.14,7.2,453.39,30.81,47.91,loamy,short_rains,arid,0,sorghum
11.0,36.0,31.0,6.48,100.26,27.92,51.78,loamy,dry,coastal,0,mango
87.0,6.0,45.0,6.4,22.84,29.83,90.79,loamy,transitional,sub_humid,0,muskmelon
118.62,56.59,45.82,6.4,1735.17,26.93,84.8,silty,long_rains,coastal,1,rice
54.01,35.75,35.39,6.6,328.88,35.09,42.71,sandy,short_rains,arid,0,millet
92.23,61.36,99.52,6.3,482.73,21.9,54.65,loamy,dry,semi_arid,1,onion
32.84,65.08,57.41,6.3,572.93,19.77,66.38,silty,short_rains,sub_humid,0,beans
34.04,67.16,53.43,6.8,534.57,23.41,62.18,loamy,short_rains,sub_humid,0,beans
191.01,54.31,151.38,7.2,1724.37,30.64,71.95,loamy,long_rains,sub_humid,0,sugarcane
97.36,55.88,47.28,7.0,697.65,22.69,69.62,silty,short_rains,highland,0,maize
31.0,78.0,76.0,8.52,89.31,17.57,15.0,loamy,dry,semi_arid,1,chickpea
36.84,61.87,63.01,7.0,610.52,26.59,54.67,loamy,long_rains,coastal,1,groundnut
79.0,43.0,39.0,7.06,210.81,21.67,80.71,clay,long_rains,coastal,1,rice
26.0,51.0,25.0,7.79,55.22,28.76,52.63,sandy,dry,arid,0,moth_beans
3.0,134.0,199.0,5.82,71.07,20.28,81.32,loamy,dry,highland,1,grapes
109.55,80.65,128.92,7.0,553.74,24.33,61.1,loamy,transitional,sub_humid,1,tomato
100.29,55.84,48.2,6.0,743.58,20.64,67.09,loamy,short_rains,highland,1,maize
106.29,62.81,105.52,6.0,507.75,19.76,53.78,sandy,dry,semi_arid,0,onion
32.77,64.73,54.47,7.2,559.01,22.12,64.4,silty,short_rains,sub_humid,0,beans
23.84,59.88,45.08,6.2,341.07,18.9,45.38,clay,dry,semi_arid,1,lentils
64.96,53.93,120.31,6.0,578.26,25.07,66.26,loamy,short_rains,highland,1,sweetpotato
117.45,71.84,104.07,6.5,578.33,17.8,69.94,clay,long_rains,highland,1,cabbage
41.0,69.0,82.0,6.72,68.98,20.02,16.63,sandy,dry,semi_arid,0,chickpea
0.0,21.0,32.0,6.43,92.2,35.9,54.26,loamy,transitional,coastal,0,mango
82.87,45.49,70.33,6.3,1024.96,30.73,60.85,loamy,transitional,semi_arid,0,mango
32.63,59.45,58.53,6.7,526.22,21.75,56.6,loamy,long_rains,highland,0,beans
66.86,43.51,43.41,6.8,458.56,29.32,43.56,loamy,dry,arid,0,sorghum
115.0,48.0,16.0,7.18,88.94,25.54,84.09,clay,long_rains,sub_humid,0,cotton
17.0,64.0,17.0,5.66,124.61,21.02,24.94,silty,long_rains,sub_humid,1,kidney_beans
58.0,46.0,45.0,6.58,88.47,42.39,90.79,loamy,transitional,coastal,1,papaya
9.0,8.0,15.0,7.99,110.22,14.34,94.36,loamy,long_rains,sub_humid,1,orange
80.53,51.67,65.74,6.8,810.01,31.67,52.54,sandy,dry,coastal,0,mango
77.76,46.98,41.9,5.6,432.88,27.28,40.06,loamy,dry,semi_arid,0,sorghum
75.99,43.67,38.63,5.8,465.21,28.97,45.61,sandy,short_rains,arid,0,sorghum
119.69,56.02,108.01,6.3,1726.07,20.05,75.87,loamy,long_rains,highland,0,coffee
104.78,55.4,69.77,5.8,706.75,28.8,51.38,clay,long_rains,sub_humid,1,cotton
28.15,56.63,47.06,6.3,366.84,19.13,48.34,clay,dry,semi_arid,1,lentils
35.0,138.0,200.0,5.67,103.68,21.2,90.81,silty,transitional,highland,1,apple
77.86,43.74,66.09,6.3,772.62,28.89,57.28,loamy,transitional,semi_arid,1,mango
34.21,65.41,52.01,6.7,610.25,20.66,66.81,loamy,long_rains,highland,1,beans
126.19,53.04,40.01,6.0,1787.07,25.78,85.14,silty,long_rains,sub_humid,1,rice
32.39,66.11,51.33,7.2,539.24,19.85,58.09,loamy,short_rains,highland,0,beans
41.84,61.59,65.97,7.0,713.91,28.75,56.23,sandy,long_rains,sub_humid,0,groundnut
28.0,74.0,81.0,8.75,81.99,18.01,18.31,loamy,dry,semi_arid,0,chickpea
15.0,11.0,38.0,6.63,109.39,23.13,92.68,loamy,dry,arid,1,pomegranate
38.0,120.0,197.0,6.32,73.77,17.54,82.95,sandy,dry,highland,1,grapes
83.82,43.47,40.96,6.4,593.71,18.03,54.97,loamy,dry,highland,0,wheat
27.0,24.0,29.0,6.14,191.01,26.61,96.97,loamy,long_rains,coastal,0,coconut
17.0,11.0,32.0,5.62,156.77,28.74,93.4,loamy,long_rains,coastal,0,coconut
153.72,51.17,82.28,5.1,1955.36,18.17,83.2,loamy,long_rains,highland,0,tea
133.72,58.23,109.47,6.3,1606.48,18.37,74.67,loamy,long_rains,highland,0,coffee
61.0,38.0,20.0,5.97,65.44,18.48,62.7,silty,short_rains,sub_humid,0,maize
4.0,19.0,43.0,5.78,106.36,18.07,93.15,loamy,dry,arid,0,pomegranate
58.0,55.0,47.0,6.74,240.69,26.05,93.69,loamy,long_rains,coastal,1,papaya
107.0,31.0,31.0,6.77,153.12,23.17,52.98,silty,long_rains,highland,0,coffee
139.24,45.83,78.22,5.2,2241.73,18.8,79.85,loamy,long_rains,highland,0,tea
101.08,58.21,54.13,6.2,740.5,23.13,67.01,silty,short_rains,sub_humid,0,maize
37.0,72.0,18.0,5.72,105.41,18.88,24.54,loamy,short_rains,highland,0,kidney_beans
74.39,44.2,42.55,6.0,598.33,17.5,50.79,clay,dry,highland,1,wheat
65.37,35.85,39.21,6.7,428.78,28.96,46.11,loamy,dry,arid,0,sorghum
99.85,54.61,50.31,6.6,648.23,22.1,66.09,loamy,long_rains,sub_humid,0,maize
107.65,79.76,138.84,6.8,525.05,24.57,62.78,silty,transitional,sub_humid,1,tomato
70.0,50.0,53.0,6.93,172.35,37.46,90.45,loamy,transitional,coastal,0,papaya
35.9,62.48,60.51,6.2,702.81,29.48,55.1,loamy,long_rains,sub_humid,0,groundnut
110.13,56.38,74.05,6.6,780.67,30.12,52.41,clay,long_rains,sub_humid,0,cotton
115.9,50.52,45.08,6.5,1829.9,29.4,79.25,clay,long_rains,sub_humid,1,rice
54.85,33.12,37.21,6.5,308.52,31.25,44.03,sandy,dry,semi_arid,0,millet
96.21,53.17,46.75,7.0,689.46,23.19,64.39,silty,long_rains,sub_humid,0,maize
177.97,54.49,184.11,6.6,1470.73,28.56,83.14,loamy,long_rains,sub_humid,1,banana
129.62,75.91,129.71,5.2,624.94,13.58,73.49,silty,long_rains,highland,0,potato
23.49,61.05,41.17,7.9,356.99,17.49,47.71,clay,transitional,semi_arid,0,lentils
170.87,62.78,143.58,7.2,1397.68,28.74,77.18,loamy,long_rains,sub_humid,1,sugarcane
58.0,51.0,47.0,6.76,197.4,42.13,91.7,sandy,transitional,sub_humid,1,papaya
78.56,42.79,40.94,7.0,570.44,17.47,54.14,clay,dry,highland,1,wheat
26.53,58.08,45.5,5.6,429.94,18.43,51.87,loamy,transitional,highland,1,chickpea
78.2,56.39,100.97,6.1,638.12,24.97,64.16,loamy,long_rains,highland,1,sweetpotato
120.0,7.0,47.0,6.65,54.77,24.25,83.04,sandy,dry,semi_arid,0,watermelon
94.0,50.0,19.0,5.87,97.59,23.3,73.63,loamy,long_rains,sub_humid,0,maize
26.0,68.0,24.0,7.5,37.16,28.05,64.08,clay,dry,highland,0,lentils
79.9,49.35,68.61,5.9,810.16,29.25,53.29,loamy,dry,coastal,0,mango
57.77,42.81,81.97,6.7,885.81,28.02,74.47,loamy,long_rains,coastal,0,cassava
186.5,61.26,158.88,6.1,1496.08,29.57,70.06,loamy,long_rains,sub_humid,0,sugarcane
112.42,60.54,45.03,5.9,1745.9,27.06,88.07,clay,long_rains,sub_humid,1,rice
180.04,59.9,145.08,6.7,1644.99,28.19,73.86,loamy,long_rains,sub_humid,0,sugarcane
27.18,52.87,50.07,5.5,528.34,18.51,51.86,sandy,dry,semi_arid,0,chickpea
121.49,89.91,123.32,5.3,781.25,15.95,73.12,loamy,long_rains,highland,1,potato
22.79,63.38,49.55,7.1,399.03,18.81,51.53,clay,dry,semi_arid,1,lentils
123.0,50.0,16.0,6.5,70.66,23.05,75.54,clay,long_rains,sub_humid,1,cotton
57.63,41.33,30.71,5.7,343.29,30.46,40.68,sandy,dry,semi_arid,0,millet
116.86,50.1,66.1,7.3,799.99,30.72,49.5,clay,long_rains,coastal,0,cotton
131.07,80.85,137.0,6.1,650.9,14.11,66.69,silty,transitional,highland,1,potato
39.18,69.9,67.2,5.6,623.17,28.64,56.97,sandy,long_rains,coastal,0,groundnut
84.0,27.0,29.0,7.17,168.26,23.32,53.0,silty,long_rains,highland,0,coffee
129.72,61.96,102.8,5.8,1555.34,19.85,78.34,silty,long_rains,highland,0,coffee
34.88,66.63,51.72,6.5,540.54,22.16,59.23,loamy,long_rains,sub_humid,1,beans
69.88,50.35,66.6,7.5,670.13,23.6,44.44,sandy,dry,sub_humid,1,sunflower
61.7,39.01,74.1,6.7,954.45,26.56,73.13,loamy,long_rains,coastal,0,cassava
77.0,38.0,36.0,5.95,224.56,21.87,80.19,clay,long_rains,sub_humid,1,rice
104.14,47.67,51.57,6.4,695.1,21.75,60.29,loamy,short_rains,highland,0,maize
53.54,43.0,83.15,5.8,921.54,28.02,73.94,loamy,long_rains,coastal,0,cassava
90.0,42.0,43.0,6.5,202.94,20.88,82.0,clay,long_rains,sub_humid,0,rice
124.0,47.4,45.65,6.3,1645.18,25.61,84.44,silty,long_rains,sub_humid,1,rice
126.36,68.55,107.71,6.1,1607.14,20.94,74.62,loamy,long_rains,highland,0,coffee
66.69,47.01,74.4,6.6,871.78,26.37,77.04,sandy,long_rains,sub_humid,0,cassava
118.0,21.0,51.0,6.68,48.58,24.43,86.34,sandy,short_rains,sub_humid,0,watermelon
27.12,61.06,49.55,5.6,506.76,17.6,54.64,loamy,dry,highland,0,chickpea
69.25,34.07,40.89,5.9,474.87,29.58,43.8,sandy,short_rains,arid,0,sorghum
116.54,58.85,43.22,6.7,1724.71,30.44,86.0,silty,long_rains,coastal,1,rice
29.89,62.29,71.9,6.8,742.77,28.07,55.52,sandy,long_rains,sub_humid,0,groundnut
61.23,53.66,68.09,7.2,503.29,25.1,47.95,loamy,short_rains,sub_humid,0,sunflower
30.0,63.0,16.0,5.53,100.6,23.61,21.91,silty,short_rains,highland,0,kidney_beans
102.86,78.99,141.66,7.0,518.64,22.18,61.5,silty,dry,sub_humid,1,tomato
144.57,48.53,78.35,5.8,2017.57,18.77,82.42,silty,long_rains,highland,0,tea
60.0,57.0,24.0,6.12,75.03,18.66,61.55,loamy,long_rains,highland,1,maize
181.3,56.12,172.55,6.8,1625.43,25.85,80.23,loamy,long_rains,coastal,0,banana
33.33,64.06,49.32,6.9,578.43,21.48,63.22,silty,long_rains,highland,0,beans
27.0,8.0,32.0,5.63,144.33,27.01,96.46,sandy,long_rains,coastal,0,coconut
35.34,64.0,56.82,6.7,539.05,21.86,59.99,loamy,long_rains,highland,0,beans
102.37,54.42,47.7,6.2,750.25,22.26,66.85,loamy,long_rains,highland,1,maize
169.95,64.6,179.57,5.7,1581.88,25.47,82.24,loamy,long_rains,coastal,1,banana
37.0,62.0,22.0,7.4,49.78,24.02,61.62,clay,transitional,highland,0,lentils
10.0,136.0,204.0,6.28,105.86,21.2,92.16,loamy,transitional,highland,1,apple
32.55,64.21,49.0,6.9,512.54,20.8,62.55,silty,short_rains,sub_humid,0,beans
18.0,30.0,29.0,6.42,224.59,26.76,92.86,loamy,long_rains,coastal,0,coconut
183.15,50.83,170.48,6.6,1436.69,25.22,79.1,loamy,long_rains,sub_humid,1,banana
178.76,60.55,145.83,6.6,1448.34,26.58,73.83,clay,long_rains,coastal,1,sugarcane
125.44,88.21,129.15,5.3,638.93,13.33,76.44,loamy,transitional,highland,0,potato
182.72,58.69,170.44,5.9,1576.0,26.24,80.98,loamy,long_rains,sub_humid,0,banana
106.2,53.36,64.59,6.5,799.39,29.65,55.0,loamy,long_rains,coastal,0,cotton
76.6,46.34,63.75,6.2,931.62,30.5,53.97,sandy,transitional,semi_arid,0,mango
95.31,77.07,135.55,6.7,536.18,23.7,58.32,loamy,dry,sub_humid,0,tomato
54.1,52.66,72.19,6.6,841.49,25.54,71.68,loamy,long_rains,sub_humid,0,cassava
16.0,6.0,29.0,5.87,132.15,29.29,91.96,loamy,long_rains,coastal,0,coconut
8.0,54.0,20.0,7.03,38.8,28.33,80.77,loamy,short_rains,sub_humid,0,mung_bean
32.46,54.33,64.16,6.7,733.52,27.63,63.19,loamy,long_rains,sub_humid,0,groundnut
106.0,51.99,47.18,6.7,694.03,23.35,67.18,loamy,long_rains,highland,0,maize
40.73,66.36,65.75,6.7,720.9,29.9,53.3,sandy,long_rains,coastal,0,groundnut
32.0,41.0,16.0,7.7,68.55,28.64,61.39,sandy,dry,semi_arid,0,moth_beans
29.0,35.0,28.0,6.97,90.4,28.35,53.54,sandy,dry,semi_arid,0,mango
16.0,139.0,203.0,6.28,65.85,17.83,80.96,loamy,dry,semi_arid,1,grapes
7.0,63.0,24.0,6.82,53.05,19.56,64.45,clay,transitional,semi_arid,0,lentils
83.0,9.0,45.0,6.05,46.85,25.85,89.13,sandy,short_rains,semi_arid,1,watermelon
75.02,39.95,39.59,7.2,395.64,28.86,49.17,loamy,dry,arid,0,sorghum
13.0,17.0,45.0,7.16,106.28,21.25,92.65,sandy,transitional,semi_arid,0,pomegranate
56.0,79.0,15.0,7.45,71.89,29.48,63.2,clay,transitional,sub_humid,0,blackgram
28.45,50.27,47.06,7.0,541.1,18.74,46.87,loamy,dry,highland,0,chickpea
71.74,40.76,37.89,6.9,427.31,28.66,44.97,loamy,short_rains,arid,0,sorghum
7.0,15.0,32.0,6.18,174.8,25.04,95.9,loamy,long_rains,coastal,0,coconut
124.15,52.53,46.32,6.7,1724.85,28.83,87.74,silty,long_rains,sub_humid,1,rice
68.13,38.27,40.68,6.6,433.5,28.1,42.43,loamy,short_rains,semi_arid,0,sorghum
109.0,12.0,48.0,6.71,20.76,29.46,92.13,sandy,transitional,semi_arid,0,muskmelon
28.81,59.32,46.3,7.0,356.34,18.24,54.13,loamy,dry,highland,1,lentils
101.5,49.44,66.3,6.3,711.93,23.68,42.9,loamy,long_rains,sub_humid,0,cotton
22.9,51.22,56.29,6.0,572.64,19.1,54.74,loamy,dry,semi_arid,1,chickpea
36.0,67.0,20.0,6.92,53.32,20.39,60.48,loamy,dry,semi_arid,1,lentils
60.09,45.33,84.58,6.9,807.51,26.8,71.88,loamy,long_rains,sub_humid,0,cassava
40.0,21.0,8.0,7.42,102.19,34.91,92.88,sandy,long_rains,highland,0,orange
176.76,63.25,180.79,6.3,1555.53,27.55,78.51,clay,long_rains,coastal,0,banana
172.78,51.36,174.05,6.2,1687.43,26.5,79.33,loamy,long_rains,sub_humid,0,banana
30.23,54.56,43.99,6.1,395.24,19.53,48.15,loamy,dry,highland,0,lentils
66.6,45.57,73.24,6.0,831.72,26.52,74.02,sandy,long_rains,coastal,0,cassava
31.83,64.21,53.66,6.5,576.48,23.18,60.1,silty,short_rains,highland,0,beans
80.0,18.0,51.0,6.71,20.77,28.05,91.82,sandy,transitional,semi_arid,0,muskmelon
115.45,53.95,74.77,7.4,783.35,27.79,53.53,clay,long_rains,sub_humid,0,cotton
75.76,54.74,104.19,5.5,558.73,25.31,69.52,loamy,short_rains,sub_humid,1,sweetpotato
21.0,63.0,22.0,6.86,74.62,25.1,67.73,clay,short_rains,sub_humid,0,blackgram
121.35,70.62,116.81,6.5,575.9,16.37,68.64,clay,long_rains,highland,0,cabbage
47.0,63.0,16.0,6.66,72.51,27.44,67.1,loamy,transitional,sub_humid,0,blackgram
54.27,33.83,35.26,6.9,331.01,33.9,37.9,sandy,short_rains,semi_arid,0,millet
113.0,38.0,25.0,7.39,90.42,22.0,79.47,loamy,long_rains,coastal,0,cotton
128.36,51.42,41.62,5.7,1847.59,29.07,84.31,clay,long_rains,coastal,1,rice
70.05,36.25,40.92,5.5,453.87,31.07,36.59,loamy,short_rains,arid,0,sorghum
100.5,61.24,100.1,6.4,447.79,22.12,50.46,sandy,dry,highland,0,onion
128.17,56.54,107.51,5.5,1624.2,19.62,77.36,loamy,long_rains,highland,0,coffee
18.0,19.0,27.0,4.77,94.11,27.76,52.35,loamy,dry,coastal,1,mango
58.15,37.32,29.59,5.7,347.7,32.39,39.07,sandy,dry,semi_arid,0,millet
116.48,55.64,74.87,6.5,712.76,30.17,50.38,loamy,long_rains,sub_humid,0,cotton
57.68,38.2,80.99,5.6,917.08,26.59,74.86,loamy,long_rains,coastal,0,cassava
169.61,56.13,172.79,5.5,1423.88,27.15,82.08,clay,long_rains,coastal,1,banana
175.68,67.22,185.38,6.6,1495.36,26.84,80.07,loamy,long_rains,sub_humid,0,banana
26.0,35.0,31.0,5.34,98.05,33.45,53.06,sandy,dry,semi_arid,0,mango
89.0,25.0,34.0,7.18,129.88,23.08,63.66,loamy,long_rains,highland,1,coffee
87.0,48.0,25.0,6.66,93.62,18.65,61.38,loamy,long_rains,sub_humid,1,maize
30.0,143.0,199.0,5.8,102.26,23.77,90.6,silty,transitional,highland,0,apple
60.54,44.53,35.22,5.9,336.29,32.33,42.2,sandy,short_rains,semi_arid,0,millet
15.0,45.0,23.0,7.22,46.02,24.2,61.43,sandy,dry,arid,0,moth_beans
69.29,41.34,38.67,6.7,454.81,28.03,44.57,sandy,short_rains,semi_arid,0,sorghum
116.0,25.0,50.0,6.09,28.71,29.26,92.92,loamy,dry,semi_arid,0,muskmelon
44.0,75.0,22.0,7.57,71.21,30.03,64.15,clay,short_rains,coastal,0,blackgram
33.3,63.07,52.25,7.5,560.51,19.56,66.7,loamy,short_rains,sub_humid,0,beans
108.03,59.19,52.48,6.7,1724.34,28.62,85.71,silty,long_rains,sub_humid,1,rice
118.68,76.32,99.53,7.4,608.99,18.3,69.24,loamy,short_rains,highland,0,cabbage
32.0,20.0,35.0,5.59,144.63,26.52,98.38,sandy,long_rains,coastal,0,coconut
63.0,43.0,19.0,6.64,90.99,18.52,55.53,silty,short_rains,sub_humid,0,maize
63.0,42.0,21.0,5.8,67.1,23.26,72.33,silty,short_rains,highland,1,maize
31.7,63.59,61.14,6.6,663.29,28.53,60.45,sandy,long_rains,sub_humid,0,groundnut
54.64,41.21,32.71,6.0,268.93,30.09,40.24,sandy,dry,arid,0,millet
26.0,10.0,33.0,6.07,198.82,28.27,96.94,loamy,long_rains,coastal,1,coconut
67.5,42.24,38.41,6.7,371.68,29.56,50.89,sandy,dry,semi_arid,0,sorghum
32.61,65.25,50.52,7.2,530.69,21.86,61.0,silty,long_rains,highland,0,beans
72.03,57.51,105.87,5.9,631.08,25.25,65.21,loamy,short_rains,sub_humid,0,sweetpotato
68.37,35.63,39.87,6.1,489.58,28.21,46.25,loamy,short_rains,arid,0,sorghum
105.99,91.44,123.2,6.9,512.92,21.55,62.76,silty,dry,sub_humid,0,tomato
123.27,52.03,42.65,6.7,2033.54,26.46,85.08,silty,long_rains,coastal,0,rice
119.0,30.0,28.0,6.51,163.63,26.36,64.58,silty,long_rains,highland,0,coffee
37.0,49.0,25.0,6.42,41.39,29.91,85.85,sandy,transitional,sub_humid,0,mung_bean
28.0,27.0,32.0,5.76,191.77,28.94,93.0,sandy,long_rains,coastal,0,coconut
31.4,64.15,56.08,6.6,552.83,21.64,63.99,loamy,long_rains,highland,0,beans
71.88,41.7,38.36,6.4,414.92,29.04,44.11,loamy,short_rains,arid,0,sorghum
74.97,58.55,112.9,6.8,537.73,24.54,66.2,loamy,long_rains,highland,1,sweetpotato
84.06,48.27,69.27,7.1,948.22,31.39,48.68,loamy,dry,semi_arid,0,mango
105.25,64.31,103.66,6.4,504.64,23.24,52.79,sandy,dry,semi_arid,1,onion
113.2,66.63,105.32,6.0,1498.27,18.38,76.21,loamy,long_rains,highland,0,coffee
83.0,11.0,53.0,6.16,21.97,29.54,92.92,sandy,dry,sub_humid,1,muskmelon
195.38,65.8,145.59,5.9,1577.29,31.03,71.04,loamy,long_rains,coastal,0,sugarcane
28.0,66.0,23.0,6.0,120.69,21.54,24.25,loamy,short_rains,sub_humid,0,kidney_beans
73.33,43.43,38.08,6.9,464.48,30.78,41.52,sandy,dry,arid,0,sorghum
173.58,54.28,131.5,5.5,1668.17,31.71,71.93,loamy,long_rains,sub_humid,1,sugarcane
93.52,75.75,129.69,6.7,552.94,22.07,63.52,loamy,dry,highland,1,tomato
72.6,55.75,69.08,7.4,637.16,27.33,48.61,sandy,short_rains,sub_humid,0,sunflower
48.0,62.0,15.0,7.54,65.82,25.37,66.64,loamy,short_rains,sub_humid,0,blackgram
90.55,61.48,50.24,6.0,798.02,22.04,67.37,silty,long_rains,sub_humid,0,maize
22.0,9.0,44.0,5.74,112.19,24.72,88.88,loamy,dry,semi_arid,1,pomegranate
59.15,35.2,34.85,6.3,286.47,35.45,35.98,sandy,short_rains,semi_arid,0,millet
127.5,61.03,106.47,6.3,1618.66,19.32,74.25,silty,long_rains,highland,0,coffee
139.0,35.0,15.0,5.9,86.56,25.25,83.46,clay,long_rains,sub_humid,1,cotton
179.6,61.87,187.68,6.7,1384.02,27.3,81.74,loamy,long_rains,coastal,0,banana
71.73,58.2,63.58,6.1,574.32,25.38,47.7,loamy,dry,sub_humid,0,sunflower
129.34,85.91,120.18,5.7,777.11,13.86,69.58,loamy,transitional,highland,0,potato
79.37,45.64,44.83,6.9,559.77,15.08,56.67,clay,dry,highland,1,wheat
33.43,68.6,47.11,7.2,590.28,22.19,59.84,loamy,short_rains,highland,0,beans
110.79,76.74,118.47,6.7,560.15,23.89,62.51,silty,dry,sub_humid,1,tomato
35.0,134.0,204.0,5.84,66.01,9.95,82.55,sandy,dry,highland,1,grapes
76.3,42.73,68.37,6.0,814.33,27.2,51.11,sandy,transitional,semi_arid,0,mango
106.95,55.45,43.19,6.8,710.26,19.96,67.6,loamy,short_rains,highland,1,maize
40.0,58.0,15.0,6.98,43.15,29.46,87.61,loamy,short_rains,sub_humid,0,mung_bean
51.0,57.0,55.0,6.68,108.41,24.71,90.15,sandy,long_rains,sub_humid,1,papaya
114.0,8.0,52.0,6.42,28.23,29.34,94.55,loamy,dry,sub_humid,1,muskmelon
30.51,60.87,54.26,7.2,589.86,22.33,64.86,loamy,long_rains,sub_humid,1,beans
7.0,74.0,17.0,5.67,96.75,22.47,62.57,loamy,short_rains,sub_humid,1,pigeon_peas
117.78,61.31,109.27,6.3,1718.17,20.43,74.06,loamy,long_rains,highland,0,coffee
58.98,35.05,37.34,6.6,330.78,31.58,37.23,sandy,short_rains,arid,0,millet
67.59,39.82,39.57,7.5,449.16,29.87,45.91,sandy,short_rains,semi_arid,0,sorghum
52.59,38.58,36.82,5.6,383.31,33.56,40.1,sandy,dry,arid,0,millet
148.72,40.65,78.82,4.9,1974.35,15.6,79.54,silty,long_rains,highland,0,tea
120.1,78.0,127.86,5.9,685.08,15.56,68.2,silty,transitional,highland,1,potato
29.58,62.65,69.77,6.5,700.01,29.04,53.73,loamy,long_rains,coastal,1,groundnut
102.0,73.0,52.0,6.36,90.24,27.91,83.36,clay,long_rains,coastal,0,banana
73.85,51.92,99.65,5.9,683.49,27.53,73.33,loamy,short_rains,highland,0,sweetpotato
113.27,54.54,40.86,6.3,1777.5,27.73,84.87,silty,long_rains,coastal,1,rice
4.0,40.0,21.0,6.73,44.3,28.8,80.46,loamy,short_rains,semi_arid,0,mung_bean
39.0,129.0,203.0,5.86,71.03,34.39,83.18,loamy,dry,highland,1,grapes
126.51,64.22,103.01,6.4,1561.65,18.46,72.86,loamy,long_rains,highland,0,coffee
102.63,77.07,131.37,6.8,567.08,20.71,62.45,loamy,dry,highland,0,tomato
0.0,25.0,14.0,6.36,116.45,19.34,91.98,sandy,long_rains,sub_humid,1,orange
119.42,56.55,103.13,6.1,1665.57,20.93,73.04,silty,long_rains,highland,0,coffee
65.78,37.27,41.3,5.6,297.14,34.56,35.22,sandy,dry,semi_arid,0,millet
97.37,57.64,48.24,6.2,683.83,23.75,71.83,loamy,short_rains,highland,0,maize
24.57,57.16,44.56,6.3,560.17,18.67,51.95,sandy,transitional,highland,0,chickpea
23.91,62.42,42.46,5.8,515.94,21.14,53.19,sandy,transitional,semi_arid,0,chickpea
86.0,59.0,35.0,6.95,243.51,25.79,82.11,clay,long_rains,coastal,1,rice
34.0,68.0,51.0,6.69,40.35,27.35,94.18,sandy,long_rains,sub_humid,1,papaya
176.32,56.78,183.43,5.6,1400.03,26.88,79.83,loamy,long_rains,coastal,0,banana
70.62,46.2,38.76,7.5,581.28,17.58,56.26,clay,dry,highland,0,wheat
104.62,56.06,50.3,6.8,635.88,24.42,72.51,loamy,long_rains,sub_humid,0,maize
95.27,57.72,50.11,6.5,689.21,24.47,66.5,loamy,long_rains,highland,0,maize
127.84,54.71,110.77,6.2,1549.32,19.17,74.7,loamy,long_rains,highland,1,coffee
4.0,80.0,16.0,7.44,44.93,29.2,68.02,clay,dry,semi_arid,1,lentils
13.0,132.0,203.0,6.42,73.24,23.6,82.48,loamy,dry,highland,1,grapes
37.0,18.0,12.0,7.4,106.7,10.27,90.19,sandy,long_rains,sub_humid,1,orange
67.18,41.06,39.32,6.6,440.17,28.11,46.96,loamy,short_rains,semi_arid,0,sorghum
168.95,70.01,195.55,6.3,1485.12,25.48,77.47,clay,long_rains,coastal,1,banana
29.61,58.2,50.36,5.7,553.15,20.67,51.59,loamy,dry,semi_arid,0,chickpea
50.99,36.77,30.85,6.4,346.48,36.73,40.5,sandy,short_rains,arid,1,millet
98.55,61.99,102.99,6.4,403.24,20.91,51.66,loamy,dry,highland,1,onion
97.52,47.57,50.59,6.8,728.81,22.41,65.54,loamy,short_rains,sub_humid,0,maize
175.74,54.61,175.93,5.6,1529.33,27.25,81.73,clay,long_rains,coastal,0,banana
145.57,42.29,80.51,4.9,1933.42,19.35,81.14,loamy,long_rains,highland,0,tea
97.7,66.44,106.03,6.3,448.41,21.16,55.19,sandy,dry,semi_arid,0,onion
67.06,54.56,105.94,6.5,583.45,24.54,69.95,loamy,long_rains,highland,1,sweetpotato
99.3,53.08,50.86,6.2,728.78,24.16,67.75,loamy,short_rains,highland,1,maize
75.87,36.82,40.88,5.9,460.44,27.29,47.85,loamy,short_rains,semi_arid,0,sorghum
80.49,43.66,43.85,7.0,578.45,18.07,51.12,loamy,dry,highland,1,wheat
5.0,32.0,33.0,5.84,93.37,32.32,52.59,sandy,transitional,semi_arid,0,mango
37.0,70.0,25.0,5.82,84.06,19.73,24.89,silty,short_rains,sub_humid,1,kidney_beans
70.47,59.61,106.17,5.7,700.96,24.49,72.09,loamy,long_rains,sub_humid,1,sweetpotato
34.32,67.16,65.79,6.6,625.6,27.86,60.05,loamy,long_rains,coastal,0,groundnut
52.0,65.0,20.0,6.81,68.84,32.82,66.16,clay,transitional,sub_humid,0,blackgram
71.44,50.32,105.49,6.1,550.36,25.83,68.06,sandy,short_rains,sub_humid,0,sweetpotato
122.38,54.64,107.74,5.7,1610.2,18.25,71.03,loamy,long_rains,highland,0,coffee
83.0,23.0,55.0,6.46,43.97,26.9,83.89,loamy,short_rains,semi_arid,0,watermelon
39.0,28.0,10.0,7.18,109.15,31.35,91.48,sandy,long_rains,sub_humid,0,orange
122.18,68.87,129.76,5.6,704.65,15.6,70.49,silty,long_rains,highland,0,potato
134.35,63.48,106.07,6.5,1692.99,19.96,77.08,loamy,long_rains,highland,0,coffee
108.07,51.06,62.87,7.0,701.1,26.5,53.42,clay,long_rains,sub_humid,1,cotton
75.0,42.61,38.01,7.4,447.18,28.62,47.28,loamy,dry,semi_arid,0,sorghum
79.52,62.3,79.65,6.2,541.76,26.53,47.59,loamy,dry,semi_arid,0,sunflower
37.04,63.12,66.76,5.7,666.28,27.61,52.21,sandy,long_rains,coastal,0,groundnut
39.0,17.0,45.0,6.92,104.88,18.1,90.42,sandy,dry,semi_arid,1,pomegranate
34.44,61.72,48.81,6.7,629.96,21.08,63.25,loamy,long_rains,highland,0,beans
34.73,67.36,71.97,5.8,701.41,29.92,60.11,sandy,long_rains,coastal,0,groundnut
37.0,124.0,195.0,6.21,66.6,18.71,83.48,loamy,dry,highland,1,grapes
27.96,50.49,47.49,6.3,574.98,20.62,50.17,sandy,dry,highland,0,chickpea
111.77,84.9,127.97,6.8,653.03,23.03,64.47,silty,dry,sub_humid,1,tomato
96.13,49.58,67.42,7.0,751.82,27.59,53.59,clay,long_rains,sub_humid,1,cotton
152.81,44.41,74.26,5.1,2147.91,17.22,77.45,silty,long_rains,highland,0,tea
61.0,53.0,43.0,6.35,223.37,26.4,81.06,silty,long_rains,sub_humid,0,rice
134.0,52.0,18.0,7.99,76.13,23.96,76.59,loamy,long_rains,sub_humid,0,cotton
176.57,56.99,182.75,6.8,1608.36,25.62,82.99,clay,long_rains,sub_humid,1,banana
92.26,57.52,50.53,6.9,721.77,21.67,64.99,loamy,short_rains,sub_humid,1,maize
125.36,79.39,130.84,5.5,673.65,13.21,69.5,silty,transitional,highland,1,potato
179.11,59.52,141.75,7.2,1383.07,31.8,69.38,clay,long_rains,coastal,1,sugarcane
123.39,78.79,131.93,5.3,690.58,16.36,70.36,silty,transitional,highland,1,potato
94.69,51.52,48.9,6.4,635.63,25.02,65.69,loamy,long_rains,highland,0,maize
28.0,75.0,21.0,6.01,114.28,24.77,50.55,sandy,long_rains,semi_arid,0,pigeon_peas
83.11,48.55,79.42,5.7,787.61,30.03,53.35,sandy,dry,semi_arid,0,mango
126.0,38.0,23.0,6.18,88.44,25.36,83.63,loamy,long_rains,sub_humid,0,cotton
100.56,68.53,94.29,7.1,387.62,20.99,51.02,loamy,dry,highland,1,onion
37.0,126.0,196.0,5.6,107.17,23.6,90.98,silty,transitional,highland,1,apple
126.2,59.66,103.41,6.5,1676.94,20.13,75.11,silty,long_rains,highland,0,coffee
34.01,64.69,67.44,6.1,716.25,29.29,59.47,sandy,long_rains,sub_humid,1,groundnut
33.0,134.0,205.0,6.09,114.74,21.04,94.34,loamy,dry,highland,1,apple
144.29,46.88,81.18,5.0,2049.12,16.58,77.45,loamy,long_rains,highland,1,tea
74.61,46.8,41.65,6.6,389.54,29.7,46.62,loamy,dry,semi_arid,0,sorghum
100.76,62.02,102.34,7.1,478.96,19.11,51.39,loamy,dry,semi_arid,0,onion
28.0,58.0,25.0,6.86,37.81,27.48,62.05,clay,transitional,semi_arid,1,lentils
3.0,49.0,18.0,3.69,32.68,27.91,64.71,sandy,short_rains,arid,1,moth_beans
79.43,47.39,105.2,6.0,565.62,24.24,68.66,sandy,short_rains,sub_humid,0,sweetpotato
60.0,44.0,23.0,5.72,76.73,24.79,70.05,loamy,long_rains,sub_humid,0,maize
35.96,68.43,63.27,5.9,648.42,29.34,58.12,loamy,long_rains,sub_humid,0,groundnut
69.01,54.25,70.41,6.7,484.36,28.24,48.57,sandy,short_rains,semi_arid,1,sunflower
31.75,54.37,42.18,7.3,399.52,18.92,49.88,clay,transitional,highland,1,lentils
81.0,18.0,50.0,6.51,47.82,26.44,80.92,sandy,short_rains,sub_humid,0,watermelon
29.82,53.15,50.35,5.8,545.64,21.21,50.86,loamy,transitional,semi_arid,1,chickpea
71.89,39.79,38.22,7.2,456.73,29.5,42.83,loamy,short_rains,semi_arid,0,sorghum
84.59,49.93,39.07,7.2,640.15,17.03,55.64,clay,dry,highland,0,wheat
121.66,60.79,44.8,6.6,2052.67,26.33,83.78,clay,long_rains,sub_humid,0,rice
39.93,60.17,61.47,6.6,653.54,29.02,62.26,loamy,long_rains,sub_humid,1,groundnut
174.76,57.51,185.75,6.5,1359.84,27.13,80.94,clay,long_rains,sub_humid,0,banana
94.16,58.45,51.32,6.8,700.42,23.31,67.11,loamy,short_rains,sub_humid,0,maize
4.0,40.0,26.0,6.72,95.84,27.58,48.57,loamy,transitional,semi_arid,0,mango
29.52,64.9,71.03,5.9,695.14,31.2,61.04,loamy,long_rains,sub_humid,0,groundnut
171.35,53.42,197.24,6.7,1604.2,26.59,82.0,loamy,long_rains,sub_humid,0,banana
22.0,55.0,16.0,6.52,49.74,23.79,68.03,clay,dry,semi_arid,0,lentils
53.0,55.0,55.0,6.71,234.5,33.32,91.25,loamy,transitional,sub_humid,1,papaya
83.6,42.71,58.78,7.4,874.66,30.63,55.91,sandy,transitional,coastal,1,mango
176.19,64.91,175.37,6.0,1292.64,25.91,78.75,loamy,long_rains,sub_humid,0,banana
3.0,58.0,21.0,9.16,55.61,25.36,46.83,sandy,dry,semi_arid,0,moth_beans
172.55,71.24,189.0,5.6,1316.85,26.05,81.52,clay,long_rains,coastal,0,banana
25.0,64.0,20.0,4.81,105.04,33.15,32.46,sandy,long_rains,semi_arid,0,pigeon_peas
100.0,32.0,26.0,6.04,124.23,25.23,57.53,loamy,long_rains,highland,0,coffee
93.75,63.11,107.26,6.7,456.51,21.23,51.13,loamy,dry,semi_arid,0,onion
96.28,53.33,51.02,5.9,744.43,21.2,65.73,loamy,long_rains,highland,1,maize
22.0,26.0,38.0,6.99,110.24,22.92,85.13,loamy,transitional,arid,0,pomegranate
70.54,42.33,36.44,6.7,627.39,17.7,57.53,loamy,dry,highland,1,wheat
119.0,7.0,55.0,6.03,44.4,26.04,84.64,loamy,dry,semi_arid,1,watermelon
53.36,38.36,80.1,5.5,861.93,28.28,73.43,loamy,long_rains,sub_humid,0,cassava
8.0,45.0,15.0,4.61,33.84,28.1,60.98,sandy,dry,semi_arid,1,moth_beans
30.84,57.14,45.5,7.6,364.1,16.59,48.4,clay,dry,semi_arid,0,lentils
35.26,61.31,45.67,7.9,357.93,18.77,49.96,loamy,transitional,semi_arid,1,lentils
33.0,14.0,35.0,6.03,149.24,27.15,96.66,sandy,long_rains,coastal,0,coconut
27.27,52.12,45.87,5.5,540.97,20.64,57.88,sandy,dry,semi_arid,0,chickpea
67.47,46.34,38.38,6.8,454.26,29.02,49.99,loamy,short_rains,semi_arid,1,sorghum
80.25,46.92,40.65,7.2,503.27,15.74,53.16,loamy,dry,highland,0,wheat
68.7,42.78,74.37,5.9,858.37,27.68,71.31,sandy,long_rains,sub_humid,0,cassava
27.0,13.0,6.0,7.34,111.23,13.36,91.36,loamy,long_rains,sub_humid,0,orange
103.68,52.03,48.62,6.8,674.15,22.36,69.65,silty,short_rains,highland,0,maize
14.0,57.0,15.0,6.62,40.12,29.88,83.15,loamy,short_rains,sub_humid,0,mung_bean
64.39,41.31,34.58,5.6,327.52,32.96,42.97,sandy,dry,arid,0,millet
122.65,83.78,144.22,5.6,765.64,15.34,68.01,loamy,transitional,highland,1,potato
40.0,29.0,42.0,7.1,110.7,24.63,89.02,loamy,transitional,semi_arid,1,pomegranate
45.81,35.74,33.01,5.8,355.64,32.61,41.99,sandy,short_rains,arid,0,millet
83.0,45.0,21.0,5.72,79.75,18.83,58.75,loamy,short_rains,sub_humid,1,maize
24.0,30.0,11.0,6.6,113.25,32.4,94.52,sandy,long_rains,highland,1,orange
123.04,79.2,105.08,6.1,591.13,16.89,67.23,loamy,short_rains,highland,1,cabbage
69.51,47.96,110.18,5.7,596.9,23.97,69.81,sandy,short_rains,sub_humid,0,sweetpotato
52.49,50.72,84.91,6.2,880.64,25.41,75.81,sandy,long_rains,coastal,0,cassava
108.0,72.0,46.0,6.11,90.95,25.16,84.98,clay,long_rains,coastal,0,banana
95.0,38.0,22.0,5.73,100.77,19.85,61.25,loamy,short_rains,sub_humid,1,maize
34.96,62.76,50.18,7.0,548.11,21.91,69.13,loamy,long_rains,highland,0,beans
37.06,69.29,61.1,6.7,705.27,29.13,57.91,sandy,long_rains,coastal,0,groundnut
81.98,41.38,41.37,7.0,587.37,17.22,52.68,loamy,dry,highland,0,wheat
112.0,87.0,48.0,6.2,99.47,27.2,77.4,loamy,long_rains,coastal,0,banana
146.65,47.01,72.96,5.5,2097.9,16.43,79.99,silty,long_rains,highland,0,tea
191.18,57.03,136.97,5.9,1578.04,31.54,73.48,clay,long_rains,sub_humid,1,sugarcane
122.65,61.89,107.71,5.9,1647.08,19.27,72.45,loamy,long_rains,highland,0,coffee
97.61,62.2,96.81,6.1,445.37,19.3,50.57,loamy,dry,semi_arid,1,onion
53.0,65.0,76.0,8.72,77.34,20.19,16.42,loamy,transitional,highland,0,chickpea
17.0,18.0,43.0,5.84,103.2,24.49,90.84,loamy,transitional,semi_arid,0,pomegranate
70.19,49.83,80.07,6.5,844.95,25.21,73.17,loamy,long_rains,sub_humid,0,cassava
68.71,47.53,40.3,5.8,405.98,28.38,42.09,loamy,short_rains,semi_arid,0,sorghum
36.5,62.66,69.36,6.6,698.85,29.08,61.53,loamy,long_rains,coastal,0,groundnut
197.39,64.41,147.52,5.9,1673.43,31.4,71.61,loamy,long_rains,sub_humid,0,sugarcane
59.07,43.47,32.46,6.8,384.18,30.53,41.94,sandy,short_rains,arid,0,millet
70.01,40.97,40.91,6.0,441.26,29.36,39.95,sandy,dry,arid,0,sorghum
147.08,47.61,73.58,4.8,2033.43,18.15,81.84,silty,long_rains,highland,0,tea
95.16,40.14,41.37,7.1,554.46,15.89,53.64,clay,dry,highland,1,wheat
124.38,55.12,45.25,5.7,1610.9,27.69,85.25,silty,long_rains,sub_humid,1,rice
82.72,46.56,42.19,6.2,576.57,14.79,51.35,loamy,dry,highland,0,wheat
84.25,46.25,39.06,6.6,613.86,18.19,49.22,clay,dry,highland,1,wheat
172.61,52.53,171.41,5.5,1644.01,26.58,81.0,loamy,long_rains,sub_humid,0,banana
61.25,48.69,77.42,6.8,863.5,25.05,73.12,loamy,long_rains,sub_humid,0,cassava
117.0,27.0,48.0,6.84,54.31,26.53,82.39,sandy,dry,semi_arid,1,watermelon
34.19,62.95,53.15,6.7,530.05,21.64,64.63,silty,long_rains,highland,0,beans
4.0,24.0,43.0,7.2,109.87,22.4,88.15,sandy,transitional,semi_arid,0,pomegranate
133.47,87.46,129.77,5.6,712.76,17.21,70.6,loamy,transitional,highland,0,potato
33.79,64.08,62.7,6.9,658.82,26.97,60.56,loamy,long_rains,sub_humid,0,groundnut
69.16,43.74,39.07,7.0,469.39,28.6,40.27,sandy,short_rains,arid,0,sorghum
97.11,77.23,134.4,6.2,568.98,24.23,64.59,silty,transitional,highland,1,tomato
40.0,17.0,15.0,7.87,107.09,21.35,90.95,loamy,transitional,highland,0,orange
118.11,52.07,46.24,6.3,1834.09,26.53,83.83,silty,long_rains,coastal,1,rice
78.94,45.44,39.85,6.5,599.25,17.96,50.7,loamy,dry,highland,0,wheat
70.53,45.88,77.07,5.6,873.29,27.39,72.27,sandy,long_rains,coastal,0,cassava
114.58,53.68,49.26,5.8,2087.11,27.1,85.44,clay,long_rains,sub_humid,1,rice
62.54,52.77,74.27,6.1,771.85,27.66,72.32,loamy,long_rains,coastal,1,cassava
187.36,67.11,127.57,7.1,1598.94,29.9,68.45,loamy,long_rains,coastal,1,sugarcane
60.45,59.7,107.98,5.5,650.24,24.63,67.11,loamy,long_rains,highland,0,sweetpotato
39.0,25.0,36.0,5.57,107.61,18.9,95.0,sandy,dry,semi_arid,1,pomegranate
24.0,6.0,32.0,6.39,172.48,28.11,90.02,loamy,long_rains,coastal,0,coconut
101.82,53.28,51.82,6.4,698.94,22.64,66.01,silty,short_rains,sub_humid,0,maize
35.0,55.0,22.0,8.63,55.52,30.89,52.63,sandy,dry,arid,0,moth_beans
69.43,43.76,43.07,6.2,605.81,14.53,47.81,clay,dry,highland,0,wheat
8.0,28.0,38.0,6.84,105.69,23.23,94.43,sandy,transitional,semi_arid,0,pomegranate
176.24,69.4,141.7,5.6,1677.52,25.68,72.99,clay,long_rains,sub_humid,1,sugarcane
58.15,43.84,85.71,6.3,931.06,26.69,70.55,loamy,long_rains,sub_humid,0,cassava
30.21,63.24,51.53,7.1,592.46,21.91,62.9,silty,long_rains,sub_humid,0,beans
33.3,67.73,55.77,6.2,551.86,20.5,60.1,loamy,long_rains,highland,0,beans
75.16,54.46,103.99,5.9,599.47,23.93,62.81,loamy,short_rains,sub_humid,0,sweetpotato
120.08,76.58,136.85,5.1,612.93,15.23,70.79,loamy,transitional,highland,0,potato
32.47,67.28,40.52,6.8,347.95,19.05,54.45,loamy,dry,semi_arid,0,lentils
94.0,5.0,55.0,6.09,26.88,28.59,91.89,loamy,transitional,sub_humid,0,muskmelon
106.16,61.55,105.57,7.2,474.69,19.13,47.75,loamy,dry,highland,0,onion
99.89,57.13,52.07,6.8,739.33,23.33,60.7,loamy,short_rains,sub_humid,0,maize
19.94,60.41,41.8,6.1,365.03,18.84,46.53,clay,dry,highland,0,lentils
58.42,34.74,33.99,5.8,343.87,32.06,42.14,sandy,short_rains,semi_arid,0,millet
191.03,60.03,145.46,7.0,1563.5,29.2,69.88,clay,long_rains,sub_humid,1,sugarcane
106.2,57.18,47.99,6.0,700.75,24.92,66.7,silty,long_rains,highland,0,maize
100.0,14.0,49.0,6.37,26.02,29.49,91.08,sandy,dry,semi_arid,0,muskmelon
105.2,59.82,116.3,7.2,462.43,20.13,53.1,loamy,dry,highland,1,onion
97.0,12.0,47.0,6.77,58.29,25.29,89.64,loamy,dry,sub_humid,1,watermelon
52.0,73.0,79.0,7.84,94.0,17.26,18.75,loamy,transitional,highland,0,chickpea
59.27,35.05,39.45,6.7,348.99,32.6,44.19,sandy,short_rains,semi_arid,0,millet
56.3,42.4,85.95,5.8,918.03,25.48,74.52,sandy,long_rains,coastal,0,cassava
78.2,43.03,41.38,6.2,538.72,16.04,50.17,loamy,dry,highland,0,wheat
102.56,56.68,75.66,6.0,608.63,29.14,52.99,clay,long_rains,coastal,0,cotton
58.77,58.72,65.3,6.3,549.59,23.82,47.51,loamy,short_rains,sub_humid,1,sunflower
34.11,61.12,58.92,6.9,707.13,26.64,53.48,loamy,long_rains,coastal,0,groundnut
99.84,75.76,137.21,6.1,533.63,21.41,62.02,silty,transitional,highland,1,tomato
116.4,56.52,42.9,6.8,1886.73,29.47,82.69,clay,long_rains,coastal,0,rice
29.0,16.0,36.0,5.74,102.86,19.81,88.93,sandy,transitional,semi_arid,1,pomegranate
35.05,71.12,49.22,6.9,579.65,21.12,64.47,silty,short_rains,highland,0,beans
68.36,57.75,78.72,6.9,465.41,28.12,50.03,sandy,short_rains,semi_arid,1,sunflower
33.04,69.25,50.55,6.2,548.51,20.19,66.35,silty,short_rains,highland,1,beans
55.63,43.57,79.75,5.8,997.86,25.83,66.71,sandy,long_rains,coastal,0,cassava
55.32,35.74,33.5,5.9,334.05,32.41,40.96,sandy,short_rains,arid,0,millet
53.63,47.93,85.33,5.5,967.46,28.29,72.79,loamy,long_rains,sub_humid,1,cassava
52.0,60.0,79.0,8.38,75.63,19.45,18.23,sandy,transitional,semi_arid,0,chickpea
35.0,145.0,195.0,6.23,110.98,22.04,94.58,silty,transitional,highland,0,apple
98.45,83.87,119.81,6.2,568.47,23.54,63.42,loamy,transitional,sub_humid,0,tomato
91.32,55.69,105.33,6.4,470.0,22.72,52.26,sandy,dry,semi_arid,1,onion
9.0,16.0,39.0,6.1,105.18,18.41,91.12,sandy,dry,arid,0,pomegranate
103.03,66.56,104.8,7.1,437.19,20.63,51.86,loamy,dry,semi_arid,0,onion
9.0,35.0,20.0,6.91,40.53,27.42,80.98,sandy,transitional,sub_humid,1,mung_bean
72.84,42.71,36.22,6.6,463.7,26.77,45.3,sandy,dry,semi_arid,1,sorghum
107.0,45.0,25.0,7.23,71.84,23.09,83.56,clay,long_rains,coastal,0,cotton
110.37,84.73,134.31,6.1,476.8,22.09,61.16,loamy,transitional,sub_humid,1,tomato
105.94,56.9,48.89,6.4,600.42,24.64,71.27,silty,short_rains,sub_humid,0,maize
191.84,57.36,130.72,7.2,1699.26,31.28,69.04,loamy,long_rains,coastal,0,sugarcane
74.08,53.22,74.73,6.0,576.26,27.87,41.79,loamy,short_rains,sub_humid,1,sunflower
32.0,55.0,51.0,6.57,62.69,29.61,93.16,sandy,transitional,sub_humid,1,papaya
82.59,40.64,40.56,6.1,586.77,16.73,51.85,loamy,dry,highland,1,wheat
188.43,50.54,153.49,6.7,1591.45,28.85,72.04,loamy,long_rains,coastal,1,sugarcane
124.12,52.53,108.34,6.2,1398.24,19.43,80.8,silty,long_rains,highland,0,coffee
30.24,66.03,51.63,7.0,484.94,20.19,64.06,silty,long_rains,highland,0,beans
19.0,39.0,17.0,6.89,44.47,29.28,81.8,sandy,short_rains,sub_humid,0,mung_bean
24.0,42.0,23.0,6.43,44.01,28.22,82.36,loamy,transitional,sub_humid,0,mung_bean
68.52,55.36,106.97,5.9,645.57,23.49,70.4,sandy,short_rains,sub_humid,1,sweetpotato
114.35,52.97,49.03,6.7,2112.04,24.8,85.2,clay,long_rains,coastal,1,rice
26.24,58.6,46.7,6.8,552.15,18.79,50.19,loamy,dry,semi_arid,0,chickpea
37.0,5.0,34.0,5.78,152.42,25.79,93.84,sandy,long_rains,coastal,0,coconut
101.17,49.36,50.83,6.8,724.24,24.38,66.81,loamy,long_rains,sub_humid,0,maize
59.0,69.0,80.0,8.17,69.41,19.08,17.87,loamy,dry,highland,0,chickpea
28.07,63.77,44.5,7.3,412.87,21.2,47.72,loamy,dry,highland,0,lentils
97.01,54.49,62.1,5.9,781.47,26.91,45.87,clay,long_rains,coastal,1,cotton
72.34,44.42,42.6,6.5,471.3,26.8,42.83,loamy,short_rains,semi_arid,0,sorghum
137.69,56.31,119.26,6.3,1644.73,18.68,76.56,loamy,long_rains,highland,0,coffee
107.87,50.08,54.14,6.3,698.02,23.87,67.14,loamy,short_rains,sub_humid,0,maize
22.0,62.0,16.0,4.83,180.9,34.65,54.32,loamy,short_rains,semi_arid,0,pigeon_peas
134.24,57.75,104.98,5.5,1647.38,20.22,72.81,loamy,long_rains,highland,0,coffee
62.28,44.13,77.56,6.2,977.24,25.63,69.69,loamy,long_rains,coastal,0,cassava
85.38,48.81,42.22,6.3,591.76,16.4,53.66,loamy,dry,highland,0,wheat
94.0,53.0,40.0,5.72,241.97,20.28,82.89,silty,long_rains,sub_humid,1,rice
25.91,59.37,44.78,6.5,385.06,18.35,48.52,clay,dry,highland,0,lentils
61.41,47.9,72.6,6.6,929.51,26.76,80.26,sandy,long_rains,sub_humid,0,cassava
116.66,50.32,40.14,5.5,2168.94,26.86,89.0,clay,long_rains,coastal,1,rice
19.0,15.0,34.0,5.69,215.92,26.3,99.66,loamy,long_rains,coastal,1,coconut
122.12,55.43,100.84,6.0,1668.9,18.35,76.04,silty,long_rains,highland,0,coffee
101.0,87.0,54.0,6.38,100.17,29.07,76.5,loamy,long_rains,coastal,0,banana
63.26,49.94,109.62,5.5,655.52,24.31,68.31,loamy,long_rains,highland,0,sweetpotato
92.0,75.0,45.0,5.67,90.43,29.01,77.95,loamy,long_rains,sub_humid,0,banana
131.0,56.0,20.0,7.76,92.24,22.01,81.84,loamy,long_rains,sub_humid,0,cotton
99.84,59.78,95.71,6.9,470.77,22.06,51.38,loamy,dry,semi_arid,1,onion
129.69,67.27,110.55,7.5,636.39,16.7,70.68,clay,short_rains,highland,1,cabbage
28.17,57.98,44.59,6.5,356.6,20.22,46.8,loamy,dry,semi_arid,1,lentils
143.56,44.27,71.57,5.9,2034.56,17.26,80.08,loamy,long_rains,highland,0,tea
71.18,45.71,44.06,7.0,456.63,29.72,40.21,loamy,dry,semi_arid,0,sorghum
58.0,61.0,15.0,7.4,62.79,30.95,64.23,loamy,short_rains,coastal,0,blackgram
63.89,53.12,70.03,6.4,557.33,25.5,48.07,loamy,dry,semi_arid,0,sunflower
39.0,64.0,52.0,6.68,63.69,28.92,94.64,loamy,transitional,sub_humid,0,papaya
83.74,44.46,35.81,7.3,594.11,15.83,52.35,loamy,dry,highland,1,wheat
96.0,86.0,51.0,6.26,92.0,29.91,76.99,loamy,long_rains,sub_humid,0,banana
27.41,69.17,51.44,7.4,596.48,20.91,64.28,loamy,long_rains,highland,1,beans
68.92,51.91,107.1,6.0,652.53,27.45,68.68,loamy,long_rains,sub_humid,1,sweetpotato
130.43,83.0,140.44,6.0,741.62,14.26,70.28,loamy,long_rains,highland,1,potato
149.27,41.56,80.3,6.0,1818.89,15.5,79.38,loamy,long_rains,highland,0,tea
102.58,59.42,65.7,6.0,742.67,28.91,56.1,loamy,long_rains,coastal,0,cotton
95.36,66.99,132.77,6.3,602.18,22.51,61.37,silty,dry,highland,1,tomato
36.0,59.0,46.0,6.72,127.25,34.29,93.61,sandy,long_rains,coastal,0,papaya
28.0,35.0,22.0,7.16,59.87,29.53,86.73,sandy,short_rains,sub_humid,1,mung_bean
32.0,57.0,18.0,5.7,107.39,15.54,23.76,loamy,long_rains,highland,1,kidney_beans
116.8,52.73,44.41,6.1,1911.61,27.48,85.67,silty,long_rains,coastal,1,rice
29.9,61.19,50.35,6.2,539.51,19.26,61.33,silty,short_rains,highland,0,beans
69.84,57.66,70.41,6.1,551.91,26.89,47.86,sandy,dry,semi_arid,0,sunflower
60.0,55.0,45.0,5.94,287.58,21.41,83.33,clay,long_rains,coastal,1,rice
65.94,41.32,42.21,6.3,345.29,29.04,45.34,loamy,short_rains,arid,0,sorghum
13.0,121.0,196.0,6.44,120.16,22.21,93.51,loamy,dry,highland,1,apple
98.76,73.02,100.28,6.6,471.74,19.94,46.99,sandy,dry,semi_arid,1,onion
36.55,62.37,49.97,6.6,598.01,20.48,61.25,silty,long_rains,sub_humid,0,beans
50.66,32.4,32.88,6.7,363.41,30.87,41.72,sandy,dry,arid,0,millet
37.0,137.0,199.0,5.7,108.34,22.64,90.18,silty,transitional,highland,1,apple
20.23,55.2,47.03,5.7,579.48,20.59,51.77,loamy,transitional,semi_arid,0,chickpea
31.62,66.73,63.36,6.0,743.02,29.95,62.19,loamy,long_rains,sub_humid,0,groundnut
103.0,40.0,30.0,6.35,141.48,27.31,55.2,silty,long_rains,highland,0,coffee
3.0,56.0,17.0,8.71,52.14,28.2,53.51,sandy,short_rains,arid,0,moth_beans
31.87,62.59,45.46,6.7,408.6,20.41,52.57,clay,dry,highland,1,lentils
62.4,47.32,78.02,6.4,986.37,26.47,68.95,loamy,long_rains,sub_humid,0,cassava
64.9,46.18,75.17,7.0,947.38,25.4,72.32,loamy,long_rains,sub_humid,0,cassava
70.36,44.92,42.42,6.3,408.85,27.83,44.71,loamy,short_rains,semi_arid,0,sorghum
77.18,45.77,42.45,7.3,577.39,17.08,48.75,clay,dry,highland,0,wheat
116.86,50.15,48.22,6.5,1845.6,27.77,83.73,clay,long_rains,sub_humid,1,rice
67.3,59.1,105.83,6.6,656.95,24.16,66.87,sandy,long_rains,sub_humid,0,sweetpotato
37.0,56.0,25.0,5.77,126.73,22.06,19.6,silty,short_rains,sub_humid,0,kidney_beans
111.0,53.0,19.0,6.42,84.63,23.96,78.03,loamy,long_rains,coastal,0,cotton
189.35,64.74,141.64,7.1,1502.59,31.13,70.28,loamy,long_rains,sub_humid,0,sugarcane
105.82,55.86,74.95,6.1,796.99,27.39,46.11,clay,long_rains,coastal,1,cotton
105.37,52.25,76.2,7.4,763.23,26.63,56.8,loamy,long_rains,sub_humid,0,cotton
152.84,46.79,74.96,5.6,2153.83,19.51,84.03,silty,long_rains,highland,0,tea
64.02,52.92,107.68,6.0,671.02,26.59,68.2,sandy,long_rains,highland,0,sweetpotato
179.17,63.53,136.74,5.5,1626.34,29.84,73.67,clay,long_rains,coastal,0,sugarcane
56.23,44.01,37.18,6.0,271.45,32.65,43.1,sandy,dry,semi_arid,0,millet
117.6,83.75,123.25,5.9,709.36,17.34,68.64,loamy,transitional,highland,0,potato
196.2,69.31,137.45,6.6,1808.01,28.67,70.78,loamy,long_rains,sub_humid,0,sugarcane
80.92,46.41,36.59,6.8,582.77,17.27,49.28,clay,dry,highland,1,wheat
168.68,55.16,149.48,5.6,1561.28,27.57,77.67,loamy,long_rains,sub_humid,1,sugarcane
9.0,21.0,32.0,5.87,95.94,32.27,53.56,loamy,dry,semi_arid,0,mango
66.87,43.87,36.37,6.8,444.27,27.81,45.06,sandy,dry,semi_arid,0,sorghum
107.0,12.0,46.0,6.56,27.57,29.57,93.62,sandy,transitional,sub_humid,1,muskmelon
126.46,88.46,130.19,6.4,765.52,14.3,71.25,silty,transitional,highland,1,potato
61.38,45.26,79.83,6.7,1039.33,25.91,77.29,sandy,long_rains,sub_humid,0,cassava
26.64,59.0,51.31,6.2,569.47,18.85,45.47,loamy,dry,highland,0,chickpea
21.0,63.0,17.0,6.56,41.45,25.09,68.18,clay,dry,semi_arid,1,lentils
27.51,62.09,50.92,6.3,523.3,19.16,60.81,silty,short_rains,highland,0,beans
96.45,46.41,49.57,6.0,745.9,21.98,66.16,silty,short_rains,sub_humid,1,maize
124.56,64.44,105.74,5.7,1579.53,19.55,73.46,silty,long_rains,highland,0,coffee
5.0,65.0,19.0,6.98,48.8,18.28,68.1,clay,dry,highland,1,lentils
34.0,54.0,24.0,5.03,68.8,31.21,41.56,sandy,short_rains,arid,0,moth_beans
36.0,67.0,77.0,7.15,79.26,18.37,19.56,loamy,dry,highland,0,chickpea
0.0,23.0,15.0,7.6,109.86,22.57,93.37,loamy,transitional,highland,0,orange
95.0,39.0,29.0,7.13,148.98,27.35,55.99,silty,long_rains,highland,0,coffee
22.28,52.19,53.04,6.3,548.22,20.09,53.3,loamy,dry,semi_arid,1,chickpea
34.48,60.47,62.18,6.2,778.41,27.32,57.25,loamy,long_rains,coastal,1,groundnut
31.0,25.0,38.0,6.5,109.42,24.96,92.41,sandy,dry,arid,1,pomegranate
6.0,48.0,24.0,6.79,48.48,28.64,84.61,loamy,short_rains,sub_humid,0,mung_bean
185.92,62.8,194.32,6.0,1304.92,26.09,82.91,clay,long_rains,sub_humid,0,banana
83.45,46.06,39.84,7.3,583.08,17.39,53.23,loamy,dry,highland,1,wheat
136.0,36.0,24.0,7.6,90.07,22.74,80.41,loamy,long_rains,sub_humid,0,cotton
67.0,51.0,24.0,5.58,64.78,23.5,61.32,loamy,short_rains,highland,0,maize
189.55,60.89,181.26,6.8,1342.61,26.13,78.06,loamy,long_rains,coastal,1,banana
117.17,71.23,138.09,6.1,692.49,15.95,65.95,loamy,transitional,highland,0,potato
120.04,72.07,134.15,5.6,794.11,15.35,72.98,loamy,transitional,highland,0,potato
0.0,69.0,21.0,7.07,36.68,25.87,61.88,loamy,dry,highland,1,lentils
110.0,25.0,54.0,6.43,23.44,28.91,90.78,loamy,transitional,sub_humid,0,muskmelon
78.78,45.06,69.71,7.5,900.99,28.23,58.58,sandy,dry,coastal,0,mango
113.98,51.08,49.55,5.6,2274.62,30.39,84.2,silty,long_rains,coastal,1,rice
68.74,52.1,109.14,6.1,675.37,25.21,66.74,sandy,long_rains,highland,0,sweetpotato
31.0,29.0,35.0,6.14,141.32,27.19,92.2,sandy,long_rains,coastal,0,coconut
130.48,57.64,108.57,6.1,1583.18,17.0,71.87,silty,long_rains,highland,0,coffee
67.45,47.02,39.58,7.0,448.56,30.59,41.24,sandy,dry,arid,1,sorghum
169.73,61.49,141.73,5.6,1726.45,28.06,77.66,clay,long_rains,sub_humid,1,sugarcane
62.08,57.54,105.28,6.6,564.37,26.78,65.85,loamy,short_rains,sub_humid,0,sweetpotato
125.33,74.52,134.96,5.5,715.05,14.49,72.2,silty,transitional,highland,0,potato
63.43,54.64,74.86,6.5,596.92,27.05,46.34,loamy,dry,sub_humid,0,sunflower
180.64,52.34,198.87,6.3,1489.58,29.0,77.59,loamy,long_rains,sub_humid,0,banana
119.42,64.62,103.86,7.2,592.21,17.56,64.23,clay,long_rains,highland,1,cabbage
99.0,15.0,27.0,6.09,127.92,27.42,56.64,silty,long_rains,highland,0,coffee
108.0,24.0,31.0,6.43,147.28,24.13,56.18,silty,long_rains,highland,0,coffee
25.0,51.0,18.0,9.46,50.28,27.78,54.82,sandy,short_rains,arid,0,moth_beans
98.0,26.0,49.0,6.13,23.5,27.29,90.53,loamy,transitional,semi_arid,0,muskmelon
55.45,49.22,77.32,6.5,893.12,26.45,73.41,sandy,long_rains,sub_humid,0,cassava
104.45,70.21,121.19,6.4,519.85,25.02,52.22,silty,dry,highland,1,tomato
133.0,47.0,24.0,7.23,90.8,24.4,79.2,clay,long_rains,coastal,0,cotton
30.36,62.68,42.26,5.9,564.11,20.72,50.13,loamy,transitional,semi_arid,0,chickpea
59.58,37.12,37.41,6.6,300.37,30.76,35.02,sandy,short_rains,arid,0,millet
30.0,13.0,25.0,6.41,164.92,27.15,91.49,loamy,long_rains,coastal,1,coconut
98.62,66.5,100.58,6.2,391.9,19.74,47.33,loamy,dry,semi_arid,1,onion
118.0,33.0,30.0,6.36,173.32,24.13,67.23,silty,long_rains,highland,0,coffee
178.16,56.93,128.78,7.1,1590.02,27.56,70.57,clay,long_rains,sub_humid,0,sugarcane
122.17,73.79,112.8,6.2,568.04,17.68,72.21,clay,long_rains,highland,1,cabbage
19.0,72.0,15.0,6.89,44.09,28.84,69.76,clay,dry,semi_arid,1,lentils
177.47,58.68,176.38,5.6,1578.7,27.53,81.03,loamy,long_rains,sub_humid,0,banana
103.9,83.94,129.33,6.7,505.66,23.06,64.83,silty,transitional,sub_humid,1,tomato
152.59,43.55,85.59,5.3,1917.69,17.88,80.05,loamy,long_rains,highland,0,tea
118.17,67.6,98.19,7.3,634.63,17.24,71.38,loamy,long_rains,highland,1,cabbage
52.58,46.64,69.54,6.2,861.87,25.4,72.96,sandy,long_rains,sub_humid,0,cassava
27.0,63.0,19.0,5.56,133.19,20.93,21.19,silty,short_rains,highland,0,kidney_beans
84.0,36.0,28.0,6.12,140.63,26.74,55.55,silty,long_rains,highland,0,coffee
87.53,50.33,40.11,7.4,567.51,16.6,54.89,clay,dry,highland,1,wheat
39.0,140.0,203.0,6.35,69.28,21.12,80.63,loamy,dry,semi_arid,1,grapes
67.4,36.56,41.04,7.5,434.37,27.99,46.02,sandy,short_rains,arid,0,sorghum
76.35,50.05,70.16,7.1,780.42,29.31,53.49,loamy,dry,semi_arid,0,mango
24.0,14.0,33.0,6.37,218.52,29.38,93.28,loamy,long_rains,coastal,0,coconut
117.0,86.0,48.0,6.23,116.16,28.7,82.54,clay,long_rains,coastal,1,banana
91.0,21.0,50.0,6.76,48.32,24.34,81.44,sandy,dry,sub_humid,0,watermelon
28.81,50.92,44.53,6.0,499.75,20.3,48.55,sandy,transitional,highland,0,chickpea
20.0,72.0,15.0,7.31,134.86,36.0,56.01,loamy,short_rains,semi_arid,0,pigeon_peas
68.53,50.34,69.49,7.0,582.83,25.69,44.31,loamy,short_rains,semi_arid,0,sunflower
125.55,52.85,48.01,6.9,1781.32,30.13,86.88,silty,long_rains,coastal,1,rice
1.0,15.0,9.0,7.53,115.36,29.98,94.55,sandy,transitional,highland,1,orange
179.76,65.82,177.17,6.4,1452.26,28.1,79.99,clay,long_rains,sub_humid,0,banana
186.27,59.1,182.64,6.8,1463.69,24.81,81.35,loamy,long_rains,coastal,0,banana
101.26,68.03,108.21,6.1,416.33,20.3,53.11,loamy,dry,semi_arid,1,onion
35.0,140.0,197.0,6.11,66.76,16.78,82.75,loamy,dry,semi_arid,1,grapes
118.91,67.84,101.24,7.5,650.71,17.58,64.89,clay,long_rains,highland,1,cabbage
106.06,85.05,135.38,6.0,636.38,22.34,65.45,silty,dry,sub_humid,0,tomato
28.0,70.0,21.0,7.44,39.18,25.39,60.5,loamy,transitional,semi_arid,1,lentils
101.23,67.75,103.33,6.7,521.08,19.54,49.96,sandy,dry,highland,0,onion
36.0,44.0,21.0,4.52,38.49,25.13,51.33,sandy,dry,arid,1,moth_beans
12.0,31.0,26.0,5.4,100.22,35.79,51.94,loamy,dry,coastal,0,mango
114.86,51.7,74.46,6.8,911.86,28.82,54.42,loamy,long_rains,coastal,0,cotton
61.9,43.44,75.47,6.5,864.98,27.79,74.89,loamy,long_rains,sub_humid,0,cassava
145.9,38.36,85.26,5.5,2014.92,18.86,80.07,loamy,long_rains,highland,0,tea
50.59,49.07,79.43,5.6,1047.97,26.34,71.79,sandy,long_rains,coastal,0,cassava
130.33,55.82,113.51,6.2,1568.02,18.31,77.53,silty,long_rains,highland,0,coffee
116.39,59.88,69.56,7.3,738.45,26.86,58.09,loamy,long_rains,sub_humid,0,cotton
104.97,55.31,53.11,6.4,691.82,23.07,64.48,silty,short_rains,sub_humid,0,maize
98.1,55.25,73.6,7.0,810.46,27.89,51.03,loamy,long_rains,sub_humid,1,cotton
24.16,62.55,45.04,6.4,402.74,20.32,47.8,clay,dry,highland,0,lentils
70.26,53.25,104.27,6.8,683.59,25.48,73.18,loamy,long_rains,sub_humid,0,sweetpotato
90.64,78.39,118.84,6.4,528.82,23.41,65.61,loamy,dry,highland,0,tomato
112.36,70.98,106.11,7.2,541.16,16.4,70.85,clay,short_rains,highland,1,cabbage
74.08,45.95,78.33,6.8,941.98,28.31,75.19,sandy,long_rains,coastal,0,cassava
100.41,78.18,134.64,6.7,608.13,24.92,62.72,silty,dry,highland,0,tomato
71.51,38.21,38.57,7.1,420.7,26.69,48.87,sandy,dry,arid,0,sorghum
119.93,75.16,100.96,7.4,591.87,18.19,70.76,loamy,short_rains,highland,0,cabbage
127.36,86.8,136.92,5.5,693.4,15.51,71.27,loamy,transitional,highland,0,potato
26.12,52.6,45.3,6.3,553.89,20.41,51.94,loamy,dry,highland,1,chickpea
99.0,92.0,47.0,6.32,103.5,28.13,77.48,clay,long_rains,sub_humid,0,banana
118.97,51.98,103.33,5.8,1727.1,18.89,77.54,silty,long_rains,highland,0,coffee
116.0,36.0,25.0,6.17,156.68,27.58,58.53,silty,long_rains,highland,0,coffee
27.38,51.82,46.14,6.7,583.08,18.09,54.04,sandy,transitional,highland,0,chickpea
104.0,26.0,30.0,6.41,148.7,24.41,62.66,loamy,long_rains,highland,0,coffee
57.38,46.75,70.48,6.1,893.03,24.56,73.53,loamy,long_rains,sub_humid,0,cassava
36.0,65.0,80.0,6.05,74.87,18.29,16.68,loamy,transitional,highland,0,chickpea
106.0,85.0,53.0,5.92,99.72,27.2,78.81,loamy,long_rains,coastal,0,banana
108.0,36.0,19.0,7.24,64.61,22.78,77.51,loamy,long_rains,coastal,0,cotton
87.09,46.72,38.53,6.7,592.52,16.52,52.64,clay,dry,highland,0,wheat
95.0,26.0,45.0,6.12,28.16,29.92,94.56,loamy,dry,sub_humid,1,muskmelon
89.66,54.49,71.74,6.7,679.92,28.81,52.78,loamy,long_rains,sub_humid,1,cotton
20.0,45.0,17.0,6.77,37.25,28.17,83.7,sandy,transitional,semi_arid,1,mung_bean
38.0,15.0,30.0,5.08,97.01,28.92,48.14,sandy,transitional,semi_arid,0,mango
172.72,54.58,197.05,6.3,1274.66,27.08,77.47,clay,long_rains,sub_humid,1,banana
35.0,68.0,45.0,6.61,234.85,42.94,90.09,loamy,long_rains,sub_humid,0,papaya
53.46,41.09,36.36,6.5,312.37,35.22,36.24,sandy,short_rains,arid,0,millet
27.11,67.25,44.15,6.3,284.68,20.08,49.82,loamy,dry,semi_arid,1,lentils
76.85,43.98,39.29,7.4,612.28,17.15,51.17,clay,dry,highland,0,wheat
119.0,72.0,55.0,6.22,112.08,25.99,83.34,loamy,long_rains,coastal,0,banana
112.78,66.87,107.19,7.1,441.76,21.04,50.05,sandy,dry,semi_arid,1,onion
103.67,61.37,115.56,7.2,491.32,20.63,53.05,loamy,dry,semi_arid,1,onion
98.09,58.21,46.28,6.0,761.83,20.6,62.31,silty,short_rains,highland,1,maize
25.0,60.0,22.0,5.89,134.36,21.63,21.18,silty,short_rains,sub_humid,0,kidney_beans
124.84,62.84,107.97,6.4,1623.26,18.34,73.46,silty,long_rains,highland,0,coffee
36.31,62.87,62.9,6.1,673.53,28.08,54.62,sandy,long_rains,coastal,0,groundnut
65.63,50.56,77.96,6.1,912.15,27.93,72.96,sandy,long_rains,sub_humid,0,cassava
98.45,56.87,51.4,6.7,724.93,22.26,64.37,silty,short_rains,highland,0,maize
71.67,54.13,77.72,7.4,539.97,27.43,44.59,loamy,short_rains,semi_arid,0,sunflower
139.71,81.19,117.24,5.2,684.51,15.92,69.41,loamy,long_rains,highland,1,potato
66.28,41.84,39.02,5.7,447.05,30.35,54.17,sandy,short_rains,arid,0,sorghum
192.98,50.92,139.19,6.8,1533.52,27.66,70.66,loamy,long_rains,coastal,0,sugarcane
102.0,24.0,54.0,6.7,22.82,27.72,90.94,sandy,dry,sub_humid,0,muskmelon
95.17,69.17,105.92,7.3,476.91,20.87,52.36,loamy,dry,semi_arid,0,onion
66.72,46.55,40.0,6.8,446.75,28.26,47.75,sandy,dry,semi_arid,1,sorghum
81.41,43.71,41.38,6.2,624.95,15.21,55.34,loamy,dry,highland,0,wheat
106.26,55.29,49.08,6.9,705.56,23.91,66.52,silty,short_rains,sub_humid,1,maize
5.0,62.0,23.0,4.72,145.37,27.93,66.45,sandy,short_rains,semi_arid,0,pigeon_peas
108.63,52.17,65.61,6.5,835.36,30.14,50.99,clay,long_rains,sub_humid,0,cotton
28.0,145.0,202.0,6.48,66.83,19.21,82.9,sandy,dry,semi_arid,0,grapes
54.87,34.13,37.5,6.1,305.11,30.75,37.9,sandy,dry,semi_arid,0,millet
24.0,67.0,22.0,5.62,104.63,20.12,22.9,silty,long_rains,sub_humid,1,kidney_beans
87.64,44.58,39.18,7.2,545.84,17.32,50.86,clay,dry,highland,1,wheat
31.68,64.38,70.44,6.2,768.26,29.56,58.03,loamy,long_rains,coastal,0,groundnut
76.42,53.9,65.72,6.8,957.27,30.37,48.08,loamy,dry,coastal,1,mango
67.0,59.0,41.0,6.01,213.36,21.95,80.97,silty,long_rains,sub_humid,1,rice
99.0,40.0,32.0,7.05,163.27,24.18,69.95,silty,long_rains,highland,0,coffee
14.0,22.0,9.0,6.54,112.51,17.25,91.14,loamy,transitional,sub_humid,0,orange
42.0,61.0,22.0,7.42,70.23,26.27,62.29,loamy,short_rains,sub_humid,0,blackgram
103.76,58.69,48.87,6.7,687.67,23.77,64.77,loamy,long_rains,sub_humid,0,maize
39.96,60.35,61.14,6.9,691.75,27.98,58.33,loamy,long_rains,coastal,0,groundnut
92.0,7.0,45.0,6.94,51.51,26.71,81.14,sandy,dry,sub_humid,0,watermelon
80.86,50.62,69.2,5.8,876.86,27.35,55.05,loamy,transitional,semi_arid,0,mango
176.14,61.52,190.67,6.2,1522.47,29.75,80.74,clay,long_rains,sub_humid,0,banana
138.15,56.12,104.26,5.7,1586.63,18.95,73.19,silty,long_rains,highland,1,coffee
132.11,72.17,123.72,5.4,698.49,13.58,68.24,silty,transitional,highland,1,potato
34.0,75.0,24.0,4.76,192.3,23.5,51.29,loamy,short_rains,sub_humid,0,pigeon_peas
123.0,66.31,109.87,5.6,1484.69,18.25,73.96,silty,long_rains,highland,0,coffee
32.4,68.92,50.18,7.2,543.52,19.26,59.77,loamy,long_rains,highland,0,beans
85.0,21.0,47.0,6.19,24.7,29.87,90.61,loamy,dry,semi_arid,0,muskmelon
183.81,63.85,131.87,5.5,1486.79,29.01,69.27,clay,long_rains,sub_humid,1,sugarcane
35.0,57.0,83.0,7.48,80.5,19.48,17.45,loamy,transitional,highland,1,chickpea
173.51,62.25,170.65,6.9,1412.69,27.05,77.18,clay,long_rains,coastal,0,banana
72.94,47.3,42.58,5.5,489.98,27.3,41.69,sandy,short_rains,semi_arid,1,sorghum
118.59,83.19,128.43,5.4,717.56,16.93,76.21,silty,transitional,highland,1,potato
125.14,60.02,105.4,5.7,1548.82,19.38,74.6,loamy,long_rains,highland,0,coffee
89.0,22.0,52.0,6.22,53.15,24.9,86.11,loamy,short_rains,sub_humid,0,watermelon
39.93,57.37,65.38,5.7,589.12,29.14,55.54,sandy,long_rains,sub_humid,1,groundnut
32.08,65.65,52.52,6.2,550.72,20.01,60.67,loamy,short_rains,highland,0,beans
33.0,47.0,17.0,8.62,63.92,24.87,48.28,sandy,dry,arid,0,moth_beans
69.91,58.57,72.52,6.7,578.92,27.65,47.22,sandy,dry,sub_humid,1,sunflower
69.96,53.6,79.88,7.4,543.66,25.41,48.47,sandy,dry,sub_humid,1,sunflower
129.2,61.32,100.29,5.8,1550.18,20.69,74.15,loamy,long_rains,highland,0,coffee
131.54,80.73,139.47,5.2,618.73,16.46,69.08,silty,long_rains,highland,0,potato
100.92,84.48,145.07,6.9,540.1,23.85,56.6,loamy,dry,highland,0,tomato
30.62,64.08,52.56,6.5,606.36,17.92,58.45,silty,short_rains,sub_humid,0,beans
74.66,46.07,73.16,6.8,859.65,29.47,58.08,loamy,transitional,semi_arid,0,mango
111.87,52.83,69.97,6.8,748.78,27.64,52.77,clay,long_rains,coastal,1,cotton
160.66,43.38,80.91,5.7,2109.43,17.28,75.24,silty,long_rains,highland,0,tea
174.43,60.83,189.2,6.9,1513.98,24.43,79.28,loamy,long_rains,coastal,0,banana
106.02,53.74,71.66,7.1,744.16,27.64,43.81,loamy,long_rains,coastal,0,cotton
71.91,44.34,40.72,5.7,405.87,29.29,41.15,sandy,short_rains,semi_arid,1,sorghum
64.96,38.07,38.23,7.3,454.49,29.28,45.58,sandy,dry,arid,0,sorghum
62.29,39.03,33.97,6.2,345.95,32.16,41.26,sandy,dry,semi_arid,0,millet
92.8,49.37,49.81,5.8,733.08,23.91,67.82,silty,long_rains,sub_humid,0,maize
32.0,56.0,21.0,6.7,58.3,27.39,88.67,sandy,short_rains,semi_arid,0,mung_bean
33.06,70.32,68.87,6.8,697.79,29.74,55.04,loamy,long_rains,sub_humid,0,groundnut
93.21,49.34,53.34,6.3,633.73,22.28,67.59,loamy,short_rains,sub_humid,0,maize
146.11,51.78,83.17,5.6,2036.06,16.5,80.92,silty,long_rains,highland,0,tea
29.15,67.5,61.12,6.7,541.23,21.17,61.48,loamy,long_rains,highland,0,beans
106.57,58.73,75.38,6.9,777.95,29.73,53.0,loamy,long_rains,coastal,0,cotton
102.43,51.2,52.75,6.1,682.29,21.74,67.17,loamy,long_rains,highland,0,maize
74.23,52.18,71.41,7.1,475.01,27.98,49.01,loamy,short_rains,semi_arid,0,sunflower
107.15,87.86,140.12,6.9,552.52,25.03,57.28,loamy,dry,highland,1,tomato
96.29,51.8,52.0,6.8,715.63,23.15,67.78,silty,short_rains,highland,0,maize
186.17,60.06,142.29,6.9,1504.15,29.54,69.77,clay,long_rains,sub_humid,0,sugarcane
22.0,49.0,22.0,3.71,72.67,28.23,61.56,sandy,short_rains,semi_arid,0,moth_beans
9.0,51.0,19.0,5.49,48.25,27.04,49.33,sandy,dry,semi_arid,0,moth_beans
98.02,52.2,44.65,6.8,678.24,21.56,65.82,loamy,short_rains,highland,0,maize
33.11,68.33,51.05,6.9,522.78,21.4,64.36,silty,short_rains,sub_humid,0,beans
174.85,61.06,136.4,7.1,1542.2,29.84,76.23,loamy,long_rains,coastal,0,sugarcane
35.28,61.8,53.07,6.9,555.78,20.88,66.15,loamy,long_rains,highland,0,beans
40.0,68.0,17.0,7.73,70.41,34.13,65.15,loamy,transitional,coastal,0,blackgram
179.27,60.61,186.73,6.1,1355.18,27.39,78.95,clay,long_rains,coastal,1,banana
88.37,43.47,37.62,7.0,550.99,17.6,53.31,clay,dry,highland,1,wheat
11.0,46.0,24.0,6.46,56.53,27.65,89.81,loamy,short_rains,semi_arid,0,mung_bean
30.35,56.75,46.17,6.6,382.0,15.97,52.04,loamy,transitional,highland,0,lentils
122.57,53.83,66.54,6.6,784.72,26.39,57.55,clay,long_rains,coastal,0,cotton
4.0,67.0,25.0,5.95,119.64,23.79,24.36,silty,short_rains,highland,1,kidney_beans
94.62,77.28,131.45,6.6,600.42,23.84,55.03,silty,dry,highland,1,tomato
110.91,56.71,66.84,7.3,860.3,28.33,54.35,loamy,long_rains,sub_humid,0,cotton
31.0,75.0,18.0,5.82,88.89,15.47,21.44,silty,short_rains,sub_humid,0,kidney_beans
79.46,41.83,44.44,6.4,556.23,17.23,54.56,loamy,dry,highland,1,wheat
70.15,53.99,70.25,7.5,610.56,27.06,45.4,sandy,dry,semi_arid,0,sunflower
68.85,49.82,63.15,7.1,611.96,27.71,44.5,sandy,dry,sub_humid,1,sunflower
19.0,7.0,10.0,6.12,100.2,14.78,91.22,sandy,transitional,highland,0,orange
59.0,44.57,86.06,5.7,831.39,28.08,69.03,loamy,long_rains,coastal,0,cassava
78.21,46.93,64.85,7.0,891.13,29.07,53.46,loamy,transitional,semi_arid,0,mango
24.0,21.0,42.0,7.0,109.44,20.82,87.23,sandy,transitional,semi_arid,1,pomegranate
180.6,66.0,182.33,6.7,1466.12,28.02,77.92,loamy,long_rains,sub_humid,0,banana
31.03,68.48,52.85,7.3,556.42,22.23,58.99,loamy,short_rains,highland,0,beans
116.73,52.58,46.74,6.6,1756.87,27.35,84.02,clay,long_rains,coastal,1,rice
27.0,56.0,20.0,5.54,94.95,19.26,20.51,silty,long_rains,highland,0,kidney_beans
113.0,61.88,105.36,6.5,1532.43,18.83,77.05,silty,long_rains,highland,0,coffee
97.74,48.72,48.71,5.9,675.51,22.21,63.91,silty,long_rains,sub_humid,0,maize
4.0,134.0,200.0,5.84,73.34,28.58,80.96,sandy,dry,highland,0,grapes
30.96,65.7,58.34,7.1,500.02,21.19,60.2,silty,short_rains,highland,0,beans
66.87,41.36,85.16,6.1,949.58,28.44,72.83,loamy,long_rains,coastal,0,cassava
26.32,56.67,44.52,7.8,388.9,16.89,49.68,loamy,dry,semi_arid,1,lentils
36.21,65.26,53.23,6.7,517.65,21.42,62.61,silty,long_rains,sub_humid,0,beans
92.0,64.5,104.16,6.3,395.18,21.29,54.77,loamy,dry,highland,1,onion
120.0,40.0,33.0,6.73,115.16,24.24,54.3,loamy,long_rains,highland,0,coffee
21.0,80.0,20.0,7.35,64.33,28.21,68.27,clay,transitional,coastal,0,blackgram
190.13,60.2,126.48,6.2,1604.4,27.26,71.2,loamy,long_rains,coastal,1,sugarcane
193.51,63.91,150.53,6.4,1463.82,27.96,70.88,clay,long_rains,coastal,0,sugarcane
113.4,61.35,66.55,5.8,635.56,28.73,60.43,clay,long_rains,coastal,1,cotton
90.28,71.9,132.39,6.4,559.12,22.71,62.26,loamy,transitional,sub_humid,1,tomato
20.0,8.0,12.0,7.26,117.97,25.3,94.96,sandy,transitional,sub_humid,0,orange
34.0,66.0,17.0,5.89,125.08,18.81,21.28,silty,short_rains,highland,0,kidney_beans
125.37,79.99,144.85,6.2,665.29,14.29,68.45,loamy,long_rains,highland,0,potato
30.68,62.51,49.47,6.8,556.71,19.74,52.91,loamy,transitional,highland,0,chickpea
69.28,40.46,41.26,6.9,464.83,29.01,35.81,loamy,dry,arid,0,sorghum
74.0,58.0,18.0,6.73,109.02,20.04,56.36,silty,long_rains,highland,1,maize
69.54,42.66,37.32,5.8,485.77,29.56,52.05,loamy,dry,arid,0,sorghum
28.98,58.04,47.54,6.4,537.64,17.57,50.05,loamy,dry,highland,1,chickpea
105.33,55.4,67.71,6.2,753.23,27.3,53.71,clay,long_rains,coastal,1,cotton
38.0,55.0,19.0,5.86,198.83,33.18,38.23,sandy,long_rains,semi_arid,0,pigeon_peas
128.14,75.45,115.99,6.3,613.12,17.07,59.64,clay,short_rains,highland,0,cabbage
81.79,39.57,69.22,6.9,923.02,29.91,53.73,loamy,transitional,semi_arid,0,mango
117.84,54.08,98.66,5.7,1586.21,17.65,80.11,loamy,long_rains,highland,0,coffee
126.22,60.82,72.25,6.5,782.48,29.43,50.66,loamy,long_rains,sub_humid,1,cotton
78.71,38.88,42.9,6.5,557.76,16.85,54.45,clay,dry,highland,1,wheat
92.0,81.0,52.0,6.44,94.31,27.39,81.47,clay,long_rains,sub_humid,0,banana
24.51,57.94,44.33,5.9,519.72,22.25,52.64,sandy,dry,highland,0,chickpea
10.0,79.0,20.0,6.38,38.21,24.98,66.9,loamy,transitional,highland,1,lentils
67.85,59.1,102.83,6.9,590.47,24.57,63.03,sandy,short_rains,highland,0,sweetpotato
77.0,36.0,37.0,6.14,194.58,26.88,81.46,silty,long_rains,coastal,0,rice
59.05,36.26,34.56,6.4,329.32,29.85,41.77,sandy,dry,semi_arid,0,millet
105.18,73.94,122.78,6.3,577.99,22.58,58.61,loamy,dry,sub_humid,1,tomato
125.13,56.81,97.51,6.1,1523.32,19.01,73.44,loamy,long_rains,highland,0,coffee
103.95,48.12,50.84,5.9,599.88,21.9,67.78,silty,short_rains,sub_humid,1,maize
31.06,60.62,57.08,6.2,529.22,22.46,59.03,loamy,long_rains,highland,0,beans
21.0,62.0,24.0,6.85,65.45,33.49,62.73,loamy,transitional,sub_humid,0,blackgram
69.94,52.74,69.1,6.9,514.19,24.82,48.85,sandy,short_rains,sub_humid,0,sunflower
97.62,50.91,63.2,6.4,810.7,26.53,50.62,loamy,long_rains,coastal,0,cotton
178.3,58.9,191.09,6.3,1510.77,27.04,81.74,clay,long_rains,sub_humid,1,banana
71.51,38.18,39.5,7.4,451.09,27.83,41.48,loamy,short_rains,arid,1,sorghum
107.24,61.82,103.67,6.8,495.87,20.95,50.76,loamy,dry,semi_arid,1,onion
75.84,42.32,42.46,6.6,389.77,29.64,43.53,loamy,short_rains,semi_arid,0,sorghum
155.93,46.8,78.44,5.2,2112.8,17.04,82.11,loamy,long_rains,highland,0,tea
16.0,71.0,24.0,4.95,139.65,18.33,38.41,loamy,long_rains,semi_arid,1,pigeon_peas
27.0,72.0,23.0,5.96,64.03,19.93,21.8,silty,short_rains,highland,0,kidney_beans
124.42,84.77,121.13,6.0,744.53,14.52,70.81,loamy,transitional,highland,0,potato
62.42,44.78,78.01,6.4,890.94,26.82,72.13,sandy,long_rains,sub_humid,0,cassava
38.57,66.12,60.74,6.3,748.34,27.96,53.75,sandy,long_rains,sub_humid,0,groundnut
57.75,44.85,82.76,6.3,1030.66,29.0,75.43,loamy,long_rains,sub_humid,1,cassava
121.95,47.35,105.69,5.6,1684.69,18.57,77.13,loamy,long_rains,highland,0,coffee
76.68,55.64,107.25,6.8,596.27,22.58,67.86,sandy,long_rains,highland,0,sweetpotato
160.07,48.32,80.45,5.9,2074.27,14.96,81.77,loamy,long_rains,highland,0,tea
95.0,16.0,46.0,6.75,24.45,27.08,90.14,loamy,dry,sub_humid,1,muskmelon
31.42,60.37,50.35,6.6,589.63,19.21,62.05,loamy,short_rains,sub_humid,0,beans
117.98,71.7,132.04,5.6,679.6,15.13,73.09,loamy,long_rains,highland,0,potato
104.24,60.66,110.99,6.4,525.33,21.11,57.87,loamy,dry,highland,1,onion
76.1,42.64,61.09,6.7,772.61,29.68,52.8,sandy,dry,semi_arid,0,mango
116.39,55.39,74.7,6.0,683.48,29.06,50.62,loamy,long_rains,sub_humid,0,cotton
30.44,67.01,70.98,6.8,718.54,28.09,51.2,sandy,long_rains,sub_humid,0,groundnut
64.84,36.04,37.2,6.9,346.01,31.44,39.05,sandy,dry,semi_arid,0,millet
123.54,57.5,101.01,5.8,1526.23,20.26,76.52,silty,long_rains,highland,0,coffee
32.91,60.96,59.64,6.1,568.13,23.19,64.47,loamy,long_rains,sub_humid,0,beans
36.0,80.0,21.0,7.07,100.47,33.65,48.41,sandy,long_rains,semi_arid,0,pigeon_peas
86.0,36.0,24.0,5.79,73.34,26.55,72.89,silty,long_rains,sub_humid,0,maize
127.06,47.42,45.28,5.9,1602.61,26.75,83.64,silty,long_rains,sub_humid,1,rice
32.02,61.43,63.56,6.8,689.55,29.88,57.03,sandy,long_rains,coastal,1,groundnut
71.23,51.5,74.51,6.5,496.53,26.49,52.74,sandy,dry,sub_humid,0,sunflower
119.59,76.16,126.2,5.0,741.06,15.97,73.32,loamy,long_rains,highland,0,potato
111.0,32.0,34.0,6.39,171.38,25.47,69.35,loamy,long_rains,highland,0,coffee
124.92,80.84,124.18,6.4,752.75,16.74,76.27,silty,long_rains,highland,1,potato
2.0,24.0,38.0,5.92,111.97,24.56,91.64,loamy,transitional,arid,1,pomegranate
71.7,52.49,106.21,6.7,612.11,25.73,64.08,loamy,long_rains,highland,0,sweetpotato
55.91,47.48,80.16,5.7,884.26,25.29,70.91,sandy,long_rains,coastal,0,cassava
48.2,40.66,33.97,5.5,325.7,32.5,35.36,sandy,dry,semi_arid,0,millet
28.32,52.69,50.59,7.0,520.32,18.06,49.62,sandy,transitional,semi_arid,1,chickpea
97.33,46.39,47.5,5.9,676.93,22.18,67.36,silty,short_rains,sub_humid,0,maize
63.0,50.0,52.0,6.75,115.82,28.65,93.23,loamy,long_rains,sub_humid,0,papaya
19.0,122.0,202.0,5.81,112.9,23.34,90.38,loamy,transitional,highland,0,apple
22.98,57.83,47.89,6.3,524.73,20.86,44.48,sandy,dry,semi_arid,0,chickpea
127.08,47.93,44.08,6.5,1838.6,27.98,77.47,silty,long_rains,sub_humid,0,rice
87.0,23.0,28.0,6.98,193.75,26.22,62.27,silty,long_rains,highland,0,coffee
52.0,70.0,16.0,7.53,67.33,33.67,66.6,clay,short_rains,sub_humid,0,blackgram
22.0,144.0,196.0,6.5,117.08,21.91,91.69,silty,transitional,highland,0,apple
74.79,56.46,69.69,6.3,615.02,28.28,46.38,loamy,short_rains,semi_arid,0,sunflower
75.44,43.36,36.79,6.9,449.7,30.76,47.85,loamy,short_rains,semi_arid,1,sorghum
88.11,60.07,106.19,6.4,461.86,20.55,55.58,sandy,dry,highland,1,onion
100.71,63.2,102.73,6.5,392.07,22.74,51.04,sandy,dry,highland,1,onion
62.09,45.56,79.37,6.9,959.0,26.46,73.43,loamy,long_rains,coastal,0,cassava
3.0,78.0,18.0,6.89,50.9,20.21,68.65,clay,dry,highland,0,lentils
118.0,18.0,52.0,6.56,20.76,28.05,90.83,sandy,transitional,sub_humid,1,muskmelon
101.0,11.0,51.0,6.79,44.21,25.51,84.24,loamy,short_rains,sub_humid,0,watermelon
98.25,54.37,52.06,6.2,735.7,24.01,66.47,loamy,long_rains,sub_humid,0,maize
10.0,5.0,5.0,7.82,112.98,21.21,91.35,sandy,long_rains,sub_humid,1,orange
53.27,43.85,33.53,6.4,330.09,31.03,44.48,sandy,short_rains,semi_arid,0,millet
22.0,60.0,24.0,5.63,104.26,18.78,20.25,loamy,short_rains,highland,0,kidney_beans
14.0,74.0,15.0,6.49,49.94,28.0,65.58,loamy,transitional,highland,1,lentils
123.29,55.07,105.11,6.4,1649.69,19.65,72.21,silty,long_rains,highland,0,coffee
31.65,64.72,55.79,6.2,600.93,20.31,61.84,loamy,short_rains,highland,0,beans
0.0,17.0,30.0,6.28,97.79,35.47,47.97,loamy,transitional,semi_arid,1,mango
70.07,44.98,40.43,6.1,441.84,29.61,43.21,loamy,short_rains,arid,0,sorghum
57.6,42.08,37.58,6.6,323.36,31.7,40.52,sandy,short_rains,arid,0,millet
66.66,43.09,68.17,6.2,934.88,27.17,76.23,sandy,long_rains,coastal,0,cassava
13.0,73.0,20.0,5.39,162.59,30.5,35.49,sandy,long_rains,sub_humid,0,pigeon_peas
140.0,40.0,17.0,6.01,77.55,22.73,77.08,loamy,long_rains,coastal,0,cotton
33.0,37.0,19.0,7.18,43.48,27.93,86.55,sandy,transitional,sub_humid,1,mung_bean
171.87,60.3,193.22,6.9,1505.54,26.2,82.66,loamy,long_rains,sub_humid,0,banana
107.0,36.0,21.0,6.21,62.64,25.29,75.67,clay,long_rains,coastal,1,cotton
60.93,36.02,33.83,6.3,355.82,31.11,36.15,sandy,dry,arid,0,millet
33.03,54.75,68.3,5.5,698.07,29.94,58.33,sandy,long_rains,sub_humid,0,groundnut
34.03,64.52,64.63,6.9,696.55,28.16,54.78,loamy,long_rains,coastal,0,groundnut
65.66,52.56,71.73,6.1,597.85,27.34,43.36,loamy,short_rains,sub_humid,0,sunflower
2.0,30.0,30.0,6.33,209.54,26.0,94.8,loamy,long_rains,coastal,0,coconut
70.84,53.22,70.22,7.3,545.51,27.55,50.01,loamy,dry,sub_humid,0,sunflower
114.3,55.52,71.77,5.9,687.59,29.81,56.09,loamy,long_rains,sub_humid,1,cotton
203.04,65.69,123.74,7.4,1596.85,24.9,66.98,clay,long_rains,coastal,0,sugarcane
101.44,59.3,48.32,7.0,628.82,22.55,62.94,silty,long_rains,sub_humid,0,maize
99.03,54.78,50.78,6.4,723.96,22.94,64.65,silty,short_rains,sub_humid,0,maize
24.0,61.0,17.0,6.23,38.3,22.64,65.45,loamy,dry,highland,0,lentils
21.0,38.0,20.0,5.79,62.2,27.11,63.57,sandy,dry,semi_arid,0,moth_beans
64.97,44.8,82.49,6.8,897.13,26.01,74.87,sandy,long_rains,sub_humid,0,cassava
71.9,48.53,39.66,7.1,601.06,15.53,51.97,loamy,dry,highland,1,wheat
98.66,50.96,48.9,5.9,691.16,22.42,69.03,loamy,short_rains,sub_humid,1,maize
72.19,37.79,40.5,5.8,492.66,30.92,46.79,sandy,dry,semi_arid,0,sorghum
65.16,50.8,98.79,5.7,629.95,25.01,65.38,sandy,long_rains,sub_humid,0,sweetpotato
58.22,37.5,37.23,6.7,339.42,31.19,44.31,sandy,short_rains,arid,0,millet
75.23,39.88,42.03,6.4,429.06,27.76,42.8,loamy,dry,arid,1,sorghum
60.53,41.04,37.0,6.0,322.57,31.94,40.5,sandy,dry,semi_arid,1,millet
83.0,95.0,50.0,5.51,108.85,26.52,77.8,clay,long_rains,coastal,0,banana
131.0,60.0,17.0,7.43,83.47,25.32,81.79,clay,long_rains,coastal,0,cotton
118.23,73.27,113.17,6.4,546.56,15.05,63.1,clay,long_rains,highland,1,cabbage
32.29,63.29,68.21,6.3,719.43,29.13,56.86,loamy,long_rains,sub_humid,0,groundnut
49.0,55.0,78.0,7.86,81.71,18.66,16.18,loamy,dry,semi_arid,0,chickpea
12.0,34.0,28.0,6.14,98.82,33.36,45.02,sandy,dry,semi_arid,0,mango
131.31,66.32,110.73,7.2,611.02,17.75,71.3,clay,long_rains,highland,1,cabbage
77.41,47.55,67.32,6.6,884.0,30.48,56.25,loamy,transitional,coastal,0,mango
79.64,41.78,76.54,5.8,800.73,30.51,50.94,loamy,dry,semi_arid,1,mango
120.08,58.16,45.1,6.9,1780.96,25.57,81.53,silty,long_rains,sub_humid,1,rice
25.76,59.55,40.15,6.6,359.94,19.98,45.73,clay,dry,semi_arid,0,lentils
128.65,52.93,93.12,5.5,1768.84,19.64,75.7,silty,long_rains,highland,0,coffee
34.43,64.43,67.57,6.2,769.63,28.14,59.17,sandy,long_rains,coastal,0,groundnut
97.36,60.71,73.15,6.9,794.2,25.49,51.26,loamy,long_rains,coastal,1,cotton
35.02,64.87,67.46,6.5,714.36,28.42,59.05,loamy,long_rains,sub_humid,0,groundnut
180.29,50.88,185.63,5.7,1443.93,28.65,78.55,loamy,long_rains,coastal,0,banana
67.64,62.64,98.28,6.7,657.52,24.62,70.48,sandy,long_rains,highland,1,sweetpotato
124.19,56.12,42.47,6.4,1868.36,27.29,87.53,silty,long_rains,coastal,1,rice
75.54,46.13,41.46,5.7,438.27,29.5,40.94,sandy,dry,semi_arid,0,sorghum
29.8,67.99,47.71,8.0,377.24,21.78,48.07,loamy,transitional,highland,0,lentils
58.61,44.14,81.99,6.5,958.99,27.01,70.49,sandy,long_rains,sub_humid,0,cassava
38.0,24.0,33.0,5.97,142.94,28.29,97.0,sandy,long_rains,coastal,0,coconut
18.0,36.0,23.0,7.21,35.03,24.02,53.77,sandy,dry,arid,1,moth_beans
100.83,54.79,50.03,6.9,668.37,22.76,69.59,loamy,short_rains,highland,1,maize
84.18,51.26,43.3,6.5,545.66,17.22,47.44,clay,dry,highland,0,wheat
22.0,55.0,24.0,8.66,64.53,28.57,57.31,sandy,short_rains,arid,0,moth_beans
26.35,65.34,44.73,7.5,459.66,20.65,47.6,loamy,transitional,highland,1,lentils
57.0,68.0,81.0,8.08,72.79,17.17,17.3,loamy,dry,highland,0,chickpea
24.89,69.18,66.04,6.9,788.99,28.77,53.62,loamy,long_rains,sub_humid,0,groundnut
38.27,63.52,65.43,5.6,740.57,27.22,56.07,sandy,long_rains,sub_humid,0,groundnut
30.0,75.0,25.0,6.45,149.3,30.33,42.35,loamy,long_rains,sub_humid,0,pigeon_peas
110.0,22.0,47.0,6.24,24.94,29.03,91.82,loamy,dry,sub_humid,1,muskmelon
51.0,72.0,75.0,7.1,80.11,18.89,14.99,sandy,dry,semi_arid,1,chickpea
150.61,50.45,75.48,5.6,2014.31,16.53,77.79,silty,long_rains,highland,1,tea
33.95,67.27,50.04,7.4,525.92,21.0,59.21,silty,long_rains,highland,1,beans
34.0,11.0,10.0,7.36,115.2,31.75,94.6,loamy,transitional,highland,1,orange
47.0,46.0,52.0,6.5,206.4,23.19,91.4,loamy,transitional,sub_humid,0,papaya
104.66,81.83,123.85,6.9,541.24,24.3,64.94,silty,transitional,sub_humid,1,tomato
32.38,66.93,50.15,6.1,542.43,19.87,63.68,silty,short_rains,sub_humid,0,beans
8.0,72.0,17.0,5.71,87.88,20.57,19.75,silty,long_rains,sub_humid,0,kidney_beans
26.9,63.62,45.67,7.6,309.54,20.57,46.27,loamy,transitional,semi_arid,0,lentils
37.0,6.0,13.0,7.51,101.28,26.03,91.51,sandy,transitional,sub_humid,1,orange
64.65,45.03,79.81,6.3,902.02,26.8,72.52,sandy,long_rains,coastal,0,cassava
93.82,67.87,106.1,6.8,470.13,20.37,49.12,sandy,dry,semi_arid,1,onion
94.97,56.96,63.44,6.7,748.73,28.36,53.55,clay,long_rains,sub_humid,0,cotton
97.5,53.83,68.29,6.1,871.57,29.35,50.67,loamy,long_rains,coastal,1,cotton
34.0,140.0,198.0,5.75,115.18,21.7,93.44,silty,transitional,highland,0,apple
92.67,64.69,107.21,7.3,418.46,21.78,50.85,loamy,dry,semi_arid,1,onion
107.05,54.18,66.68,6.3,847.72,28.58,56.09,loamy,long_rains,coastal,0,cotton
121.6,61.88,44.51,6.1,1933.11,27.73,77.22,clay,long_rains,coastal,0,rice
63.0,58.0,50.0,6.72,41.59,43.04,94.64,sandy,long_rains,coastal,0,papaya
114.42,72.65,135.17,5.9,692.36,15.4,70.94,loamy,long_rains,highland,0,potato
105.37,68.0,137.91,7.0,553.61,21.48,58.63,loamy,transitional,sub_humid,1,tomato
53.43,48.11,85.18,6.8,889.93,26.09,72.76,sandy,long_rains,coastal,0,cassava
175.77,64.24,200.5,6.3,1303.08,27.98,79.58,clay,long_rains,sub_humid,1,banana
103.41,53.27,49.27,7.0,702.21,22.98,68.11,loamy,long_rains,sub_humid,1,maize
37.0,74.0,15.0,5.58,62.71,24.92,18.23,silty,short_rains,highland,1,kidney_beans
117.08,56.71,44.85,6.3,1891.23,26.33,86.12,silty,long_rains,coastal,1,rice
103.23,54.4,78.43,6.1,799.8,29.6,49.81,loamy,long_rains,coastal,0,cotton
185.55,57.9,134.27,6.0,1383.2,30.17,73.32,clay,long_rains,sub_humid,1,sugarcane
69.94,46.32,41.29,6.9,462.11,29.98,44.63,sandy,dry,semi_arid,0,sorghum
178.01,62.48,181.48,6.3,1471.24,26.16,79.97,loamy,long_rains,coastal,1,banana
34.71,60.36,51.75,6.6,559.88,21.33,66.93,silty,long_rains,sub_humid,0,beans
87.99,39.03,38.11,6.5,629.16,18.83,48.57,loamy,dry,highland,0,wheat
34.6,66.73,43.93,7.4,488.82,21.62,63.58,loamy,short_rains,sub_humid,1,beans
108.58,56.47,43.95,6.6,1762.34,27.23,85.86,clay,long_rains,coastal,0,rice
156.16,46.83,81.61,4.8,1977.46,16.59,76.18,silty,long_rains,highland,0,tea
38.32,66.72,62.73,6.1,680.4,29.05,56.44,loamy,long_rains,coastal,0,groundnut
29.0,36.0,25.0,7.13,48.57,28.29,88.44,loamy,short_rains,semi_arid,0,mung_bean
63.46,52.2,76.59,7.0,563.4,24.9,43.5,sandy,dry,semi_arid,0,sunflower
23.13,64.49,47.13,7.4,341.72,18.68,47.03,loamy,dry,highland,1,lentils
34.49,67.3,61.12,5.8,732.22,30.46,61.55,loamy,long_rains,coastal,0,groundnut
96.59,56.73,50.69,6.2,716.86,21.65,62.26,loamy,long_rains,sub_humid,0,maize
58.47,34.73,35.52,5.7,331.89,31.2,44.8,sandy,short_rains,semi_arid,0,millet
55.98,41.75,83.2,6.0,961.68,27.73,74.26,sandy,long_rains,sub_humid,0,cassava
34.56,65.22,48.72,6.0,536.65,19.31,52.66,sandy,dry,highland,0,chickpea
176.78,64.75,194.87,6.8,1380.43,26.84,80.65,loamy,long_rains,coastal,0,banana
92.64,44.17,50.84,6.0,704.06,22.75,67.91,silty,long_rains,highland,0,maize
58.87,42.73,34.16,6.6,323.87,30.63,46.35,sandy,short_rains,arid,0,millet
172.13,53.56,147.81,6.3,1574.25,29.93,73.78,clay,long_rains,coastal,0,sugarcane
109.51,76.05,129.99,6.1,586.3,20.94,60.37,silty,dry,highland,1,tomato
89.0,25.0,50.0,6.38,25.08,27.05,91.35,loamy,transitional,semi_arid,1,muskmelon
176.59,50.89,131.42,6.8,1572.97,30.84,72.58,clay,long_rains,sub_humid,1,sugarcane
56.79,44.73,72.57,5.8,915.02,27.43,71.95,sandy,long_rains,coastal,0,cassava
32.0,139.0,198.0,6.36,66.54,35.89,82.67,sandy,dry,highland,1,grapes
112.25,54.14,61.26,6.6,761.61,28.22,51.24,loamy,long_rains,coastal,1,cotton
35.32,59.69,64.71,6.9,604.38,28.1,62.3,loamy,long_rains,coastal,1,groundnut
123.17,70.44,122.39,7.4,580.41,16.7,67.8,clay,short_rains,highland,0,cabbage
129.27,63.19,93.37,5.8,1487.53,18.08,76.75,loamy,long_rains,highland,1,coffee
57.98,36.74,35.08,6.9,347.27,31.52,46.12,sandy,short_rains,arid,1,millet
32.95,67.03,58.66,6.4,660.26,27.5,59.93,loamy,long_rains,sub_humid,1,groundnut
120.5,50.76,39.95,6.3,2060.47,26.46,87.27,clay,long_rains,coastal,1,rice
65.32,55.08,73.93,6.5,559.84,25.8,42.03,sandy,short_rains,sub_humid,0,sunflower
135.36,69.03,100.05,6.1,1522.47,20.24,74.78,loamy,long_rains,highland,0,coffee
44.0,60.0,55.0,6.83,98.54,34.28,90.56,loamy,transitional,sub_humid,1,papaya
25.74,56.28,44.08,5.9,550.74,17.8,50.12,loamy,transitional,semi_arid,0,chickpea
102.96,74.74,127.05,6.2,529.26,23.29,57.78,loamy,dry,sub_humid,1,tomato
115.62,72.13,103.44,7.2,562.33,17.24,68.59,loamy,short_rains,highland,1,cabbage
32.04,65.61,47.97,6.2,552.48,21.22,62.53,loamy,short_rains,sub_humid,0,beans
119.21,56.16,46.85,6.4,1931.1,26.58,82.63,silty,long_rains,sub_humid,0,rice
28.92,63.24,69.35,6.8,639.47,28.17,54.73,loamy,long_rains,sub_humid,0,groundnut
31.76,67.78,69.91,6.5,692.97,28.36,56.83,sandy,long_rains,coastal,0,groundnut
30.0,64.0,20.0,6.57,68.02,33.86,61.57,loamy,transitional,coastal,0,blackgram
127.65,56.39,44.26,6.3,1974.01,25.89,81.54,clay,long_rains,coastal,1,rice
122.86,61.65,103.63,6.4,1616.99,19.34,74.74,loamy,long_rains,highland,0,coffee
70.31,58.29,102.38,5.8,593.0,26.72,70.56,sandy,short_rains,highland,0,sweetpotato
79.0,42.0,37.0,6.59,295.61,24.87,82.84,clay,long_rains,sub_humid,1,rice
67.65,54.98,98.25,5.9,557.09,25.14,70.09,loamy,short_rains,highland,0,sweetpotato
76.59,43.4,43.86,6.1,611.97,18.39,49.96,loamy,dry,highland,0,wheat
7.0,31.0,27.0,6.52,94.67,31.33,47.59,loamy,dry,semi_arid,0,mango
77.38,45.12,41.29,6.2,542.54,18.0,49.46,clay,dry,highland,1,wheat
12.0,37.0,30.0,4.55,90.29,31.1,47.41,loamy,dry,coastal,0,mango
36.0,128.0,204.0,5.7,67.04,25.24,80.69,loamy,dry,highland,1,grapes
102.54,88.47,127.04,6.7,577.42,22.65,60.24,loamy,dry,sub_humid,1,tomato
99.49,81.61,123.3,6.5,527.08,22.55,65.25,silty,dry,highland,1,tomato
23.92,66.11,45.32,7.2,402.31,19.72,41.77,clay,transitional,highland,0,lentils
150.57,45.17,75.15,4.9,1916.4,14.62,73.63,silty,long_rains,highland,0,tea
29.0,132.0,204.0,6.1,108.22,23.09,90.23,loamy,dry,highland,0,apple
96.16,73.36,132.01,6.3,533.01,21.22,59.49,silty,transitional,highland,1,tomato
82.9,48.04,73.12,7.5,700.23,29.79,50.37,sandy,transitional,semi_arid,0,mango
33.71,51.41,48.68,6.9,519.84,21.87,54.86,loamy,dry,semi_arid,0,chickpea
107.0,5.0,52.0,6.88,57.41,26.66,89.98,loamy,short_rains,semi_arid,1,watermelon
118.86,59.68,44.8,6.2,2022.18,25.21,86.12,silty,long_rains,sub_humid,1,rice
6.0,66.0,15.0,6.35,159.26,34.93,30.4,loamy,long_rains,sub_humid,0,pigeon_peas
2.0,40.0,27.0,5.95,90.1,29.74,47.55,loamy,dry,coastal,0,mango
98.92,62.49,99.97,6.1,484.04,19.7,54.55,loamy,dry,semi_arid,1,onion
26.92,63.74,50.0,6.9,519.2,21.3,57.92,loamy,short_rains,sub_humid,0,beans
1.0,48.0,24.0,6.23,59.04,29.35,85.6,loamy,transitional,semi_arid,0,mung_bean
31.0,130.0,198.0,5.55,120.06,21.8,92.73,loamy,dry,highland,1,apple
122.68,69.8,103.83,6.6,616.09,15.7,67.1,clay,long_rains,highland,0,cabbage
129.2,69.77,102.01,6.9,605.42,17.67,64.62,loamy,long_rains,highland,0,cabbage
35.57,60.95,55.12,6.8,517.16,19.92,60.89,silty,long_rains,sub_humid,0,beans
82.34,46.1,40.59,7.2,585.82,16.42,55.1,clay,dry,highland,1,wheat
26.23,54.0,46.46,7.0,523.45,20.9,50.94,loamy,transitional,highland,0,chickpea
35.0,41.0,18.0,6.71,59.87,28.71,81.59,sandy,short_rains,semi_arid,0,mung_bean
39.0,138.0,203.0,6.4,74.63,21.19,82.33,sandy,dry,highland,0,grapes
99.06,57.49,97.64,7.2,541.21,20.46,51.59,loamy,dry,highland,1,onion
5.0,68.0,20.0,6.12,155.37,19.04,33.11,sandy,short_rains,sub_humid,0,pigeon_peas
28.0,130.0,196.0,6.06,112.92,22.13,94.68,loamy,transitional,highland,1,apple
73.98,53.4,101.5,6.1,639.87,24.76,66.92,loamy,short_rains,sub_humid,0,sweetpotato
93.0,20.0,50.0,6.45,24.35,29.93,93.23,sandy,transitional,semi_arid,1,muskmelon
121.76,54.16,47.32,6.0,1642.03,28.96,86.54,silty,long_rains,sub_humid,1,rice
80.57,41.73,65.38,7.2,906.74,30.64,57.44,sandy,dry,semi_arid,0,mango
115.97,57.05,106.45,5.7,1410.42,20.19,72.71,loamy,long_rains,highland,0,coffee
148.85,44.62,77.01,5.8,1803.44,16.68,78.81,loamy,long_rains,highland,0,tea
124.19,67.87,108.49,6.8,607.46,15.71,67.97,clay,long_rains,highland,1,cabbage
58.43,46.65,83.44,5.9,849.68,26.34,77.49,sandy,long_rains,sub_humid,0,cassava
105.25,63.55,105.89,6.8,473.36,19.76,50.11,loamy,dry,semi_arid,1,onion
98.0,79.0,50.0,6.44,91.06,25.34,84.47,clay,long_rains,coastal,0,banana
116.97,59.82,44.86,6.7,1911.46,27.87,85.03,silty,long_rains,sub_humid,1,rice
31.0,25.0,12.0,7.02,111.78,18.05,90.04,sandy,long_rains,sub_humid,0,orange
120.22,77.29,109.92,6.1,598.2,18.52,70.9,loamy,short_rains,highland,1,cabbage
71.92,43.85,39.33,7.4,507.73,29.12,45.29,sandy,short_rains,arid,0,sorghum
31.9,67.59,52.17,6.9,567.54,22.68,63.46,silty,short_rains,highland,0,beans
173.65,61.96,185.28,6.6,1316.8,26.95,75.73,clay,long_rains,sub_humid,0,banana
104.81,57.01,48.47,6.6,709.68,23.79,68.6,silty,short_rains,sub_humid,0,maize
32.33,68.31,54.65,7.1,525.83,22.82,62.68,loamy,long_rains,highland,0,beans
129.89,51.92,106.74,6.2,1449.81,18.87,76.91,silty,long_rains,highland,1,coffee
146.9,42.91,77.09,4.6,2044.94,17.16,74.6,loamy,long_rains,highland,0,tea
125.23,58.94,49.21,6.4,1735.37,28.16,80.03,clay,long_rains,sub_humid,1,rice
113.0,6.0,52.0,6.74,25.22,27.76,90.36,sandy,transitional,semi_arid,0,muskmelon
39.0,7.0,29.0,6.36,150.2,27.54,94.59,loamy,long_rains,coastal,0,coconut
56.0,59.0,55.0,6.55,188.52,37.04,91.79,sandy,long_rains,coastal,0,papaya
81.92,41.01,69.71,6.9,831.83,29.74,50.07,loamy,transitional,coastal,0,mango
107.0,22.0,54.0,6.63,21.62,28.0,90.85,loamy,transitional,semi_arid,1,muskmelon
95.0,55.0,42.0,5.95,193.35,26.8,82.15,silty,long_rains,coastal,1,rice
16.0,73.0,19.0,4.68,163.27,18.42,34.81,sandy,short_rains,sub_humid,0,pigeon_peas
135.58,68.06,112.05,7.3,594.3,16.79,69.61,clay,long_rains,highland,0,cabbage
33.35,59.49,52.05,6.6,517.3,20.61,65.67,loamy,long_rains,sub_humid,0,beans
82.88,58.31,77.06,7.1,565.65,28.22,41.93,sandy,short_rains,sub_humid,1,sunflower
6.0,139.0,199.0,6.29,74.11,25.67,81.62,loamy,dry,semi_arid,1,grapes
26.21,50.9,53.42,7.0,551.89,19.37,51.13,loamy,transitional,highland,0,chickpea
73.84,45.89,38.46,6.5,441.11,28.27,44.76,loamy,dry,semi_arid,0,sorghum
109.6,80.64,130.69,6.7,541.15,22.34,62.14,silty,dry,highland,1,tomato
64.88,33.14,36.12,6.1,297.34,30.95,38.99,sandy,dry,semi_arid,0,millet
57.39,47.93,82.14,6.4,839.5,25.06,76.97,sandy,long_rains,sub_humid,0,cassava
69.77,36.73,38.99,7.3,456.5,29.87,49.0,sandy,dry,arid,0,sorghum
67.46,55.86,70.35,6.5,518.34,24.58,52.42,sandy,short_rains,semi_arid,0,sunflower
19.0,7.0,9.0,6.97,101.14,27.26,91.71,loamy,transitional,highland,1,orange
110.5,89.94,125.85,6.3,557.7,24.14,60.22,silty,dry,highland,1,tomato
12.0,8.0,10.0,8.0,107.43,16.15,91.44,sandy,transitional,highland,1,orange
60.22,32.87,39.93,6.1,345.23,28.33,35.43,sandy,short_rains,arid,0,millet
107.89,55.56,45.16,6.2,650.76,22.78,64.74,silty,long_rains,highland,1,maize
98.93,62.78,110.72,7.0,410.6,19.5,50.28,loamy,dry,highland,1,onion
11.0,61.0,21.0,5.53,135.34,18.62,23.02,silty,long_rains,highland,0,kidney_beans
78.05,38.14,43.14,5.6,478.26,28.09,46.58,loamy,short_rains,semi_arid,0,sorghum
104.99,80.61,133.43,6.3,515.31,22.39,62.78,silty,dry,sub_humid,1,tomato
99.0,56.0,17.0,6.23,71.08,24.11,73.13,loamy,short_rains,sub_humid,0,maize
82.26,45.29,71.63,5.6,662.76,30.39,55.02,sandy,dry,semi_arid,1,mango
34.17,70.46,44.97,7.2,610.8,20.68,60.65,silty,short_rains,sub_humid,0,beans
57.74,45.86,81.18,6.5,870.12,27.98,71.9,loamy,long_rains,coastal,0,cassava
51.0,56.0,18.0,6.71,70.86,28.13,64.21,clay,short_rains,coastal,0,blackgram
33.44,60.46,64.38,6.6,747.87,28.12,57.03,loamy,long_rains,sub_humid,0,groundnut
82.16,46.83,66.37,6.6,924.27,31.79,55.24,sandy,transitional,semi_arid,0,mango
102.01,82.42,136.12,6.9,578.76,23.23,67.65,loamy,dry,sub_humid,1,tomato
185.74,72.2,118.98,7.2,1709.44,28.32,72.1,clay,long_rains,coastal,1,sugarcane
40.0,70.0,20.0,5.62,147.04,31.8,45.03,sandy,short_rains,sub_humid,0,pigeon_peas
89.0,45.0,36.0,6.44,185.5,21.33,80.47,clay,long_rains,sub_humid,1,rice
80.0,77.0,49.0,5.52,113.23,26.05,79.4,clay,long_rains,sub_humid,0,banana
187.07,60.88,140.3,7.1,1707.61,32.03,73.65,loamy,long_rains,coastal,1,sugarcane
105.84,72.92,117.92,6.7,588.0,22.18,62.97,silty,transitional,highland,1,tomato
24.38,59.45,47.11,6.6,425.53,17.89,48.65,clay,transitional,semi_arid,0,lentils
30.59,60.87,42.58,7.4,576.46,21.51,63.24,loamy,long_rains,highland,0,beans
83.0,60.0,36.0,6.9,200.83,25.6,80.15,clay,long_rains,sub_humid,1,rice
62.95,37.02,33.86,6.5,341.86,33.27,46.5,sandy,short_rains,arid,0,millet
58.31,39.6,38.29,6.5,305.9,33.07,42.66,sandy,short_rains,arid,0,millet
175.02,63.49,138.52,6.8,1734.5,26.94,74.84,clay,long_rains,coastal,0,sugarcane
36.07,62.02,62.61,5.7,768.67,28.45,57.94,sandy,long_rains,coastal,1,groundnut
28.99,54.05,40.9,6.2,379.34,19.72,43.32,clay,transitional,highland,0,lentils
90.0,46.0,42.0,7.5,250.08,23.98,81.45,silty,long_rains,sub_humid,1,rice
106.85,75.42,126.48,6.8,554.82,21.63,61.57,loamy,transitional,sub_humid,0,tomato
40.0,16.0,35.0,6.48,89.59,31.89,49.02,loamy,dry,coastal,0,mango
108.0,38.0,24.0,7.44,78.82,23.41,76.44,clay,long_rains,coastal,0,cotton
35.48,70.26,70.19,5.8,708.24,27.35,58.03,sandy,long_rains,sub_humid,0,groundnut
95.52,55.47,72.69,7.2,718.19,28.4,46.19,loamy,long_rains,coastal,0,cotton
153.35,45.48,83.63,5.7,2067.46,15.13,82.25,loamy,long_rains,highland,0,tea
112.0,73.0,48.0,5.71,90.67,29.24,77.32,loamy,long_rains,sub_humid,0,banana
117.82,70.03,102.86,6.8,568.36,16.86,65.01,clay,short_rains,highland,1,cabbage
75.09,40.33,71.76,7.1,900.03,29.0,51.07,sandy,transitional,coastal,0,mango
23.0,30.0,44.0,6.12,103.03,20.94,85.43,loamy,dry,arid,0,pomegranate
100.58,70.8,90.81,7.0,448.96,21.31,48.89,loamy,dry,highland,1,onion
58.48,43.35,74.09,6.3,925.98,25.71,69.71,sandy,long_rains,sub_humid,1,cassava
72.74,37.96,39.44,5.9,489.61,27.9,44.0,sandy,dry,arid,0,sorghum
34.51,60.44,51.62,6.9,593.47,22.02,61.12,loamy,short_rains,highland,0,beans
25.0,76.0,17.0,7.24,62.31,31.74,68.64,loamy,short_rains,sub_humid,0,blackgram
64.05,43.5,72.71,5.9,919.88,26.32,73.04,sandy,long_rains,coastal,0,cassava
82.0,13.0,52.0,6.44,26.52,27.12,94.87,loamy,transitional,sub_humid,0,muskmelon
53.47,34.81,30.53,6.1,382.02,31.25,37.49,sandy,dry,arid,0,millet
102.62,67.19,107.46,6.9,419.13,21.71,56.47,sandy,dry,highland,1,onion
18.0,27.0,41.0,7.18,104.82,22.37,92.31,loamy,dry,semi_arid,0,pomegranate
81.28,46.71,37.32,6.1,463.36,27.98,44.64,loamy,dry,arid,0,sorghum
83.09,51.35,43.87,6.4,606.36,18.57,54.17,clay,dry,highland,0,wheat
162.91,60.61,181.76,6.4,1568.1,27.0,77.42,clay,long_rains,sub_humid,1,banana
77.64,42.59,70.82,5.5,886.9,28.79,52.57,loamy,dry,semi_arid,0,mango
62.12,43.04,78.03,6.0,887.25,28.57,71.78,sandy,long_rains,coastal,0,cassava
33.0,14.0,8.0,7.68,110.68,21.03,92.96,sandy,transitional,highland,1,orange
112.84,58.87,43.46,6.0,1676.33,28.17,87.97,silty,long_rains,sub_humid,0,rice
13.0,61.0,24.0,7.63,49.39,18.3,69.69,clay,dry,highland,0,lentils
91.0,12.0,46.0,6.34,48.31,24.64,85.5,sandy,short_rains,semi_arid,0,watermelon
119.71,55.08,46.52,5.9,2001.7,27.19,81.39,silty,long_rains,sub_humid,1,rice
65.71,62.05,72.94,6.8,527.18,25.38,53.24,loamy,dry,sub_humid,0,sunflower
13.0,74.0,25.0,6.46,44.24,24.12,61.1,clay,transitional,highland,0,lentils
91.0,94.0,46.0,6.15,92.83,29.37,76.25,loamy,long_rains,coastal,1,banana
128.63,53.06,46.14,6.0,1717.54,27.65,80.5,clay,long_rains,sub_humid,1,rice
131.66,79.74,131.63,6.0,660.68,15.91,72.48,loamy,long_rains,highland,0,potato
6.0,8.0,11.0,6.6,119.69,24.36,92.4,sandy,long_rains,sub_humid,1,orange
36.0,29.0,13.0,7.83,109.75,20.68,90.92,sandy,long_rains,sub_humid,0,orange
150.55,44.42,81.47,4.9,1971.47,17.64,77.77,loamy,long_rains,highland,0,tea
104.75,67.81,99.04,7.4,435.51,21.15,53.63,sandy,dry,highland,1,onion
69.36,41.5,36.55,5.7,426.88,28.31,45.95,loamy,dry,arid,0,sorghum
84.0,7.0,51.0,6.4,55.74,26.82,87.66,sandy,dry,semi_arid,1,watermelon
106.26,65.5,99.06,6.5,449.37,20.95,54.99,loamy,dry,semi_arid,1,onion
100.27,72.24,108.76,7.4,434.48,21.67,57.62,loamy,dry,highland,1,onion
103.28,70.36,112.14,6.4,388.48,20.96,54.44,sandy,dry,semi_arid,0,onion
175.54,59.13,134.6,6.9,1587.41,30.72,77.1,clay,long_rains,coastal,1,sugarcane
123.91,76.39,103.43,6.1,597.67,19.54,65.53,clay,long_rains,highland,0,cabbage
118.35,55.2,46.78,5.7,1842.38,27.65,86.0,clay,long_rains,coastal,1,rice
34.05,56.58,71.93,5.9,761.33,28.21,54.51,loamy,long_rains,sub_humid,0,groundnut
42.0,73.0,25.0,6.5,73.24,34.04,67.21,loamy,transitional,coastal,0,blackgram
170.88,60.56,178.21,5.6,1472.32,29.06,80.6,clay,long_rains,sub_humid,0,banana
157.27,51.91,177.05,5.7,1499.76,26.1,78.94,loamy,long_rains,coastal,0,banana
57.57,46.59,74.78,6.6,927.31,27.21,77.59,sandy,long_rains,coastal,0,cassava
30.0,60.21,63.88,6.1,705.81,32.4,59.07,loamy,long_rains,coastal,0,groundnut
116.0,5.0,54.0,6.65,57.23,25.38,80.99,loamy,dry,semi_arid,1,watermelon
28.84,53.92,49.73,6.3,524.63,21.47,53.39,loamy,dry,highland,0,chickpea
135.95,54.93,115.02,6.5,1661.44,19.23,75.75,loamy,long_rains,highland,1,coffee
114.42,48.68,45.38,6.5,1953.4,27.65,84.95,silty,long_rains,sub_humid,1,rice
39.22,64.62,62.54,5.7,702.84,29.58,60.82,loamy,long_rains,coastal,0,groundnut
20.0,7.0,45.0,6.08,112.48,18.91,89.24,loamy,dry,semi_arid,0,pomegranate
132.32,55.52,101.53,6.1,1553.85,17.48,75.92,silty,long_rains,highland,0,coffee
118.11,58.46,43.94,6.6,1982.71,27.01,85.19,silty,long_rains,sub_humid,1,rice
80.68,34.35,57.19,6.0,813.75,28.4,55.69,loamy,dry,coastal,0,mango
196.97,56.51,142.09,6.6,1741.46,29.91,70.71,clay,long_rains,coastal,0,sugarcane
124.41,56.85,97.59,5.7,1664.96,16.69,77.64,loamy,long_rains,highland,0,coffee
143.75,42.9,78.94,4.8,2061.61,18.97,79.29,silty,long_rains,highland,0,tea
124.36,60.1,110.42,6.2,1611.24,19.36,73.38,silty,long_rains,highland,0,coffee
108.29,85.73,131.67,6.3,538.75,22.31,61.31,silty,dry,sub_humid,0,tomato
31.0,20.0,30.0,6.21,91.89,32.18,54.01,loamy,dry,semi_arid,0,mango
168.9,63.82,164.42,5.7,1481.22,27.96,79.02,loamy,long_rains,coastal,0,banana
33.0,121.0,203.0,5.61,114.84,22.46,94.76,silty,dry,highland,0,apple
96.28,60.39,101.99,6.8,422.37,21.33,52.99,loamy,dry,semi_arid,1,onion
39.0,64.0,53.0,6.6,208.34,23.01,91.07,sandy,transitional,coastal,0,papaya
86.0,95.0,49.0,6.46,108.4,28.05,78.05,loamy,long_rains,coastal,0,banana
78.0,48.0,22.0,5.59,70.43,23.09,63.1,loamy,short_rains,highland,1,maize
115.0,11.0,46.0,6.62,40.32,24.42,89.4,sandy,dry,semi_arid,1,watermelon
146.17,39.92,79.17,5.0,2068.69,18.36,78.12,loamy,long_rains,highland,0,tea
103.8,66.63,106.72,6.4,460.91,20.36,50.92,loamy,dry,semi_arid,0,onion
0.0,67.0,22.0,6.59,51.56,29.82,69.41,clay,transitional,semi_arid,0,lentils
80.05,48.12,76.93,6.7,820.15,29.06,53.87,sandy,transitional,coastal,0,mango
101.97,65.58,106.9,6.2,448.25,21.7,57.61,loamy,dry,semi_arid,1,onion
187.81,58.08,144.46,6.3,1421.14,29.46,69.38,loamy,long_rains,coastal,0,sugarcane
190.44,64.56,147.31,7.2,1467.93,27.03,66.73,loamy,long_rains,sub_humid,1,sugarcane
55.8,53.19,83.04,6.4,918.52,27.02,71.16,loamy,long_rains,coastal,0,cassava
56.38,40.77,37.2,6.3,377.69,27.81,41.58,sandy,dry,semi_arid,0,millet
6.0,123.0,203.0,6.13,66.78,12.76,81.62,loamy,dry,semi_arid,0,grapes
128.72,56.04,40.03,6.7,1788.92,26.23,81.95,clay,long_rains,coastal,1,rice
88.88,36.86,66.15,6.8,964.33,29.26,50.74,loamy,dry,semi_arid,0,mango
109.35,55.03,71.41,6.9,732.91,30.97,53.34,clay,long_rains,coastal,1,cotton
110.68,57.55,46.73,6.5,1811.42,26.06,83.11,clay,long_rains,sub_humid,0,rice
20.0,122.0,204.0,6.49,65.07,11.8,80.86,sandy,dry,semi_arid,1,grapes
118.51,58.15,112.44,6.2,1526.67,19.3,75.8,loamy,long_rains,highland,0,coffee
108.05,56.5,76.11,6.5,741.54,29.32,49.85,loamy,long_rains,sub_humid,0,cotton
27.0,79.0,82.0,6.31,70.87,17.07,17.54,sandy,dry,highland,0,chickpea
124.49,47.68,48.3,5.5,2000.59,28.54,85.67,clay,long_rains,coastal,1,rice
116.0,71.0,47.0,6.44,91.34,27.57,82.06,loamy,long_rains,coastal,0,banana
23.0,142.0,197.0,6.0,69.31,39.07,82.04,sandy,dry,highland,1,grapes
108.0,88.0,55.0,5.89,113.87,26.29,83.39,clay,long_rains,sub_humid,1,banana
119.52,54.12,113.33,5.7,1526.99,18.69,78.82,silty,long_rains,highland,0,coffee
111.31,50.01,78.56,6.3,780.12,27.65,58.49,loamy,long_rains,coastal,1,cotton
72.11,60.01,73.61,7.1,592.79,28.6,49.38,loamy,short_rains,sub_humid,0,sunflower
86.0,79.0,45.0,5.81,99.21,27.81,82.69,clay,long_rains,sub_humid,0,banana
109.22,58.33,62.22,6.9,756.88,27.33,47.56,loamy,long_rains,coastal,0,cotton
47.0,79.0,78.0,6.61,65.11,17.48,14.76,loamy,transitional,semi_arid,0,chickpea
100.0,80.0,52.0,6.05,110.33,27.54,77.26,clay,long_rains,sub_humid,0,banana
102.0,14.0,52.0,6.51,57.74,26.79,89.65,loamy,dry,semi_arid,1,watermelon
14.0,25.0,40.0,6.41,103.71,20.07,90.98,loamy,dry,semi_arid,1,pomegranate
35.9,67.18,52.3,6.0,587.17,22.67,63.48,loamy,long_rains,sub_humid,0,beans
117.69,54.99,78.92,5.8,737.66,29.3,48.76,clay,long_rains,coastal,0,cotton
122.0,48.0,16.0,6.31,61.83,24.65,75.64,loamy,long_rains,coastal,0,cotton
104.59,57.58,47.69,6.5,699.36,23.83,72.52,silty,short_rains,sub_humid,0,maize
16.0,145.0,199.0,5.95,69.31,26.92,80.77,loamy,dry,semi_arid,0,grapes
24.0,53.0,17.0,6.42,57.66,28.95,89.08,loamy,transitional,sub_humid,0,mung_bean
120.42,61.38,109.17,5.7,1515.3,18.63,71.65,silty,long_rains,highland,0,coffee
70.0,68.0,55.0,6.69,78.81,42.85,94.64,loamy,long_rains,sub_humid,0,papaya
89.0,25.0,54.0,6.35,48.99,24.69,85.57,sandy,short_rains,sub_humid,1,watermelon
60.69,45.05,79.54,6.5,916.64,28.41,72.73,loamy,long_rains,coastal,0,cassava
18.0,125.0,203.0,6.16,102.56,22.44,91.59,loamy,transitional,highland,0,apple
4.0,6.0,7.0,6.71,112.67,23.01,91.12,loamy,transitional,sub_humid,0,orange
67.44,45.87,41.14,6.6,439.91,26.98,40.68,sandy,dry,arid,0,sorghum
32.78,63.59,51.58,7.2,493.67,21.59,61.76,loamy,long_rains,sub_humid,0,beans
70.83,51.68,111.9,5.6,706.19,23.99,62.08,loamy,long_rains,highland,0,sweetpotato
38.82,62.36,60.59,7.0,648.72,29.26,56.3,sandy,long_rains,coastal,0,groundnut
120.76,57.7,46.76,6.1,1863.72,27.13,88.39,clay,long_rains,sub_humid,1,rice
27.36,61.2,45.13,6.6,398.73,17.07,44.99,clay,dry,semi_arid,0,lentils
85.0,22.0,53.0,6.85,59.46,25.97,89.77,loamy,dry,semi_arid,0,watermelon
27.0,59.0,20.0,4.4,36.01,28.01,52.61,sandy,short_rains,semi_arid,0,moth_beans
142.3,43.97,78.93,4.8,2148.78,18.35,86.84,silty,long_rains,highland,0,tea
33.0,120.0,205.0,5.55,69.72,35.12,82.27,loamy,dry,semi_arid,1,grapes
136.73,60.14,107.27,6.1,1445.55,18.47,73.33,loamy,long_rains,highland,0,coffee
26.57,59.27,46.18,7.0,417.31,19.21,47.34,clay,transitional,highland,0,lentils
101.0,37.0,18.0,7.64,92.92,22.92,82.69,clay,long_rains,sub_humid,1,cotton
74.63,57.84,108.79,6.4,638.79,25.2,67.82,loamy,short_rains,highland,0,sweetpotato
34.0,76.0,80.0,7.99,65.24,20.66,15.85,sandy,transitional,semi_arid,0,chickpea
23.0,59.0,25.0,6.32,56.69,27.83,88.73,sandy,short_rains,semi_arid,0,mung_bean
75.44,50.03,71.12,7.3,1002.22,31.61,61.36,sandy,dry,semi_arid,1,mango
102.48,83.0,132.48,6.3,576.48,20.42,61.19,loamy,transitional,sub_humid,1,tomato
28.74,57.96,46.75,6.7,339.56,16.87,49.33,loamy,dry,highland,0,lentils
114.89,82.8,125.05,6.2,557.27,22.83,63.24,silty,dry,sub_humid,1,tomato
62.16,40.0,31.44,6.4,377.6,31.67,39.11,sandy,short_rains,arid,0,millet
113.6,54.82,73.41,6.6,797.74,29.34,53.91,loamy,long_rains,sub_humid,1,cotton
99.41,65.31,94.47,7.2,464.51,20.11,50.76,sandy,dry,highland,1,onion
98.0,29.0,30.0,6.22,199.47,25.64,61.03,loamy,long_rains,highland,0,coffee
106.54,53.48,48.91,6.6,669.5,23.16,66.79,loamy,long_rains,sub_humid,1,maize
37.3,65.51,67.49,6.5,736.76,27.93,59.79,sandy,long_rains,coastal,0,groundnut
118.8,77.26,98.46,6.9,574.86,16.45,67.07,loamy,short_rains,highland,1,cabbage
97.0,50.0,41.0,7.07,260.26,24.53,80.54,silty,long_rains,coastal,0,rice
117.0,34.0,25.0,7.21,124.41,24.84,56.77,loamy,long_rains,highland,0,coffee
143.04,46.11,72.09,4.7,2038.67,15.29,79.7,silty,long_rains,highland,0,tea
31.2,62.62,44.03,7.4,344.97,18.05,50.95,loamy,dry,highland,0,lentils
77.06,61.29,103.43,6.2,658.6,23.84,69.57,sandy,long_rains,highland,0,sweetpotato
31.51,60.23,52.47,6.6,588.7,21.33,58.31,silty,short_rains,sub_humid,0,beans
87.0,54.0,20.0,6.58,108.83,25.62,63.47,silty,long_rains,sub_humid,0,maize
200.12,58.5,144.87,5.8,1673.17,30.09,75.52,clay,long_rains,coastal,1,sugarcane
30.11,61.12,44.61,6.6,321.57,18.41,50.31,clay,transitional,highland,1,lentils
69.31,59.75,105.0,6.7,586.02,25.11,67.15,sandy,long_rains,sub_humid,1,sweetpotato
93.0,56.0,36.0,6.98,185.28,24.01,82.06,clay,long_rains,sub_humid,1,rice
123.29,60.78,48.0,6.3,1751.53,28.97,84.58,clay,long_rains,coastal,0,rice
39.47,62.38,64.98,5.5,748.42,26.37,60.49,loamy,long_rains,sub_humid,0,groundnut
32.0,141.0,203.0,5.82,109.07,21.26,92.84,silty,dry,highland,0,apple
74.64,41.67,40.47,6.7,450.78,29.52,46.33,loamy,short_rains,arid,1,sorghum
122.63,78.99,135.06,5.4,683.71,14.26,73.16,silty,long_rains,highland,1,potato
130.62,59.53,104.98,6.1,1517.12,18.62,73.08,silty,long_rains,highland,0,coffee
179.19,59.98,143.3,6.6,1505.96,25.29,70.33,clay,long_rains,coastal,0,sugarcane
77.83,46.54,72.74,6.4,812.35,30.48,59.63,loamy,transitional,coastal,0,mango
12.0,61.0,19.0,5.66,68.51,19.33,24.14,loamy,long_rains,highland,0,kidney_beans
26.8,58.79,48.38,6.3,542.26,19.3,51.0,loamy,dry,highland,0,chickpea
102.82,75.17,133.1,6.5,537.15,24.46,60.11,loamy,transitional,highland,0,tomato
19.0,17.0,39.0,6.73,111.28,24.72,85.56,sandy,dry,arid,1,pomegranate
104.04,64.56,100.9,6.3,452.65,21.17,54.87,loamy,dry,highland,1,onion
28.01,56.95,47.65,5.9,553.36,19.85,48.27,loamy,transitional,semi_arid,0,chickpea
77.19,43.03,40.54,6.8,471.94,28.86,43.12,sandy,short_rains,semi_arid,0,sorghum
181.46,57.81,176.92,5.8,1314.21,26.94,75.44,loamy,long_rains,sub_humid,0,banana
56.22,34.05,31.85,6.3,350.96,31.57,37.81,sandy,short_rains,semi_arid,0,millet
125.16,70.11,100.51,6.9,579.79,19.45,69.16,clay,short_rains,highland,0,cabbage
100.91,52.53,53.38,6.8,629.42,23.49,69.89,loamy,long_rains,highland,1,maize
97.37,64.89,115.33,6.7,474.07,20.33,52.66,loamy,dry,highland,1,onion
36.0,43.0,24.0,3.51,41.54,27.09,43.65,sandy,short_rains,arid,0,moth_beans
28.5,67.24,64.35,6.4,666.72,28.53,54.52,sandy,long_rains,sub_humid,0,groundnut
80.32,41.48,42.89,6.6,597.02,16.41,49.4,loamy,dry,highland,0,wheat
32.0,121.0,199.0,6.13,74.08,39.37,81.25,loamy,dry,semi_arid,0,grapes
109.8,53.89,44.65,6.2,1875.78,26.21,86.31,silty,long_rains,sub_humid,1,rice
119.0,30.0,49.0,6.9,47.72,25.36,80.46,sandy,short_rains,sub_humid,0,watermelon
99.21,54.13,52.82,6.0,750.33,22.38,65.68,silty,long_rains,sub_humid,0,maize
181.2,59.12,172.06,5.8,1404.05,28.78,80.02,loamy,long_rains,sub_humid,0,banana
111.39,53.43,44.62,6.6,1519.27,26.23,81.63,silty,long_rains,sub_humid,1,rice
35.0,67.0,49.0,6.62,239.74,41.31,91.15,loamy,transitional,sub_humid,0,papaya
115.57,53.93,43.49,6.4,2005.15,25.33,83.08,clay,long_rains,sub_humid,1,rice
120.0,23.0,55.0,6.73,26.48,27.84,91.61,loamy,dry,semi_arid,0,muskmelon
100.5,63.48,104.26,6.5,454.52,21.19,52.81,sandy,dry,highland,0,onion
198.9,58.98,142.48,5.5,1642.89,27.32,75.37,clay,long_rains,coastal,1,sugarcane
79.34,40.97,41.45,6.4,618.01,16.86,53.46,clay,dry,highland,1,wheat
35.0,135.0,199.0,6.4,69.4,21.77,80.55,sandy,dry,highland,1,grapes
104.78,54.77,49.83,5.8,770.95,23.37,61.79,loamy,short_rains,highland,0,maize
44.0,64.0,54.0,6.74,232.7,29.81,91.38,sandy,transitional,coastal,0,papaya
27.0,24.0,41.0,6.61,110.46,24.33,90.88,sandy,dry,semi_arid,1,pomegranate
98.22,53.28,49.49,6.1,709.64,21.31,68.68,loamy,long_rains,highland,1,maize
137.68,46.85,89.36,5.2,2022.33,18.22,77.55,loamy,long_rains,highland,0,tea
65.52,49.14,59.51,7.3,564.36,26.95,47.7,sandy,short_rains,semi_arid,0,sunflower
152.46,38.37,80.58,5.6,2112.79,17.86,78.42,loamy,long_rains,highland,0,tea
27.0,57.0,24.0,6.09,142.33,27.34,43.36,sandy,short_rains,semi_arid,0,pigeon_peas
117.0,26.0,30.0,7.08,115.23,27.92,67.97,silty,long_rains,highland,0,coffee
57.28,38.19,34.61,6.9,325.58,31.93,38.24,sandy,dry,semi_arid,0,millet
105.0,56.0,15.0,7.27,74.14,25.97,81.98,loamy,long_rains,sub_humid,0,cotton
66.0,44.0,20.0,6.74,80.73,19.08,69.02,silty,short_rains,highland,0,maize
184.87,55.99,136.5,6.8,1595.24,29.08,71.22,clay,long_rains,coastal,1,sugarcane
8.0,26.0,36.0,6.8,102.52,18.78,87.4,sandy,dry,arid,0,pomegranate
35.0,69.0,23.0,5.58,75.45,16.79,24.97,loamy,long_rains,sub_humid,0,kidney_beans
99.57,56.92,69.21,5.8,761.61,29.0,48.51,loamy,long_rains,sub_humid,1,cotton
130.67,63.83,105.17,6.4,613.65,14.82,66.78,loamy,short_rains,highland,0,cabbage
22.0,55.0,20.0,7.42,61.16,33.95,69.96,loamy,transitional,coastal,0,blackgram
32.7,65.8,64.97,6.1,739.66,27.95,56.98,sandy,long_rains,sub_humid,0,groundnut
177.14,66.46,195.0,6.8,1503.15,26.12,83.56,loamy,long_rains,coastal,0,banana
32.55,64.73,44.95,7.6,363.62,18.44,44.11,loamy,dry,highland,0,lentils
25.0,57.0,19.0,5.57,88.0,17.15,19.87,loamy,short_rains,sub_humid,1,kidney_beans
67.07,54.7,98.29,6.3,601.0,22.92,66.03,sandy,short_rains,sub_humid,0,sweetpotato
30.0,44.0,16.0,6.44,50.92,29.73,82.89,loamy,transitional,semi_arid,1,mung_bean
120.0,48.0,16.0,7.46,71.85,22.46,75.41,clay,long_rains,coastal,0,cotton
30.52,71.7,53.9,6.2,588.47,20.87,67.15,loamy,short_rains,highland,0,beans
17.0,57.0,21.0,5.79,60.92,19.88,20.32,loamy,long_rains,sub_humid,0,kidney_beans
29.77,65.37,58.05,6.1,508.28,22.77,61.85,silty,short_rains,highland,0,beans
126.46,71.66,131.93,5.1,675.44,15.01,71.67,loamy,long_rains,highland,1,potato
100.88,56.12,52.79,6.0,725.84,24.39,75.97,loamy,long_rains,highland,0,maize
112.18,71.94,89.62,6.0,595.5,17.16,68.15,loamy,long_rains,highland,1,cabbage
53.23,42.24,35.16,6.5,280.39,30.08,44.42,sandy,short_rains,semi_arid,0,millet
131.0,49.0,22.0,7.31,67.06,25.5,79.98,loamy,long_rains,coastal,1,cotton
176.4,49.12,188.88,6.3,1569.54,25.96,80.98,clay,long_rains,coastal,0,banana
78.47,37.92,39.5,6.7,428.75,29.75,48.2,loamy,short_rains,semi_arid,0,sorghum
53.0,74.0,15.0,7.52,72.18,29.43,64.94,loamy,short_rains,coastal,0,blackgram
52.75,38.95,34.63,5.6,364.2,31.27,39.27,sandy,dry,arid,0,millet
81.89,40.46,63.03,6.5,944.91,30.27,51.57,loamy,transitional,semi_arid,0,mango
40.0,121.0,199.0,6.32,66.06,26.18,81.04,loamy,dry,highland,0,grapes
70.84,51.07,94.45,6.8,646.29,26.19,72.55,loamy,short_rains,highland,0,sweetpotato
34.55,65.69,54.8,6.3,566.03,20.0,59.67,silty,short_rains,highland,0,beans
125.23,61.99,96.65,5.5,1685.58,18.58,74.85,silty,long_rains,highland,0,coffee
120.27,86.27,129.69,6.0,618.05,15.18,70.39,silty,long_rains,highland,1,potato
105.56,66.96,99.45,6.9,493.04,19.36,51.62,sandy,dry,highland,1,onion
71.2,41.76,36.85,7.2,458.16,29.69,48.9,sandy,dry,arid,0,sorghum
25.93,62.04,48.21,6.7,342.0,18.01,43.6,clay,dry,semi_arid,0,lentils
23.0,45.0,21.0,8.99,74.44,31.47,51.8,sandy,short_rains,semi_arid,0,moth_beans
38.1,66.29,47.23,6.3,554.09,21.37,60.94,loamy,short_rains,sub_humid,0,beans
38.0,61.0,21.0,4.7,127.78,30.27,67.39,sandy,long_rains,semi_arid,1,pigeon_peas
149.6,44.87,85.06,5.9,2280.44,15.02,78.67,silty,long_rains,highland,0,tea
103.71,82.65,119.42,6.4,574.48,23.78,63.9,loamy,transitional,highland,0,tomato
123.59,64.81,95.01,6.3,1781.17,20.84,73.48,silty,long_rains,highland,0,coffee
27.71,60.93,41.42,7.9,363.49,21.21,48.7,loamy,dry,semi_arid,1,lentils
59.0,70.0,84.0,7.55,82.62,17.33,18.75,loamy,transitional,highland,0,chickpea
16.0,77.0,22.0,6.57,100.55,31.48,35.64,sandy,long_rains,semi_arid,1,pigeon_peas
114.0,27.0,28.0,7.16,192.87,24.99,57.93,loamy,long_rains,highland,0,coffee
182.97,57.87,147.4,5.9,1602.83,26.51,75.08,loamy,long_rains,coastal,0,sugarcane
43.0,79.0,79.0,7.81,80.25,19.41,18.98,loamy,dry,semi_arid,0,chickpea
67.98,37.77,40.69,6.1,429.22,28.87,46.97,sandy,short_rains,semi_arid,0,sorghum
18.0,17.0,31.0,5.67,93.75,31.75,45.16,sandy,dry,semi_arid,0,mango
125.78,82.05,125.75,5.8,756.35,15.34,72.96,loamy,transitional,highland,0,potato
56.0,57.0,48.0,6.51,63.62,31.56,93.05,loamy,transitional,coastal,1,papaya
74.66,39.57,74.54,6.2,729.52,28.08,59.46,sandy,transitional,coastal,0,mango
36.0,66.0,15.0,6.67,67.14,30.09,69.35,loamy,transitional,coastal,0,blackgram
12.0,39.0,21.0,8.18,70.47,28.99,62.86,sandy,dry,arid,0,moth_beans
108.0,22.0,47.0,6.16,25.13,28.54,91.73,loamy,dry,semi_arid,0,muskmelon
123.25,78.96,126.27,5.2,630.67,17.23,70.54,loamy,long_rains,highland,1,potato
131.14,65.7,106.97,6.3,1538.19,20.82,73.84,silty,long_rains,highland,0,coffee
79.89,43.58,37.87,5.7,485.13,30.31,42.94,sandy,short_rains,arid,1,sorghum
105.0,60.0,23.0,6.21,87.54,23.53,77.22,clay,long_rains,coastal,0,cotton
10.0,59.0,22.0,7.16,36.95,28.61,86.99,sandy,transitional,sub_humid,0,mung_bean
22.0,79.0,17.0,5.91,116.52,21.42,20.4,loamy,long_rains,sub_humid,0,kidney_beans
78.69,45.67,38.85,7.5,583.07,17.35,49.14,loamy,dry,highland,1,wheat
9.0,66.0,21.0,5.72,157.09,30.12,34.13,sandy,short_rains,sub_humid,1,pigeon_peas
28.35,66.29,48.91,6.1,624.17,20.92,63.6,silty,long_rains,sub_humid,0,beans
68.0,41.0,16.0,6.16,102.09,21.78,57.81,loamy,long_rains,sub_humid,0,maize
29.96,70.44,54.84,7.3,540.49,22.16,62.28,silty,long_rains,highland,0,beans
144.4,45.75,87.55,5.6,2178.68,16.76,79.11,silty,long_rains,highland,0,tea
135.53,45.55,79.64,4.6,2268.65,17.09,80.52,silty,long_rains,highland,0,tea
69.0,64.0,47.0,6.99,186.68,40.21,94.51,loamy,long_rains,sub_humid,0,papaya
91.0,50.0,40.0,6.46,230.22,20.82,84.13,silty,long_rains,sub_humid,1,rice
199.78,60.48,144.95,7.4,1586.36,33.74,68.73,loamy,long_rains,sub_humid,1,sugarcane
69.68,43.38,40.65,6.4,364.01,31.53,34.22,loamy,dry,arid,0,sorghum
66.7,39.08,35.23,6.9,335.56,33.19,39.54,sandy,short_rains,semi_arid,0,millet
111.0,50.0,15.0,7.88,84.62,25.17,80.3,loamy,long_rains,coastal,0,cotton
74.1,44.06,42.61,6.5,492.16,29.11,44.06,loamy,short_rains,semi_arid,0,sorghum
65.12,42.18,34.96,5.8,398.25,30.83,45.31,sandy,short_rains,semi_arid,0,millet
85.0,58.0,41.0,7.04,226.66,21.77,80.32,clay,long_rains,sub_humid,1,rice
100.47,59.58,50.71,6.1,623.23,22.33,63.06,loamy,long_rains,sub_humid,1,maize
26.0,18.0,42.0,6.91,108.23,19.73,89.65,sandy,dry,arid,1,pomegranate
112.18,53.0,65.67,6.9,780.02,27.47,49.88,clay,long_rains,coastal,0,cotton
135.87,37.47,82.36,5.0,2203.27,19.14,79.7,silty,long_rains,highland,0,tea
14.0,58.0,17.0,4.61,33.49,30.54,59.97,sandy,short_rains,arid,0,moth_beans
184.29,57.24,170.1,5.7,1598.87,26.22,79.81,loamy,long_rains,coastal,0,banana
114.72,58.64,37.27,6.6,2005.11,26.22,86.05,silty,long_rains,sub_humid,1,rice
100.9,58.85,70.05,6.8,731.07,29.31,51.06,loamy,long_rains,sub_humid,0,cotton
30.0,137.0,200.0,5.6,118.6,22.91,90.7,silty,transitional,highland,0,apple
99.45,63.92,110.36,6.0,406.4,20.26,57.42,sandy,dry,highland,0,onion
23.0,62.0,85.0,8.49,80.71,18.97,19.52,loamy,dry,semi_arid,0,chickpea
29.0,67.0,21.0,6.62,63.02,29.79,63.39,clay,transitional,sub_humid,0,blackgram
129.41,58.95,105.57,5.7,1503.62,19.42,72.73,silty,long_rains,highland,0,coffee
63.6,40.81,38.62,5.9,414.26,29.67,44.38,loamy,dry,arid,0,sorghum
113.0,33.0,34.0,6.56,153.48,26.0,62.14,loamy,long_rains,highland,0,coffee
31.07,67.5,68.71,6.3,710.92,29.67,57.63,sandy,long_rains,coastal,0,groundnut
27.0,120.0,200.0,6.11,116.7,21.45,90.75,loamy,dry,highland,0,apple
75.0,53.0,18.0,6.86,103.65,20.69,59.44,loamy,long_rains,highland,0,maize
148.19,46.02,84.01,5.7,1864.54,18.13,77.22,loamy,long_rains,highland,0,tea
73.25,53.42,63.22,7.4,610.77,27.52,43.39,sandy,dry,semi_arid,0,sunflower
70.48,37.35,39.17,5.6,424.31,27.8,38.24,sandy,dry,arid,0,sorghum
70.81,54.78,105.7,6.5,571.51,26.71,68.83,sandy,long_rains,highland,1,sweetpotato
81.0,30.0,31.0,7.03,135.14,24.65,51.94,loamy,long_rains,highland,0,coffee
30.0,70.0,79.0,7.31,69.64,20.27,19.97,loamy,dry,semi_arid,1,chickpea
81.0,44.01,39.19,6.5,578.23,18.23,49.23,loamy,dry,highland,0,wheat
75.53,42.13,41.04,6.9,500.22,29.84,45.82,sandy,dry,arid,0,sorghum
34.08,55.63,54.24,6.1,532.06,21.62,50.26,sandy,transitional,semi_arid,0,chickpea
99.91,53.77,62.62,7.0,729.71,25.87,49.98,loamy,long_rains,coastal,0,cotton
7.0,56.0,18.0,5.7,76.14,18.31,24.33,loamy,long_rains,highland,0,kidney_beans
29.0,41.0,21.0,8.87,64.57,31.49,62.85,sandy,dry,arid,0,moth_beans
35.86,65.78,70.44,6.0,649.55,27.85,54.63,sandy,long_rains,coastal,0,groundnut
35.19,65.45,52.55,7.3,505.31,18.6,61.37,loamy,long_rains,sub_humid,0,beans
109.87,76.27,127.59,6.3,478.32,24.32,59.3,silty,transitional,highland,0,tomato
11.0,44.0,17.0,8.02,35.11,26.34,55.59,sandy,short_rains,semi_arid,0,moth_beans
70.0,65.0,52.0,6.58,75.95,30.42,93.13,loamy,long_rains,sub_humid,0,papaya
38.0,6.0,25.0,6.16,191.3,25.55,96.93,sandy,long_rains,coastal,0,coconut
128.62,67.7,45.95,6.8,1889.74,26.61,85.4,clay,long_rains,sub_humid,0,rice
61.67,38.79,34.45,6.9,318.84,31.39,43.17,sandy,short_rains,arid,0,millet
63.75,49.05,74.42,6.3,846.38,28.21,72.75,loamy,long_rains,sub_humid,0,cassava
117.6,59.86,44.97,6.7,1816.44,26.79,85.0,silty,long_rains,coastal,1,rice
8.0,60.0,18.0,3.81,53.12,31.22,46.02,sandy,dry,semi_arid,1,moth_beans
66.51,54.67,97.39,5.5,624.33,24.14,69.22,loamy,long_rains,highland,1,sweetpotato
123.33,70.63,100.83,6.4,1594.01,17.56,75.5,silty,long_rains,highland,0,coffee
171.25,61.27,178.32,5.7,1468.25,27.08,77.14,clay,long_rains,coastal,0,banana
22.0,54.0,20.0,6.69,41.01,28.56,83.64,sandy,transitional,sub_humid,0,mung_bean
107.09,75.54,125.22,6.7,526.34,23.0,65.08,loamy,transitional,sub_humid,1,tomato
58.72,48.57,82.53,7.0,868.38,26.81,70.06,sandy,long_rains,sub_humid,1,cassava
106.6,63.62,108.43,5.6,1540.2,20.41,76.2,loamy,long_rains,highland,0,coffee
107.0,72.0,45.0,5.79,91.41,28.15,81.54,loamy,long_rains,coastal,0,banana
35.0,38.0,19.0,9.11,32.71,25.33,63.18,sandy,dry,semi_arid,0,moth_beans
17.0,58.0,25.0,6.46,32.77,31.13,43.59,sandy,dry,arid,0,moth_beans
63.22,34.51,34.8,6.6,349.63,33.06,38.7,sandy,dry,arid,0,millet
150.09,51.53,79.27,4.6,2057.3,18.2,79.68,loamy,long_rains,highland,0,tea
159.16,44.85,72.95,5.5,1836.68,17.23,81.57,silty,long_rains,highland,0,tea
0.0,18.0,14.0,7.21,114.42,29.77,92.01,loamy,transitional,sub_humid,1,orange
29.17,53.8,51.18,6.7,551.12,17.51,56.15,sandy,transitional,highland,0,chickpea
82.11,38.83,75.45,7.1,888.65,30.6,50.27,loamy,transitional,coastal,0,mango
25.0,7.0,35.0,5.56,189.67,28.39,99.19,sandy,long_rains,coastal,0,coconut
59.0,58.0,17.0,7.37,62.83,28.55,66.31,loamy,short_rains,coastal,0,blackgram
29.0,63.0,17.0,7.26,66.47,30.03,67.89,loamy,transitional,sub_humid,0,blackgram
58.94,61.91,68.46,6.9,608.1,27.38,49.8,loamy,short_rains,sub_humid,0,sunflower
29.0,8.0,28.0,6.1,214.41,26.87,91.73,loamy,long_rains,coastal,0,coconut
106.0,49.0,24.0,6.98,90.65,23.04,76.47,clay,long_rains,sub_humid,1,cotton
66.3,51.18,75.24,6.0,828.06,28.11,65.92,loamy,long_rains,sub_humid,0,cassava
101.47,69.56,103.82,6.4,439.06,22.04,52.04,loamy,dry,semi_arid,1,onion
25.0,17.0,40.0,6.61,111.28,18.91,87.75,loamy,transitional,arid,0,pomegranate
150.32,47.63,72.85,5.1,2051.45,15.58,71.72,silty,long_rains,highland,0,tea
99.06,53.77,47.13,6.2,713.88,20.39,73.2,silty,long_rains,highland,0,maize
81.08,51.0,39.84,6.9,588.25,15.35,51.8,loamy,dry,highland,0,wheat
58.02,47.69,82.91,6.1,1053.14,27.8,70.96,sandy,long_rains,sub_humid,0,cassava
72.11,55.13,99.69,6.5,683.96,23.36,68.06,sandy,short_rains,highland,0,sweetpotato
131.33,46.77,73.83,4.6,2120.31,18.55,82.07,loamy,long_rains,highland,0,tea
53.25,40.1,84.19,6.0,876.21,26.13,72.47,loamy,long_rains,coastal,0,cassava
40.0,18.0,43.0,5.77,109.91,19.39,86.79,sandy,transitional,arid,1,pomegranate
29.3,60.55,61.84,5.7,753.67,30.04,54.22,loamy,long_rains,sub_humid,0,groundnut
54.48,38.24,33.42,5.9,350.64,32.64,36.95,sandy,dry,arid,0,millet
106.97,66.12,110.57,7.1,458.81,18.75,54.82,loamy,dry,highland,1,onion
121.28,77.25,132.12,5.3,691.19,17.05,67.89,loamy,long_rains,highland,0,potato
133.32,75.75,102.03,6.1,1684.8,18.09,74.48,loamy,long_rains,highland,0,coffee
76.47,43.89,39.77,6.9,603.61,17.12,47.34,clay,dry,highland,0,wheat
180.29,67.85,193.89,6.1,1658.56,27.2,87.53,loamy,long_rains,sub_humid,0,banana
31.66,63.18,67.87,5.9,656.53,27.03,61.39,loamy,long_rains,coastal,0,groundnut
104.72,53.23,78.38,5.8,836.57,28.33,51.27,loamy,long_rains,coastal,0,cotton
193.44,62.78,129.7,6.0,1595.72,27.18,73.34,loamy,long_rains,sub_humid,1,sugarcane
82.0,75.0,55.0,6.28,92.16,27.35,78.49,clay,long_rains,sub_humid,0,banana
67.69,48.02,73.64,6.2,550.17,22.95,43.64,sandy,dry,sub_humid,1,sunflower
97.48,49.45,50.95,6.9,685.35,22.3,67.42,loamy,short_rains,sub_humid,1,maize
28.0,79.0,16.0,6.05,53.12,24.71,60.27,loamy,dry,semi_arid,0,lentils
108.76,54.98,69.18,6.5,754.66,28.52,54.31,clay,long_rains,sub_humid,0,cotton
129.18,75.51,127.1,5.4,751.37,15.9,71.67,silty,long_rains,highland,0,potato
29.0,57.0,20.0,5.88,53.39,25.61,50.73,sandy,dry,arid,0,moth_beans
29.63,61.47,53.91,7.4,535.0,20.36,64.15,silty,short_rains,sub_humid,1,beans
181.82,63.54,139.72,5.7,1528.37,28.17,74.06,loamy,long_rains,coastal,0,sugarcane
93.0,22.0,48.0,6.78,21.9,29.13,91.52,sandy,dry,sub_humid,0,muskmelon
74.88,59.29,116.34,6.1,671.05,23.44,67.01,sandy,long_rains,sub_humid,1,sweetpotato
75.19,51.29,62.85,6.5,583.29,24.36,42.27,sandy,dry,semi_arid,0,sunflower
108.71,53.98,66.41,7.2,708.37,27.78,50.47,clay,long_rains,coastal,1,cotton
185.01,55.41,185.32,6.0,1488.8,27.52,81.82,loamy,long_rains,coastal,0,banana
98.86,52.2,48.87,6.0,734.76,24.85,64.8,loamy,long_rains,highland,0,maize
127.69,69.76,107.42,6.4,591.53,17.69,63.24,clay,short_rains,highland,1,cabbage
121.07,58.88,104.24,6.4,1502.44,20.87,73.96,loamy,long_rains,highland,1,coffee
21.0,21.0,38.0,6.33,104.9,22.55,89.33,sandy,dry,semi_arid,1,pomegranate
60.0,49.0,44.0,6.24,240.08,20.78,84.5,silty,long_rains,sub_humid,1,rice
180.46,54.03,159.84,6.4,1723.49,26.81,71.41,clay,long_rains,sub_humid,1,sugarcane
34.08,66.95,52.19,7.1,610.66,20.12,63.23,silty,long_rains,sub_humid,0,beans
97.83,56.0,47.7,6.3,643.41,22.16,67.76,silty,long_rains,sub_humid,0,maize
86.79,47.03,43.68,6.6,569.79,18.35,50.58,loamy,dry,highland,0,wheat
28.0,65.0,23.0,7.41,74.24,28.39,61.89,loamy,short_rains,sub_humid,0,blackgram
111.88,68.08,99.62,6.3,608.26,17.37,66.03,loamy,long_rains,highland,0,cabbage
65.75,59.12,101.0,6.4,638.14,26.21,67.15,sandy,long_rains,sub_humid,0,sweetpotato
45.0,61.0,78.0,6.49,81.53,19.49,16.06,sandy,dry,highland,1,chickpea
8.0,45.0,18.0,7.01,43.25,27.93,85.42,sandy,transitional,sub_humid,0,mung_bean
165.05,60.03,189.01,6.6,1447.67,26.52,76.36,loamy,long_rains,coastal,0,banana
193.34,58.15,139.59,7.2,1617.88,29.34,69.66,clay,long_rains,sub_humid,0,sugarcane
72.47,44.17,76.06,6.7,982.07,29.6,54.16,loamy,transitional,semi_arid,0,mango
117.81,64.3,110.33,6.4,1740.16,18.15,71.63,loamy,long_rains,highland,0,coffee
76.0,40.0,43.0,5.07,231.38,25.16,83.12,clay,long_rains,coastal,0,rice
179.03,57.69,145.31,6.4,1634.27,31.07,75.96,clay,long_rains,coastal,0,sugarcane
28.0,67.0,21.0,6.25,46.62,21.8,63.73,clay,dry,semi_arid,0,lentils
11.0,18.0,42.0,5.94,102.86,21.58,94.88,sandy,dry,semi_arid,1,pomegranate
80.0,90.0,47.0,6.21,107.39,26.6,79.36,clay,long_rains,coastal,0,banana
120.96,49.69,43.23,6.7,1750.55,25.94,86.97,clay,long_rains,sub_humid,1,rice
39.0,132.0,196.0,5.78,73.68,35.83,83.33,loamy,dry,highland,1,grapes
79.18,61.28,105.96,5.9,631.02,24.38,70.99,loamy,short_rains,highland,0,sweetpotato
98.71,57.55,77.71,6.1,730.22,26.48,46.88,loamy,long_rains,coastal,0,cotton
31.0,76.0,82.0,7.6,79.21,20.82,17.85,sandy,transitional,semi_arid,1,chickpea
77.22,57.2,65.59,6.2,566.25,29.66,47.93,sandy,dry,semi_arid,0,sunflower
104.0,35.0,28.0,6.98,144.0,27.51,50.67,silty,long_rains,highland,0,coffee
31.0,136.0,197.0,5.65,71.43,31.11,83.34,loamy,dry,highland,1,grapes
124.02,74.37,122.57,5.4,676.91,13.45,67.97,silty,long_rains,highland,0,potato
2.0,56.0,23.0,7.55,36.92,26.65,59.79,sandy,dry,semi_arid,0,moth_beans
88.0,17.0,52.0,6.65,25.38,29.9,90.75,loamy,transitional,sub_humid,0,muskmelon
36.49,67.86,69.93,6.5,716.14,27.21,55.98,loamy,long_rains,sub_humid,1,groundnut
115.58,55.1,74.17,6.2,810.07,28.27,52.17,clay,long_rains,sub_humid,1,cotton
39.0,139.0,201.0,5.54,68.69,41.19,81.02,loamy,dry,highland,1,grapes
69.44,39.4,37.39,7.0,345.21,30.75,35.96,sandy,dry,semi_arid,0,millet
34.16,68.23,63.71,6.3,673.75,27.97,55.33,loamy,long_rains,coastal,0,groundnut
56.19,46.82,81.9,5.6,894.16,26.15,74.27,loamy,long_rains,coastal,0,cassava
108.0,89.0,53.0,5.81,99.34,29.55,78.07,loamy,long_rains,coastal,0,banana
111.75,67.83,104.66,6.5,619.1,17.07,67.08,loamy,short_rains,highland,1,cabbage
60.07,43.83,79.59,5.7,971.93,26.56,74.63,loamy,long_rains,coastal,0,cassava
72.86,50.63,108.92,6.6,678.83,26.76,65.02,loamy,short_rains,highland,0,sweetpotato
101.08,59.72,49.7,6.0,629.34,24.59,65.97,loamy,long_rains,sub_humid,1,maize
92.0,40.0,30.0,6.03,171.7,23.36,55.19,loamy,long_rains,highland,1,coffee
25.81,59.43,50.64,7.0,555.26,21.42,56.47,loamy,short_rains,sub_humid,0,beans
20.0,29.0,10.0,7.37,100.79,29.07,93.27,loamy,transitional,highland,0,orange
31.17,59.99,42.56,7.4,366.29,19.02,47.48,loamy,dry,semi_arid,1,lentils
129.0,43.0,16.0,6.73,78.58,25.55,77.85,clay,long_rains,sub_humid,0,cotton
30.0,65.0,82.0,7.1,76.78,20.71,15.28,loamy,dry,semi_arid,0,chickpea
25.0,143.0,200.0,6.02,100.62,23.8,92.8,loamy,dry,highland,1,apple
99.0,15.0,27.0,6.5,165.69,27.04,57.28,loamy,long_rains,highland,0,coffee
9.0,59.0,25.0,7.7,35.37,30.39,60.16,sandy,short_rains,arid,0,moth_beans
126.55,70.42,110.91,6.7,546.85,15.46,63.93,loamy,long_rains,highland,0,cabbage
179.98,60.65,147.32,6.2,1561.33,28.34,69.68,loamy,long_rains,coastal,1,sugarcane
94.1,52.88,45.32,6.7,703.33,21.98,70.36,loamy,long_rains,sub_humid,1,maize
76.1,58.61,96.25,5.8,637.31,23.95,62.53,sandy,short_rains,sub_humid,1,sweetpotato
131.07,86.65,129.35,6.3,793.64,15.49,71.52,silty,long_rains,highland,1,potato
48.25,50.04,82.09,6.9,923.32,26.11,69.98,loamy,long_rains,sub_humid,0,cassava
121.78,76.38,135.76,6.4,669.61,13.63,71.72,loamy,long_rains,highland,0,potato
80.18,42.6,73.58,5.5,690.66,29.24,54.69,loamy,transitional,coastal,1,mango
62.81,58.37,108.58,5.8,563.56,25.21,63.16,loamy,short_rains,sub_humid,0,sweetpotato
129.05,82.53,140.1,5.7,653.85,12.72,71.84,silty,long_rains,highland,0,potato
175.57,55.76,178.94,5.9,1573.86,28.82,80.32,clay,long_rains,sub_humid,1,banana
145.61,43.56,77.98,4.9,2025.32,16.48,80.07,loamy,long_rains,highland,0,tea
19.0,36.0,22.0,6.16,57.05,25.45,58.55,sandy,dry,arid,0,moth_beans
30.85,68.45,52.24,7.4,567.09,21.3,68.45,silty,long_rains,highland,0,beans
36.26,59.95,62.74,6.0,790.6,28.67,58.11,sandy,long_rains,sub_humid,1,groundnut
28.65,58.15,45.83,6.3,566.95,18.81,55.49,loamy,dry,semi_arid,0,chickpea
27.01,62.53,45.03,6.2,409.5,19.71,43.08,loamy,dry,highland,0,lentils
27.64,67.86,46.83,6.3,602.79,22.8,62.71,loamy,short_rains,highland,0,beans
49.0,55.0,53.0,6.54,77.72,38.44,93.64,loamy,long_rains,coastal,0,papaya
185.44,52.7,142.69,6.5,1469.34,30.61,69.52,clay,long_rains,coastal,1,sugarcane
104.34,60.71,105.28,6.5,479.01,19.39,54.79,sandy,dry,highland,1,onion
31.0,68.0,45.0,6.94,196.24,42.92,90.08,sandy,transitional,coastal,0,papaya
171.9,63.69,189.69,6.8,1431.57,26.44,81.08,clay,long_rains,coastal,0,banana
56.72,40.2,33.26,6.3,304.71,31.39,42.21,sandy,dry,arid,0,millet
67.46,54.82,66.79,7.0,557.6,27.81,47.83,sandy,short_rains,sub_humid,0,sunflower
179.67,60.68,142.41,7.0,1516.1,27.9,71.83,clay,long_rains,sub_humid,1,sugarcane
6.0,128.0,200.0,5.84,70.32,25.96,82.58,sandy,dry,semi_arid,1,grapes
62.57,59.67,72.69,6.5,651.85,27.27,43.6,loamy,dry,semi_arid,0,sunflower
60.19,46.71,69.15,6.2,837.01,28.01,68.34,loamy,long_rains,coastal,0,cassava
72.83,60.45,65.39,7.1,511.6,24.62,48.67,loamy,dry,sub_humid,0,sunflower
28.06,53.57,41.93,6.3,586.1,18.58,53.96,sandy,transitional,highland,0,chickpea
29.0,140.0,195.0,5.56,116.74,23.64,90.95,loamy,dry,highland,0,apple
22.02,63.97,49.46,7.3,392.18,18.34,53.8,loamy,transitional,highland,0,lentils
80.3,44.44,41.48,6.5,599.6,18.63,52.68,loamy,dry,highland,0,wheat
32.12,68.76,52.15,7.0,639.17,22.16,62.45,silty,short_rains,highland,0,beans
27.0,80.0,15.0,5.79,86.22,19.07,21.21,loamy,long_rains,highland,1,kidney_beans
102.69,79.56,136.64,6.9,509.12,23.33,63.2,silty,transitional,highland,1,tomato
68.75,43.15,38.21,5.9,490.85,27.08,46.81,loamy,short_rains,semi_arid,0,sorghum
61.55,34.98,28.23,6.1,322.06,33.1,38.04,sandy,short_rains,semi_arid,0,millet
80.69,46.23,36.52,6.1,591.67,15.71,49.83,loamy,dry,highland,1,wheat
169.71,67.91,183.48,5.9,1363.59,27.28,78.67,clay,long_rains,coastal,0,banana
48.95,48.69,78.89,5.6,857.24,27.56,73.14,loamy,long_rains,sub_humid,0,cassava
58.0,73.0,16.0,6.87,64.9,33.37,65.68,clay,short_rains,sub_humid,0,blackgram
26.82,63.3,57.56,7.5,502.6,21.42,60.92,silty,short_rains,sub_humid,0,beans
59.0,47.0,53.0,6.85,47.27,32.86,91.46,loamy,transitional,coastal,0,papaya
113.66,61.6,42.75,6.3,1530.28,25.87,85.2,silty,long_rains,sub_humid,0,rice
99.0,57.0,35.0,5.96,272.3,26.76,81.18,silty,long_rains,coastal,0,rice
56.61,35.39,75.02,5.8,823.05,26.92,70.46,sandy,long_rains,coastal,1,cassava
4.0,20.0,41.0,6.54,104.54,24.27,93.8,sandy,dry,semi_arid,0,pomegranate
123.06,59.74,113.31,6.0,1473.22,17.7,76.2,silty,long_rains,highland,0,coffee
89.95,84.2,129.58,6.7,543.66,23.35,61.99,loamy,transitional,sub_humid,0,tomato
15.0,6.0,41.0,6.9,108.68,19.01,88.84,loamy,dry,semi_arid,0,pomegranate
18.0,9.0,40.0,5.63,106.16,19.45,89.02,sandy,transitional,arid,1,pomegranate
66.97,64.45,108.22,6.9,631.71,25.94,65.2,loamy,short_rains,highland,0,sweetpotato
82.0,18.0,48.0,6.16,26.71,29.1,94.17,sandy,dry,sub_humid,1,muskmelon
26.0,126.0,195.0,5.88,118.4,21.41,92.99,loamy,transitional,highland,1,apple
24.71,54.56,47.81,6.8,552.46,21.08,55.51,loamy,transitional,highland,0,chickpea
163.93,42.24,75.79,5.1,1968.19,14.99,80.48,silty,long_rains,highland,0,tea
69.95,59.44,78.49,6.5,583.19,27.73,47.49,loamy,short_rains,sub_humid,0,sunflower
110.0,28.0,46.0,6.5,51.26,24.29,88.05,loamy,short_rains,sub_humid,0,watermelon
130.54,55.92,42.72,6.6,1854.65,28.02,86.62,silty,long_rains,sub_humid,0,rice
173.69,66.11,184.23,6.3,1437.84,26.94,84.37,clay,long_rains,sub_humid,1,banana
11.0,10.0,45.0,6.4,109.04,22.63,88.46,sandy,dry,semi_arid,0,pomegranate
30.81,53.88,49.36,5.6,549.87,18.85,51.95,loamy,dry,semi_arid,0,chickpea
182.21,50.81,197.76,6.4,1586.98,26.3,80.82,clay,long_rains,sub_humid,1,banana
1.0,30.0,10.0,7.29,103.58,11.9,91.35,sandy,long_rains,highland,0,orange
38.0,141.0,198.0,5.76,70.76,13.06,80.28,sandy,dry,highland,1,grapes
40.53,62.61,71.02,6.6,748.84,28.84,57.76,loamy,long_rains,coastal,0,groundnut
113.0,30.0,50.0,6.28,43.88,26.04,83.99,loamy,dry,semi_arid,0,watermelon
113.0,37.0,20.0,7.39,97.1,25.03,79.04,clay,long_rains,coastal,1,cotton
125.34,80.35,121.95,5.1,671.48,18.86,71.62,silty,transitional,highland,1,potato
125.76,66.37,111.25,6.4,606.55,15.92,64.79,clay,long_rains,highland,1,cabbage
182.76,54.01,122.8,7.3,1597.91,27.56,66.42,clay,long_rains,sub_humid,0,sugarcane
98.0,27.0,27.0,7.24,197.64,24.71,51.29,loamy,long_rains,highland,1,coffee
7.0,73.0,25.0,7.29,45.21,27.52,63.13,loamy,transitional,highland,0,lentils
77.39,58.53,67.39,6.2,526.78,23.76,47.08,loamy,dry,semi_arid,0,sunflower
128.19,61.08,115.02,6.3,1457.93,21.15,79.74,loamy,long_rains,highland,0,coffee
106.43,82.51,125.92,6.3,564.45,23.38,57.17,loamy,transitional,sub_humid,1,tomato
60.0,55.0,44.0,7.84,263.96,23.0,82.32,clay,long_rains,sub_humid,1,rice
69.63,55.41,100.63,5.9,577.24,25.39,68.14,loamy,short_rains,highland,0,sweetpotato
24.0,70.0,16.0,6.55,35.03,25.18,68.93,loamy,transitional,semi_arid,0,lentils
106.74,74.65,127.24,6.3,484.2,21.67,60.52,silty,dry,sub_humid,1,tomato
38.82,55.32,64.44,6.6,724.47,27.38,52.68,sandy,long_rains,sub_humid,1,groundnut
111.0,40.0,25.0,6.19,90.94,24.48,84.45,clay,long_rains,coastal,0,cotton
25.0,132.0,198.0,5.73,100.12,22.32,90.85,silty,dry,highland,1,apple
102.0,49.0,21.0,6.25,89.8,24.69,84.84,loamy,long_rains,sub_humid,1,cotton
99.65,66.42,99.03,6.6,454.71,19.62,53.04,sandy,dry,semi_arid,1,onion
110.29,57.83,69.19,7.4,755.61,26.05,55.69,clay,long_rains,coastal,0,cotton
77.14,57.51,64.58,6.2,516.54,24.47,45.18,sandy,dry,semi_arid,1,sunflower
49.0,68.0,22.0,7.13,63.5,28.57,61.53,loamy,transitional,sub_humid,0,blackgram
65.0,60.0,43.0,5.66,227.36,21.97,81.9,clay,long_rains,coastal,0,rice
43.0,64.0,47.0,6.83,102.27,38.59,91.58,sandy,transitional,coastal,0,papaya
74.77,51.73,41.01,7.4,568.46,18.5,53.04,loamy,dry,highland,1,wheat
32.14,63.59,52.58,6.7,543.2,20.43,60.32,loamy,long_rains,highland,0,beans
193.74,60.59,143.37,5.8,1544.0,29.63,74.46,clay,long_rains,sub_humid,1,sugarcane
4.0,19.0,42.0,6.31,111.22,23.83,87.84,sandy,transitional,arid,1,pomegranate
30.61,61.44,65.21,5.6,698.78,27.29,56.06,sandy,long_rains,sub_humid,0,groundnut
9.0,60.0,21.0,7.52,40.37,29.94,67.31,loamy,dry,semi_arid,0,lentils
58.58,47.69,84.68,6.2,887.66,25.16,68.97,sandy,long_rains,sub_humid,0,cassava
161.85,63.51,189.96,6.1,1570.76,28.21,83.16,clay,long_rains,sub_humid,0,banana
112.0,25.0,51.0,6.93,56.72,25.05,85.57,sandy,short_rains,sub_humid,0,watermelon
116.12,56.16,44.86,6.6,2005.12,26.77,85.13,silty,long_rains,sub_humid,1,rice
36.0,65.0,16.0,7.69,50.17,25.71,64.11,loamy,transitional,highland,1,lentils
96.38,72.34,99.01,7.0,412.15,21.82,59.92,sandy,dry,semi_arid,1,onion
8.0,26.0,26.0,5.7,212.87,25.55,91.64,sandy,long_rains,coastal,0,coconut
29.69,61.64,50.29,6.4,519.34,20.24,62.58,silty,short_rains,highland,0,beans
91.0,53.0,40.0,5.39,264.61,26.53,81.42,clay,long_rains,coastal,1,rice
168.05,65.75,178.51,6.3,1722.67,25.34,80.25,clay,long_rains,coastal,0,banana
84.0,29.0,49.0,6.25,20.39,29.94,93.91,sandy,dry,semi_arid,0,muskmelon
2.0,72.0,18.0,7.84,50.89,26.58,60.98,clay,transitional,semi_arid,1,lentils
107.31,60.2,70.95,7.4,822.12,31.0,54.27,loamy,long_rains,sub_humid,0,cotton
27.89,62.61,43.82,8.0,304.56,19.95,45.3,loamy,dry,highland,1,lentils
27.43,61.18,45.45,7.6,352.87,18.56,48.46,loamy,dry,semi_arid,0,lentils
96.1,61.04,47.89,7.0,651.59,21.2,70.62,silty,long_rains,sub_humid,1,maize
150.96,45.64,80.29,5.8,2253.33,17.34,82.07,silty,long_rains,highland,0,tea
75.18,45.98,70.12,6.1,788.28,28.89,57.61,loamy,dry,coastal,0,mango
26.51,64.47,44.46,6.6,369.88,18.16,51.57,loamy,transitional,highland,0,lentils
13.0,30.0,37.0,6.28,106.87,20.86,91.62,sandy,transitional,semi_arid,1,pomegranate
70.48,41.66,43.12,7.5,403.57,29.25,42.8,sandy,short_rains,arid,0,sorghum
82.33,44.3,37.84,7.2,565.49,15.3,49.29,loamy,dry,highland,1,wheat
44.0,58.0,18.0,6.81,72.5,28.04,65.07,clay,transitional,sub_humid,1,blackgram
26.0,73.0,21.0,4.95,161.78,31.33,57.97,loamy,short_rains,sub_humid,0,pigeon_peas
67.96,55.41,70.7,6.1,558.94,27.94,45.24,sandy,dry,semi_arid,0,sunflower
96.0,46.0,22.0,6.5,66.29,20.58,69.0,silty,long_rains,sub_humid,0,maize
82.0,24.0,33.0,6.81,120.65,26.54,67.1,loamy,long_rains,highland,1,coffee
137.95,71.73,105.66,7.1,585.76,16.52,67.43,loamy,long_rains,highland,1,cabbage
15.0,36.0,27.0,5.64,91.01,27.79,53.97,sandy,dry,semi_arid,1,mango
94.76,68.95,101.94,7.4,467.01,20.73,48.5,sandy,dry,semi_arid,1,onion
103.0,33.0,25.0,6.91,139.5,27.1,55.75,silty,long_rains,highland,0,coffee
26.96,59.8,45.88,7.9,355.62,20.44,42.01,clay,dry,semi_arid,0,lentils
36.29,62.38,65.33,6.0,724.23,30.36,56.54,sandy,long_rains,sub_humid,0,groundnut
30.05,58.64,45.48,7.6,355.96,17.43,42.78,clay,dry,highland,1,lentils
110.61,50.4,59.15,6.5,678.44,28.62,50.21,clay,long_rains,coastal,1,cotton
26.12,50.08,42.82,6.2,380.82,17.99,51.86,clay,dry,highland,0,lentils
75.22,53.62,103.25,5.9,520.13,25.74,65.73,sandy,long_rains,highland,0,sweetpotato
34.67,66.67,58.33,6.5,525.8,19.04,65.83,loamy,short_rains,highland,0,beans
82.78,44.18,42.56,6.5,604.72,16.03,48.73,loamy,dry,highland,0,wheat
32.0,130.0,196.0,6.37,74.03,40.66,81.25,sandy,dry,highland,1,grapes
67.0,68.0,49.0,6.82,149.85,35.27,92.38,loamy,transitional,coastal,0,papaya
33.45,74.05,71.89,6.9,658.59,28.7,58.7,loamy,long_rains,sub_humid,0,groundnut
34.0,71.0,79.0,7.73,74.64,17.93,15.86,sandy,transitional,highland,1,chickpea
124.7,62.33,100.86,6.5,1564.69,19.15,77.01,loamy,long_rains,highland,0,coffee
57.68,40.96,36.1,6.0,370.49,32.56,44.31,sandy,dry,semi_arid,0,millet
35.0,66.0,81.0,6.14,85.25,19.37,15.77,sandy,dry,highland,0,chickpea
101.37,65.52,98.92,6.1,395.03,23.77,50.45,sandy,dry,highland,0,onion
29.35,52.98,43.42,7.4,363.39,18.16,43.05,loamy,dry,semi_arid,0,lentils
103.0,27.0,31.0,6.69,126.18,27.16,51.59,loamy,long_rains,highland,0,coffee
120.98,58.23,45.85,5.6,1658.9,25.92,87.22,clay,long_rains,sub_humid,1,rice
32.28,56.41,45.74,6.6,575.16,19.68,63.31,sandy,transitional,semi_arid,0,chickpea
27.0,80.0,24.0,7.82,49.02,28.42,61.77,clay,transitional,semi_arid,0,lentils
70.08,50.07,102.12,5.9,668.92,24.54,69.15,loamy,short_rains,highland,0,sweetpotato
99.93,69.88,107.17,6.8,420.68,19.34,53.95,sandy,dry,highland,0,onion
10.0,18.0,35.0,6.38,181.69,27.8,99.65,sandy,long_rains,coastal,1,coconut
26.53,54.53,46.2,5.8,584.25,20.18,51.98,loamy,transitional,semi_arid,0,chickpea
53.46,36.81,37.16,6.3,367.28,33.9,34.22,sandy,short_rains,arid,0,millet
74.71,48.49,69.95,6.9,866.25,29.36,50.72,sandy,dry,semi_arid,0,mango
29.0,44.0,20.0,8.62,31.83,30.04,63.56,sandy,dry,semi_arid,1,moth_beans
31.55,67.03,48.08,6.9,550.62,22.23,62.5,silty,short_rains,sub_humid,0,beans
56.0,75.0,15.0,7.15,66.37,30.2,60.07,loamy,short_rains,coastal,0,blackgram
28.0,58.0,24.0,5.75,143.76,19.73,18.28,silty,long_rains,sub_humid,0,kidney_beans
63.46,42.22,77.64,6.3,842.71,27.36,72.01,loamy,long_rains,sub_humid,0,cassava
33.0,29.0,34.0,6.83,93.0,31.41,49.22,sandy,transitional,semi_arid,0,mango
29.62,60.27,52.73,6.4,593.37,23.52,63.4,silty,short_rains,highland,0,beans
91.11,62.01,48.64,6.5,649.31,22.79,68.58,loamy,short_rains,highland,0,maize
20.47,60.15,42.83,6.4,591.23,19.61,56.75,sandy,dry,semi_arid,0,chickpea
9.0,8.0,40.0,6.55,111.66,22.49,89.92,loamy,dry,arid,1,pomegranate
197.06,57.95,152.06,7.3,1429.14,28.41,73.07,clay,long_rains,coastal,0,sugarcane
177.45,63.51,193.28,5.8,1398.43,27.93,79.91,loamy,long_rains,sub_humid,0,banana
60.0,43.0,44.0,7.42,298.4,21.02,82.95,clay,long_rains,coastal,1,rice
118.75,48.63,40.47,6.3,1923.4,28.43,86.89,clay,long_rains,sub_humid,0,rice
123.77,64.31,105.68,6.4,648.53,17.32,66.05,clay,short_rains,highland,0,cabbage
117.58,55.33,51.51,6.8,1983.41,26.81,83.71,silty,long_rains,coastal,1,rice
61.52,40.07,78.11,5.8,832.21,27.42,69.69,sandy,long_rains,coastal,1,cassava
148.06,42.4,86.16,5.9,2021.88,15.64,81.69,loamy,long_rains,highland,0,tea
102.45,59.55,70.51,5.9,699.9,27.14,50.74,clay,long_rains,coastal,0,cotton
117.98,59.41,42.46,5.6,1943.51,28.09,88.21,silty,long_rains,sub_humid,0,rice
178.24,62.58,188.19,5.6,1497.61,27.62,79.65,loamy,long_rains,coastal,1,banana
12.0,27.0,26.0,5.32,96.24,29.09,45.57,loamy,transitional,coastal,0,mango
21.0,38.0,21.0,6.64,37.55,29.76,86.45,sandy,transitional,sub_humid,1,mung_bean
74.56,51.46,69.3,6.7,562.63,23.56,47.99,sandy,dry,semi_arid,0,sunflower
111.0,15.0,54.0,6.19,22.06,27.71,92.91,loamy,transitional,sub_humid,0,muskmelon
99.64,62.63,68.06,5.9,729.49,27.88,55.03,clay,long_rains,sub_humid,0,cotton
97.13,57.73,49.99,6.1,724.87,22.55,68.39,silty,long_rains,highland,0,maize
8.0,25.0,36.0,6.83,104.03,19.91,94.95,loamy,transitional,semi_arid,0,pomegranate
35.25,63.72,67.07,6.4,636.54,27.43,60.52,sandy,long_rains,sub_humid,1,groundnut
105.19,79.27,124.96,6.5,562.11,23.84,65.87,loamy,dry,sub_humid,1,tomato
49.02,40.07,37.24,6.1,338.93,30.1,41.07,sandy,short_rains,arid,0,millet
180.43,66.32,190.52,6.7,1426.16,27.44,80.32,clay,long_rains,coastal,0,banana
127.79,63.65,106.1,6.0,603.3,16.33,69.79,clay,short_rains,highland,0,cabbage
32.0,56.0,18.0,7.14,46.05,20.05,65.84,clay,dry,highland,0,lentils
29.0,128.0,198.0,5.69,121.5,22.44,92.71,loamy,dry,highland,0,apple
100.61,80.48,126.87,6.6,520.66,22.75,66.06,loamy,dry,sub_humid,1,tomato
60.55,40.95,32.34,6.4,327.82,31.81,36.99,sandy,dry,semi_arid,0,millet
32.0,57.0,22.0,6.77,44.57,28.69,87.5,loamy,short_rains,sub_humid,1,mung_bean
94.88,69.81,106.83,6.7,450.47,22.21,54.44,sandy,dry,highland,0,onion
104.26,55.75,51.94,5.9,749.63,24.31,68.87,loamy,long_rains,sub_humid,0,maize
20.0,73.0,22.0,5.98,130.39,16.04,22.33,loamy,long_rains,sub_humid,0,kidney_beans
70.58,37.59,41.52,6.3,568.36,30.05,48.48,loamy,short_rains,arid,0,sorghum
97.19,64.79,107.15,6.8,423.43,20.45,45.53,loamy,dry,highland,0,onion
94.51,56.31,68.97,5.8,760.0,27.12,56.4,loamy,long_rains,sub_humid,1,cotton
3.0,72.0,24.0,6.03,122.65,36.51,57.93,sandy,long_rains,sub_humid,0,pigeon_peas
176.37,64.53,177.9,5.7,1355.36,27.76,78.35,clay,long_rains,coastal,0,banana
112.97,50.25,111.59,5.6,1670.88,18.11,76.17,loamy,long_rains,highland,1,coffee
50.19,37.06,34.48,6.0,306.32,31.04,39.47,sandy,short_rains,semi_arid,0,millet
33.56,61.07,58.48,6.0,667.56,28.72,55.52,loamy,long_rains,sub_humid,0,groundnut
76.0,49.0,42.0,5.21,196.96,24.96,84.48,clay,long_rains,coastal,1,rice
114.57,51.64,47.51,5.8,1723.66,29.65,81.76,silty,long_rains,coastal,0,rice
122.73,51.16,47.66,5.9,1740.6,27.38,86.82,clay,long_rains,coastal,0,rice
111.6,58.2,46.11,5.8,2119.21,27.03,84.92,clay,long_rains,sub_humid,0,rice
165.8,53.81,197.0,6.7,1616.03,26.05,81.59,loamy,long_rains,sub_humid,0,banana
120.48,74.81,106.7,6.8,564.03,15.59,66.38,clay,long_rains,highland,1,cabbage
63.17,42.82,84.69,6.0,872.99,27.19,70.59,loamy,long_rains,coastal,0,cassava
33.17,61.37,51.34,6.2,551.48,20.57,69.86,loamy,short_rains,highland,1,beans
105.19,60.2,71.68,6.3,687.56,28.33,51.86,loamy,long_rains,coastal,1,cotton
70.97,58.61,71.68,6.8,575.36,23.97,44.84,loamy,short_rains,semi_arid,0,sunflower
37.0,52.0,47.0,6.54,211.85,43.08,93.9,loamy,long_rains,sub_humid,0,papaya
70.06,41.24,39.03,5.7,450.54,29.08,46.18,loamy,dry,semi_arid,0,sorghum
79.69,47.4,42.25,7.4,571.37,18.87,54.41,clay,dry,highland,1,wheat
94.17,58.6,104.79,7.1,461.69,20.19,56.82,sandy,dry,highland,0,onion
25.0,63.0,20.0,5.5,95.17,15.79,21.15,silty,long_rains,sub_humid,1,kidney_beans
28.0,72.0,84.0,6.48,71.58,18.73,19.18,sandy,transitional,semi_arid,0,chickpea
68.7,40.91,40.84,6.4,519.02,28.59,47.23,sandy,short_rains,arid,0,sorghum
91.0,7.0,53.0,6.46,43.53,25.14,89.28,loamy,short_rains,sub_humid,1,watermelon
30.99,55.64,65.53,5.6,738.16,28.74,53.29,loamy,long_rains,sub_humid,0,groundnut
70.82,54.02,69.73,6.8,572.36,24.92,49.44,loamy,dry,semi_arid,0,sunflower
199.83,58.59,155.1,6.5,1586.12,28.85,74.23,loamy,long_rains,coastal,0,sugarcane
16.0,75.0,21.0,5.68,87.05,18.51,23.62,silty,short_rains,highland,0,kidney_beans
80.61,38.47,42.76,6.6,563.2,18.52,54.01,loamy,dry,highland,0,wheat
157.05,42.46,91.13,5.1,1990.95,17.39,77.43,loamy,long_rains,highland,0,tea
39.49,67.38,63.04,6.4,711.99,29.72,59.73,sandy,long_rains,sub_humid,0,groundnut
86.41,51.35,60.36,6.9,666.92,31.2,56.21,loamy,transitional,coastal,0,mango
91.07,85.89,122.1,6.5,528.99,23.04,65.71,silty,transitional,highland,0,tomato
170.43,62.02,185.19,6.1,1515.65,27.44,77.05,clay,long_rains,coastal,1,banana
85.15,49.78,72.96,6.9,755.45,32.2,60.11,loamy,dry,semi_arid,1,mango
99.41,56.22,46.8,6.8,678.87,20.36,69.65,silty,short_rains,sub_humid,1,maize
89.0,9.0,47.0,6.67,28.75,29.47,90.77,loamy,transitional,semi_arid,1,muskmelon
62.0,48.0,20.0,6.71,95.71,21.7,60.47,silty,short_rains,highland,1,maize
74.93,48.85,41.87,5.9,493.47,27.7,43.33,sandy,short_rains,semi_arid,0,sorghum
78.44,43.08,70.5,6.2,944.87,31.29,55.41,sandy,transitional,coastal,0,mango
66.98,49.1,84.99,6.3,901.49,25.46,74.53,sandy,long_rains,coastal,0,cassava
188.48,54.67,196.1,5.9,1249.22,26.25,77.07,loamy,long_rains,sub_humid,1,banana
31.11,53.43,45.42,5.6,548.68,19.46,47.91,loamy,dry,semi_arid,0,chickpea
136.83,56.12,106.7,5.7,1655.69,22.01,76.35,silty,long_rains,highland,0,coffee
98.64,87.07,124.89,6.5,600.37,23.82,61.74,loamy,transitional,sub_humid,1,tomato
5.0,24.0,40.0,6.3,104.67,24.69,93.87,sandy,dry,semi_arid,1,pomegranate
72.0,40.0,38.0,7.59,245.15,20.41,82.21,silty,long_rains,coastal,0,rice
40.0,126.0,201.0,6.12,71.18,11.36,80.03,loamy,dry,semi_arid,1,grapes
101.46,52.33,72.03,6.6,818.07,29.02,55.5,clay,long_rains,sub_humid,1,cotton
34.0,63.81,63.89,5.8,672.99,28.42,55.52,sandy,long_rains,coastal,0,groundnut
79.69,56.69,106.53,5.6,646.82,25.4,65.34,sandy,long_rains,highland,0,sweetpotato
29.0,144.0,204.0,5.8,119.1,22.43,92.49,loamy,dry,highland,0,apple
60.0,38.0,17.0,6.47,76.41,18.42,64.24,loamy,short_rains,sub_humid,1,maize
29.0,72.0,24.0,6.96,162.59,23.17,36.68,loamy,short_rains,semi_arid,0,pigeon_peas
124.65,80.68,121.39,5.3,624.09,16.38,65.42,loamy,transitional,highland,1,potato
121.46,58.13,114.15,5.8,1657.19,20.62,72.99,silty,long_rains,highland,0,coffee
63.0,58.0,47.0,6.86,144.67,26.83,90.75,sandy,transitional,coastal,0,papaya
26.0,67.0,16.0,7.18,67.83,29.11,67.91,loamy,short_rains,sub_humid,0,blackgram
48.0,57.0,54.0,6.62,126.81,29.02,90.2,loamy,transitional,coastal,0,papaya
65.79,54.38,67.48,7.2,537.31,26.41,46.49,loamy,short_rains,semi_arid,0,sunflower
52.26,49.66,83.99,5.9,906.17,27.17,75.99,loamy,long_rains,coastal,0,cassava
195.32,64.79,132.58,5.9,1535.92,29.18,70.61,loamy,long_rains,sub_humid,0,sugarcane
125.84,66.49,103.95,6.5,652.38,17.62,69.2,clay,short_rains,highland,0,cabbage
58.72,35.69,37.56,6.7,375.25,31.7,38.3,sandy,dry,semi_arid,0,millet
93.98,82.37,138.92,6.5,567.69,21.76,65.17,silty,transitional,sub_humid,1,tomato
99.0,5.0,47.0,6.65,51.19,24.13,84.84,sandy,dry,sub_humid,1,watermelon
88.92,41.67,65.74,7.4,1103.65,32.14,58.56,sandy,dry,semi_arid,0,mango
121.29,58.07,44.14,5.9,1564.77,26.68,85.83,silty,long_rains,coastal,1,rice
65.0,60.0,22.0,6.61,107.91,25.37,72.52,loamy,long_rains,highland,0,maize
16.0,35.0,31.0,5.32,95.99,32.28,50.19,sandy,transitional,semi_arid,0,mango
87.0,28.0,30.0,6.54,168.84,25.6,68.66,silty,long_rains,highland,0,coffee
48.14,38.2,34.94,6.0,284.67,32.81,40.92,sandy,dry,semi_arid,0,millet
26.03,67.81,50.96,7.2,589.39,19.27,63.29,silty,short_rains,sub_humid,0,beans
74.0,43.0,23.0,6.33,99.58,25.95,61.89,silty,short_rains,sub_humid,1,maize
78.51,51.06,34.74,6.2,572.11,16.59,54.09,clay,dry,highland,1,wheat
25.27,55.18,42.04,7.3,372.54,18.58,48.54,loamy,dry,highland,0,lentils
102.28,63.7,64.81,6.9,702.04,30.01,48.93,clay,long_rains,coastal,1,cotton
111.93,57.68,77.84,7.3,666.48,28.6,48.53,loamy,long_rains,sub_humid,1,cotton
119.96,72.45,116.35,7.2,489.0,15.57,65.19,clay,long_rains,highland,1,cabbage
36.35,70.43,55.31,6.2,525.03,20.95,58.85,silty,short_rains,highland,0,beans
92.0,7.0,48.0,6.96,54.39,26.28,86.63,sandy,dry,semi_arid,1,watermelon
66.49,40.7,36.73,6.2,480.3,27.25,53.05,sandy,dry,semi_arid,0,sorghum
65.67,50.99,107.82,6.6,666.6,23.8,60.45,sandy,short_rains,highland,0,sweetpotato
29.97,61.18,46.31,6.9,358.66,22.6,43.06,loamy,dry,semi_arid,1,lentils
31.24,64.01,55.83,6.8,650.01,30.05,57.41,loamy,long_rains,sub_humid,0,groundnut
24.93,55.63,50.5,6.0,524.28,19.21,54.87,loamy,transitional,semi_arid,0,chickpea
119.72,64.99,110.19,6.1,1543.91,19.07,74.76,loamy,long_rains,highland,0,coffee
159.78,44.13,78.3,5.2,1999.98,15.81,81.04,loamy,long_rains,highland,0,tea
130.4,64.16,109.63,6.1,717.51,16.54,69.05,loamy,short_rains,highland,0,cabbage
38.0,68.0,54.0,6.74,202.06,29.34,90.82,loamy,transitional,sub_humid,0,papaya
52.88,39.1,36.04,5.8,357.95,30.69,32.75,sandy,short_rains,semi_arid,0,millet
5.0,56.0,24.0,5.02,188.49,24.81,45.01,loamy,short_rains,sub_humid,0,pigeon_peas
21.0,39.0,20.0,7.06,46.76,28.14,82.12,sandy,transitional,semi_arid,0,mung_bean
200.85,59.79,152.73,6.1,1578.88,27.52,72.98,loamy,long_rains,sub_humid,1,sugarcane
72.53,41.2,39.76,7.0,445.47,29.68,51.03,sandy,dry,semi_arid,0,sorghum
136.56,77.76,135.59,6.3,760.71,13.91,71.62,silty,transitional,highland,1,potato
116.0,40.0,33.0,7.04,129.55,24.91,54.15,loamy,long_rains,highland,0,coffee
109.16,56.5,69.44,5.8,725.19,26.16,50.61,loamy,long_rains,sub_humid,1,cotton
120.42,74.88,126.04,5.1,760.82,14.32,70.02,loamy,transitional,highland,0,potato
8.0,7.0,10.0,6.93,105.21,28.26,91.98,loamy,long_rains,highland,1,orange
106.02,58.03,72.57,7.2,846.22,29.45,49.55,clay,long_rains,coastal,0,cotton
62.66,43.06,78.71,5.9,886.61,25.39,71.76,sandy,long_rains,coastal,0,cassava
62.0,42.0,36.0,6.43,248.72,22.78,82.07,clay,long_rains,coastal,1,rice
184.65,60.23,176.94,6.8,1442.66,26.52,81.15,clay,long_rains,coastal,0,banana
99.0,16.0,30.0,6.39,186.17,23.53,65.44,loamy,long_rains,highland,0,coffee
128.67,72.87,141.68,5.3,721.96,15.77,70.52,loamy,transitional,highland,0,potato
174.39,64.84,188.88,6.3,1310.53,25.95,79.54,clay,long_rains,sub_humid,0,banana
75.0,54.0,36.0,7.02,257.49,26.29,84.57,silty,long_rains,coastal,1,rice
64.1,45.06,38.45,5.7,400.13,30.72,45.06,loamy,short_rains,arid,0,sorghum
173.56,53.41,180.77,6.6,1562.19,25.95,82.36,clay,long_rains,sub_humid,1,banana
122.66,85.61,121.84,6.1,794.43,15.22,73.74,loamy,transitional,highland,0,potato
121.64,71.82,106.99,7.3,548.03,16.55,71.2,clay,short_rains,highland,0,cabbage
86.0,40.0,33.0,7.43,136.3,26.14,52.26,loamy,long_rains,highland,0,coffee
8.0,59.0,18.0,6.22,187.9,29.51,35.72,sandy,long_rains,sub_humid,0,pigeon_peas
112.0,17.0,28.0,6.78,196.65,27.63,61.26,loamy,long_rains,highland,0,coffee
75.84,44.27,42.53,7.2,556.17,16.18,51.91,clay,dry,highland,0,wheat
119.0,19.0,55.0,6.82,46.87,25.19,83.45,loamy,short_rains,sub_humid,0,watermelon
125.75,55.09,42.31,5.8,2090.6,28.63,85.34,clay,long_rains,coastal,1,rice
93.0,22.0,52.0,6.93,41.88,26.59,81.33,sandy,dry,sub_humid,0,watermelon
57.0,58.0,77.0,7.98,81.2,18.73,17.58,loamy,dry,highland,1,chickpea
110.13,84.44,132.37,6.3,497.51,24.89,54.87,silty,transitional,highland,1,tomato
147.85,43.84,85.49,5.1,2088.18,16.23,78.37,silty,long_rains,highland,1,tea
73.49,58.72,74.74,7.1,608.36,25.81,45.16,loamy,short_rains,semi_arid,1,sunflower
119.93,82.81,127.76,6.5,584.5,15.14,67.19,loamy,transitional,highland,1,potato
84.8,46.97,72.11,5.7,893.41,29.93,55.5,sandy,transitional,coastal,0,mango
77.94,52.54,98.31,6.6,577.81,25.04,70.92,sandy,long_rains,sub_humid,0,sweetpotato
57.89,34.9,38.05,6.0,360.29,30.37,45.22,sandy,dry,semi_arid,0,millet
70.4,38.44,73.89,6.4,895.82,27.92,53.64,loamy,dry,semi_arid,0,mango
80.22,50.17,63.89,6.1,868.92,30.16,56.67,loamy,dry,coastal,0,mango
153.55,41.93,78.66,4.7,1894.42,17.2,82.83,loamy,long_rains,highland,0,tea
30.3,61.08,61.08,5.7,706.4,27.1,54.18,loamy,long_rains,coastal,0,groundnut
78.88,45.46,42.39,7.3,622.29,17.47,48.82,loamy,dry,highland,1,wheat
127.81,79.68,122.52,6.1,655.63,15.07,66.97,loamy,transitional,highland,0,potato
128.6,78.34,123.64,5.9,629.45,12.84,72.72,loamy,transitional,highland,0,potato
59.6,42.49,70.14,6.1,903.24,24.67,74.24,loamy,long_rains,sub_humid,0,cassava
91.0,24.0,55.0,6.26,46.77,26.27,83.09,sandy,dry,semi_arid,0,watermelon
58.27,35.53,37.78,6.6,361.28,31.63,42.88,sandy,short_rains,arid,0,millet
103.89,60.96,53.59,5.9,719.11,23.92,65.49,loamy,long_rains,highland,1,maize
103.42,55.04,69.21,6.4,722.52,29.84,51.79,clay,long_rains,coastal,0,cotton
35.39,69.18,65.3,6.5,694.55,27.55,56.35,loamy,long_rains,coastal,0,groundnut
38.0,135.0,203.0,6.44,69.92,41.36,82.8,sandy,dry,semi_arid,1,grapes
101.53,63.46,51.66,6.7,701.98,23.29,68.85,silty,short_rains,highland,0,maize
76.94,44.82,38.72,6.0,622.72,18.91,48.42,loamy,dry,highland,1,wheat
2.0,140.0,197.0,5.53,105.05,22.7,92.82,silty,transitional,highland,0,apple
118.7,50.85,43.13,6.1,1945.14,27.14,84.51,clay,long_rains,sub_humid,1,rice
135.82,65.38,108.12,7.4,602.75,18.39,64.2,clay,short_rains,highland,0,cabbage
111.13,74.02,132.83,6.9,525.04,23.66,64.83,loamy,dry,highland,1,tomato
69.55,42.82,79.04,6.4,904.19,25.47,69.16,loamy,long_rains,coastal,0,cassava
152.04,48.61,92.6,5.4,1881.89,17.52,78.76,silty,long_rains,highland,1,tea
169.86,60.55,188.33,6.3,1509.22,27.34,84.68,clay,long_rains,sub_humid,0,banana
61.44,40.59,33.01,5.5,253.87,33.76,42.14,sandy,short_rains,arid,0,millet
121.0,36.0,24.0,7.35,99.37,23.66,81.69,clay,long_rains,coastal,0,cotton
24.0,38.0,22.0,8.2,34.97,24.48,58.52,sandy,dry,semi_arid,0,moth_beans
77.32,54.45,71.89,7.1,638.75,25.22,48.05,loamy,dry,sub_humid,0,sunflower
82.0,22.0,45.0,6.51,54.6,26.22,85.35,sandy,short_rains,sub_humid,0,watermelon
29.0,22.0,40.0,6.15,107.68,23.63,89.73,loamy,transitional,arid,1,pomegranate
69.4,45.21,40.67,6.8,482.89,27.71,47.74,loamy,short_rains,arid,0,sorghum
34.5,66.24,52.55,6.3,507.67,19.63,63.06,loamy,long_rains,sub_humid,0,beans
54.26,37.55,32.55,6.1,359.11,32.33,37.5,sandy,short_rains,semi_arid,0,millet
79.56,55.36,66.71,6.6,602.93,24.76,49.84,sandy,dry,sub_humid,0,sunflower
21.57,61.02,46.07,6.5,317.47,20.33,44.27,loamy,dry,highland,1,lentils
29.0,76.0,15.0,7.03,69.69,28.54,64.2,clay,transitional,sub_humid,1,blackgram
129.76,62.44,106.5,6.0,1585.84,19.64,76.86,loamy,long_rains,highland,0,coffee
38.0,21.0,35.0,5.84,110.97,20.34,89.38,loamy,transitional,arid,1,pomegranate
12.0,66.0,20.0,7.34,44.43,27.41,63.42,clay,transitional,highland,1,lentils
95.11,58.58,49.54,6.5,757.17,24.4,64.82,silty,short_rains,highland,0,maize
98.49,70.3,120.14,7.0,552.34,23.65,70.03,silty,dry,highland,0,tomato
76.0,48.0,18.0,5.78,83.21,19.3,69.63,silty,long_rains,sub_humid,1,maize
119.61,64.64,99.1,6.3,616.51,17.99,70.18,clay,long_rains,highland,1,cabbage
69.37,55.81,107.12,6.2,660.81,26.8,68.0,sandy,short_rains,highland,0,sweetpotato
134.34,62.04,109.75,6.4,1695.5,19.37,72.41,silty,long_rains,highland,0,coffee
87.05,46.54,73.45,6.3,878.14,31.45,54.82,sandy,transitional,coastal,0,mango
86.0,15.0,47.0,6.42,53.79,24.04,84.18,sandy,short_rains,semi_arid,0,watermelon
184.07,64.85,148.7,6.9,1551.28,27.14,73.65,clay,long_rains,coastal,1,sugarcane
115.76,86.85,120.64,6.7,607.38,23.17,66.07,loamy,dry,highland,1,tomato
126.42,76.3,92.38,6.1,610.92,17.06,69.46,loamy,short_rains,highland,1,cabbage
115.76,59.71,49.05,5.8,1819.41,26.66,87.27,silty,long_rains,sub_humid,1,rice
179.06,56.51,144.45,5.8,1670.05,31.84,72.01,clay,long_rains,coastal,1,sugarcane
30.98,57.61,55.85,6.8,555.0,20.08,51.42,sandy,dry,semi_arid,0,chickpea
119.15,52.81,41.35,6.0,1869.01,27.38,83.79,clay,long_rains,sub_humid,0,rice
24.0,80.0,22.0,5.64,96.77,16.71,19.18,silty,long_rains,sub_humid,0,kidney_beans
124.68,53.53,103.03,6.4,1616.76,17.78,72.76,silty,long_rains,highland,0,coffee
76.7,41.95,41.38,6.9,615.67,17.6,51.89,loamy,dry,highland,1,wheat
132.45,70.41,122.64,5.1,771.4,15.69,68.79,silty,long_rains,highland,0,potato
2.0,78.0,23.0,7.32,45.43,21.32,66.44,loamy,transitional,highland,0,lentils
148.52,47.45,80.46,5.1,1901.81,16.44,80.66,loamy,long_rains,highland,0,tea
163.48,45.77,77.45,5.5,2157.3,17.62,80.5,loamy,long_rains,highland,0,tea
132.45,60.56,98.14,6.4,1423.06,20.69,77.16,silty,long_rains,highland,0,coffee
131.02,86.47,133.57,5.3,743.27,14.55,70.46,silty,transitional,highland,1,potato
95.0,52.0,36.0,5.54,286.51,26.23,83.84,silty,long_rains,coastal,1,rice
36.79,64.86,65.58,5.8,649.64,28.29,53.3,loamy,long_rains,sub_humid,0,groundnut
36.38,65.37,53.5,7.2,528.74,21.31,63.83,loamy,long_rains,highland,0,beans
136.0,36.0,20.0,6.93,71.3,23.1,84.86,loamy,long_rains,coastal,0,cotton
98.0,22.0,47.0,6.34,28.84,29.07,91.92,sandy,transitional,semi_arid,0,muskmelon
130.72,77.29,138.15,6.3,725.08,16.81,71.25,loamy,transitional,highland,0,potato
87.02,43.92,42.86,6.8,614.68,17.54,53.61,clay,dry,highland,1,wheat
73.89,45.01,41.46,6.2,385.34,28.64,52.84,loamy,short_rains,arid,1,sorghum
63.28,45.46,81.65,6.8,856.09,26.27,71.78,loamy,long_rains,coastal,0,cassava
112.8,82.47,131.6,6.1,545.79,24.92,64.81,loamy,transitional,highland,1,tomato
29.0,22.0,43.0,5.56,106.04,19.66,87.95,sandy,transitional,arid,0,pomegranate
38.07,63.25,54.56,7.0,532.7,18.55,57.95,silty,short_rains,highland,1,beans
32.59,63.37,46.06,7.1,419.21,19.2,48.94,clay,dry,semi_arid,1,lentils
96.98,58.24,49.92,7.0,675.66,22.58,65.95,silty,short_rains,highland,1,maize
116.39,94.47,134.21,6.1,604.79,20.63,63.78,loamy,transitional,highland,1,tomato
64.51,54.9,68.29,6.6,543.71,27.36,49.09,sandy,short_rains,sub_humid,1,sunflower
126.36,68.05,105.88,7.1,547.84,16.86,65.74,loamy,short_rains,highland,0,cabbage
103.36,53.11,48.09,7.0,680.2,22.2,62.79,silty,short_rains,sub_humid,0,maize
23.0,57.0,19.0,7.25,73.4,32.84,68.0,clay,short_rains,sub_humid,0,blackgram
103.15,66.29,113.76,6.8,453.4,21.8,53.82,sandy,dry,highland,0,onion
100.98,56.11,49.44,5.9,653.64,23.0,66.82,silty,long_rains,sub_humid,1,maize
37.0,78.0,79.0,7.79,88.68,19.95,14.83,loamy,dry,highland,1,chickpea
75.97,57.68,117.26,5.9,607.91,25.65,71.8,sandy,short_rains,highland,0,sweetpotato
31.48,60.93,52.47,6.4,595.93,21.81,61.14,loamy,long_rains,highland,0,beans
99.62,56.7,51.69,6.3,840.91,22.56,65.8,silty,short_rains,sub_humid,1,maize
153.18,50.59,79.14,5.5,1879.07,18.26,81.34,loamy,long_rains,highland,0,tea
60.2,38.88,35.04,7.0,330.21,34.14,40.99,sandy,short_rains,semi_arid,0,millet
109.0,23.0,25.0,7.01,194.88,25.12,68.48,loamy,long_rains,highland,0,coffee
178.33,51.38,202.9,6.6,1369.57,26.34,82.85,loamy,long_rains,sub_humid,1,banana
52.0,71.0,16.0,7.08,71.79,27.74,68.54,clay,short_rains,coastal,1,blackgram
29.0,21.0,45.0,6.75,105.22,23.41,93.13,loamy,dry,arid,1,pomegranate
26.06,60.85,48.73,5.5,563.86,20.36,54.85,sandy,transitional,highland,1,chickpea
74.61,57.74,70.96,7.2,638.31,24.82,48.02,loamy,short_rains,semi_arid,0,sunflower
3.0,26.0,39.0,7.08,103.6,24.38,91.19,sandy,transitional,arid,0,pomegranate
106.88,80.71,136.26,6.2,620.4,21.98,64.82,loamy,transitional,highland,1,tomato
42.0,53.0,48.0,6.76,231.52,23.11,94.32,loamy,transitional,sub_humid,0,papaya
24.42,62.55,38.93,6.6,404.5,19.07,45.72,loamy,transitional,highland,1,lentils
65.67,54.18,73.07,6.8,556.13,22.39,47.27,sandy,short_rains,sub_humid,0,sunflower
66.3,60.72,64.53,6.4,602.44,27.23,47.98,loamy,dry,semi_arid,1,sunflower
31.0,48.0,45.0,6.56,132.79,40.79,92.91,loamy,long_rains,sub_humid,0,papaya
99.71,54.72,51.57,6.8,704.7,21.31,62.63,loamy,short_rains,sub_humid,0,maize
27.0,64.0,15.0,5.51,138.24,20.16,24.84,loamy,short_rains,highland,0,kidney_beans
60.98,33.5,38.31,6.9,288.77,31.15,36.63,sandy,dry,arid,0,millet
64.97,47.73,83.43,5.9,874.55,24.97,71.4,loamy,long_rains,sub_humid,0,cassava
39.0,37.0,15.0,6.82,59.84,29.0,83.79,sandy,transitional,semi_arid,0,mung_bean
93.6,60.13,54.37,6.7,689.85,23.3,73.33,silty,short_rains,highland,1,maize
77.03,43.49,70.65,6.6,1047.7,29.75,55.68,sandy,dry,semi_arid,1,mango
58.01,39.33,37.23,6.6,378.46,31.86,35.62,sandy,dry,semi_arid,0,millet
3.0,27.0,44.0,6.59,110.96,24.57,92.03,sandy,dry,arid,1,pomegranate
84.3,47.21,70.74,7.3,858.93,30.35,63.04,loamy,dry,coastal,0,mango
68.39,44.53,42.2,6.5,430.42,28.57,43.82,loamy,short_rains,semi_arid,0,sorghum
70.33,40.84,35.91,6.0,597.38,15.61,50.66,loamy,dry,highland,1,wheat
96.63,65.48,109.55,6.7,437.07,21.41,49.46,loamy,dry,highland,1,onion
29.11,63.7,49.93,7.0,568.34,19.84,66.58,silty,long_rains,highland,0,beans
105.31,76.4,130.9,6.8,564.9,22.17,61.09,silty,transitional,highland,0,tomato
73.0,55.49,74.37,7.1,575.43,24.26,49.02,loamy,dry,semi_arid,0,sunflower
75.58,39.11,35.43,5.9,386.23,28.29,42.97,sandy,dry,semi_arid,0,sorghum
119.88,73.69,132.73,6.5,697.49,17.23,73.2,silty,transitional,highland,1,potato
178.68,55.7,188.11,6.9,1384.6,26.2,74.15,clay,long_rains,sub_humid,1,banana
62.03,40.37,77.9,5.6,902.41,27.41,71.06,sandy,long_rains,coastal,1,cassava
57.8,39.69,76.58,6.0,930.23,26.37,74.19,loamy,long_rains,sub_humid,0,cassava
102.0,45.0,16.0,7.29,74.9,23.66,77.52,loamy,long_rains,sub_humid,1,cotton
26.04,53.08,48.59,5.9,587.42,22.44,52.68,sandy,transitional,highland,0,chickpea
120.96,71.06,104.96,6.7,552.83,17.51,63.65,clay,short_rains,highland,1,cabbage
83.15,49.78,37.24,6.1,534.6,16.92,53.37,loamy,dry,highland,0,wheat
188.87,56.56,147.18,7.2,1623.34,29.43,71.7,clay,long_rains,coastal,0,sugarcane
169.42,57.88,186.28,6.9,1449.23,26.74,79.26,loamy,long_rains,coastal,1,banana
170.48,69.3,181.83,6.6,1540.17,28.51,79.47,loamy,long_rains,sub_humid,0,banana
31.51,65.5,70.19,6.3,692.49,28.52,57.76,loamy,long_rains,coastal,1,groundnut
140.94,50.16,81.02,4.9,1884.07,17.1,81.89,silty,long_rains,highland,0,tea
32.88,65.75,61.48,6.5,626.83,30.99,61.26,sandy,long_rains,coastal,0,groundnut
22.88,54.17,52.48,6.3,526.73,20.56,51.39,loamy,dry,semi_arid,0,chickpea
107.44,69.96,105.42,6.1,437.39,22.1,56.23,loamy,dry,highland,1,onion
100.64,78.65,127.18,6.1,539.54,23.36,57.18,silty,transitional,sub_humid,1,tomato
32.0,68.0,19.0,5.51,149.74,24.63,18.18,loamy,short_rains,sub_humid,0,kidney_beans
62.35,45.42,82.61,5.5,1078.2,27.34,70.39,loamy,long_rains,coastal,0,cassava
42.34,63.49,69.25,6.7,746.4,29.59,53.43,loamy,long_rains,coastal,0,groundnut
6.0,36.0,22.0,8.87,42.25,24.22,59.79,sandy,dry,semi_arid,1,moth_beans
119.57,74.25,106.69,6.6,629.28,17.58,68.09,loamy,short_rains,highland,0,cabbage
151.41,38.95,78.94,5.7,2172.72,17.59,82.44,loamy,long_rains,highland,0,tea
97.52,73.45,108.69,7.5,531.93,19.44,47.12,sandy,dry,highland,0,onion
115.88,78.26,135.04,5.2,791.79,14.54,73.63,silty,transitional,highland,0,potato
23.0,72.0,84.0,6.92,79.93,19.02,17.13,sandy,transitional,highland,1,chickpea
106.0,14.0,45.0,6.42,57.27,24.47,84.16,loamy,dry,semi_arid,1,watermelon
27.76,55.56,51.54,6.1,529.09,20.38,57.82,loamy,transitional,highland,1,chickpea
125.08,79.09,128.06,5.8,646.92,13.97,72.93,silty,transitional,highland,0,potato
61.63,46.99,80.56,6.0,844.92,28.9,75.85,loamy,long_rains,sub_humid,0,cassava
68.87,58.29,115.44,6.3,590.68,25.42,68.08,loamy,long_rains,sub_humid,0,sweetpotato
139.2,70.09,105.05,6.1,564.3,16.97,67.51,clay,long_rains,highland,1,cabbage
39.0,29.0,29.0,6.14,199.88,26.51,94.48,loamy,long_rains,coastal,0,coconut
152.67,43.14,88.81,5.7,2018.29,15.2,80.6,loamy,long_rains,highland,0,tea
32.5,67.72,52.14,6.1,574.78,20.85,68.74,silty,short_rains,highland,0,beans
113.23,64.54,110.87,6.5,1633.05,17.85,74.76,loamy,long_rains,highland,0,coffee
2.0,123.0,198.0,6.25,70.4,39.65,82.21,sandy,dry,semi_arid,1,grapes
40.0,22.0,6.0,6.49,115.98,24.54,91.91,loamy,transitional,sub_humid,1,orange
117.38,53.68,44.07,6.3,1724.01,25.3,80.78,silty,long_rains,coastal,1,rice
103.34,56.81,47.74,6.6,719.96,23.56,65.41,loamy,long_rains,highland,0,maize
34.4,63.32,50.54,7.1,535.86,21.39,60.18,silty,long_rains,highland,0,beans
54.0,66.0,52.0,6.87,104.42,36.57,93.8,sandy,transitional,sub_humid,0,papaya
128.0,57.64,48.26,6.0,2074.35,27.77,87.32,silty,long_rains,sub_humid,0,rice
38.54,74.04,67.13,6.2,686.09,26.78,61.51,sandy,long_rains,coastal,0,groundnut
81.19,43.2,39.54,6.2,571.41,18.05,54.97,loamy,dry,highland,1,wheat
69.13,64.78,68.45,7.0,599.39,25.09,50.54,sandy,dry,semi_arid,0,sunflower
23.96,57.07,46.74,6.5,582.17,21.3,51.17,loamy,dry,semi_arid,0,chickpea
135.71,82.34,124.1,5.7,726.42,16.54,70.04,silty,long_rains,highland,0,potato
185.01,56.31,140.73,6.9,1480.88,26.61,73.2,clay,long_rains,coastal,0,sugarcane
122.19,54.84,44.56,7.0,1876.48,26.57,83.75,clay,long_rains,sub_humid,0,rice
10.0,56.0,16.0,6.83,36.36,28.17,81.05,sandy,transitional,sub_humid,0,mung_bean
102.41,78.66,138.15,6.6,570.12,23.97,66.14,silty,transitional,sub_humid,0,tomato
103.48,77.61,149.68,6.4,501.74,23.89,62.64,loamy,dry,sub_humid,1,tomato
94.0,39.0,18.0,5.89,102.83,23.89,57.49,loamy,short_rains,highland,1,maize
125.41,58.23,44.75,6.0,1797.98,26.91,84.07,silty,long_rains,sub_humid,0,rice
92.64,63.56,101.52,6.6,396.7,18.6,52.14,sandy,dry,highland,1,onion
107.48,58.68,64.01,6.8,826.15,28.23,54.34,clay,long_rains,sub_humid,0,cotton
93.62,62.0,108.62,6.2,392.75,20.97,53.77,loamy,dry,highland,1,onion
154.83,52.27,77.09,4.7,1917.45,16.26,76.29,loamy,long_rains,highland,0,tea
56.64,43.56,80.48,6.3,815.21,27.11,71.33,sandy,long_rains,coastal,0,cassava
6.0,72.0,15.0,7.67,54.49,22.99,66.71,clay,transitional,highland,1,lentils
1.0,17.0,6.0,6.82,117.53,10.79,91.38,loamy,long_rains,sub_humid,1,orange
20.0,27.0,41.0,5.7,110.58,20.51,92.52,sandy,dry,arid,1,pomegranate
121.79,56.98,45.06,6.2,1953.36,27.26,81.5,clay,long_rains,sub_humid,1,rice
100.14,58.62,43.01,6.8,739.71,22.27,65.86,loamy,short_rains,sub_humid,1,maize
158.77,42.12,79.48,4.6,2132.06,16.38,82.01,silty,long_rains,highland,0,tea
79.38,48.36,70.75,7.1,856.96,30.71,55.35,sandy,dry,semi_arid,0,mango
117.52,60.21,40.04,5.9,1997.47,24.68,87.6,clay,long_rains,sub_humid,0,rice
11.0,71.0,24.0,5.61,141.61,21.14,22.72,loamy,long_rains,highland,0,kidney_beans
193.97,59.5,147.66,6.6,1755.18,28.69,71.38,loamy,long_rains,sub_humid,1,sugarcane
17.0,77.0,24.0,5.57,109.02,20.77,18.93,loamy,long_rains,highland,0,kidney_beans
39.0,78.0,15.0,5.93,41.78,21.35,62.6,clay,dry,highland,1,lentils
51.29,35.73,34.01,6.3,366.47,32.23,45.22,sandy,short_rains,semi_arid,0,millet
27.71,56.05,45.4,5.6,579.56,18.88,55.19,sandy,dry,highland,0,chickpea
106.76,79.37,132.51,6.4,544.57,25.15,62.26,loamy,dry,highland,1,tomato
116.52,84.98,128.6,6.5,515.5,24.34,65.42,loamy,dry,sub_humid,0,tomato
60.1,33.57,37.7,6.7,305.01,33.06,43.32,sandy,short_rains,arid,0,millet
78.27,54.41,77.43,7.3,534.58,27.45,50.6,sandy,dry,semi_arid,1,sunflower
169.45,58.95,174.34,6.9,1394.25,28.32,84.6,clay,long_rains,sub_humid,0,banana
23.0,6.0,33.0,6.03,204.96,29.18,92.73,loamy,long_rains,coastal,0,coconut
59.0,63.0,18.0,6.53,66.69,31.66,60.13,loamy,transitional,sub_humid,1,blackgram
65.64,38.29,34.71,6.8,318.56,35.09,34.28,sandy,dry,semi_arid,0,millet
74.1,55.4,109.62,5.9,600.13,25.98,64.14,sandy,short_rains,sub_humid,0,sweetpotato
60.0,51.0,36.0,6.03,257.0,22.7,82.81,silty,long_rains,coastal,1,rice
46.17,43.45,74.03,6.4,922.6,25.56,74.29,loamy,long_rains,sub_humid,0,cassava
109.59,84.58,130.22,6.1,546.55,19.21,64.85,silty,transitional,sub_humid,1,tomato
93.75,68.84,110.34,6.9,472.82,20.74,50.9,sandy,dry,semi_arid,0,onion
21.71,54.77,47.98,5.9,538.39,18.9,50.36,loamy,transitional,highland,0,chickpea
61.72,41.41,86.74,6.4,983.26,25.85,73.45,loamy,long_rains,coastal,0,cassava
124.66,60.79,104.25,6.1,1536.73,17.55,74.07,loamy,long_rains,highland,0,coffee
55.82,34.84,34.44,5.6,293.46,32.52,46.16,sandy,dry,semi_arid,0,millet
100.87,54.28,50.25,6.6,738.79,22.77,66.48,silty,short_rains,sub_humid,0,maize
58.08,50.78,75.62,6.5,879.23,25.62,66.03,sandy,long_rains,coastal,0,cassava
32.87,67.76,69.82,6.3,683.74,26.94,61.25,loamy,long_rains,coastal,0,groundnut
123.8,70.07,130.72,5.1,681.56,16.74,71.04,loamy,long_rains,highland,1,potato
15.0,28.0,32.0,6.22,224.4,28.84,99.64,loamy,long_rains,coastal,0,coconut
75.62,54.92,103.26,5.6,610.36,25.85,65.31,sandy,short_rains,highland,1,sweetpotato
0.0,29.0,32.0,5.87,171.65,28.06,98.37,loamy,long_rains,coastal,0,coconut
77.4,38.76,37.17,5.9,454.26,31.25,42.27,loamy,short_rains,semi_arid,0,sorghum
80.36,38.72,64.16,6.7,782.41,31.33,61.44,loamy,dry,coastal,0,mango
168.6,51.33,180.32,6.1,1497.12,27.76,76.38,clay,long_rains,coastal,0,banana
104.48,52.85,47.51,6.8,660.75,21.82,68.85,loamy,long_rains,highland,0,maize
21.0,6.0,41.0,7.09,107.2,24.88,89.4,loamy,dry,semi_arid,0,pomegranate
37.82,63.99,66.17,6.2,712.37,27.22,60.3,sandy,long_rains,coastal,0,groundnut
4.0,20.0,25.0,5.66,99.98,28.93,47.94,loamy,transitional,semi_arid,0,mango
182.55,54.77,191.69,5.6,1405.26,27.06,79.36,loamy,long_rains,sub_humid,0,banana
66.88,60.52,98.71,6.1,583.61,25.72,67.28,loamy,long_rains,highland,0,sweetpotato
16.0,70.0,20.0,5.61,121.56,24.8,40.12,loamy,short_rains,sub_humid,0,pigeon_peas
22.0,23.0,44.0,6.14,107.34,20.13,89.32,loamy,transitional,semi_arid,1,pomegranate
21.0,134.0,202.0,6.43,65.3,10.72,80.02,loamy,dry,semi_arid,0,grapes
0.0,70.0,21.0,4.67,101.61,36.3,56.03,sandy,long_rains,sub_humid,0,pigeon_peas
88.0,35.0,35.0,6.78,117.94,27.56,58.46,silty,long_rains,highland,0,coffee
96.46,77.72,117.05,6.2,546.41,24.48,62.08,loamy,dry,highland,1,tomato
113.84,55.67,67.45,7.1,696.54,28.04,47.46,clay,long_rains,sub_humid,0,cotton
86.03,42.53,34.03,6.8,584.86,16.02,50.8,clay,dry,highland,0,wheat
22.0,123.0,205.0,5.9,68.74,32.45,83.89,sandy,dry,highland,1,grapes
31.53,51.91,54.26,6.9,573.57,19.08,62.2,loamy,long_rains,sub_humid,0,beans
118.8,88.12,129.28,6.3,709.64,14.29,74.43,loamy,transitional,highland,1,potato
132.0,52.0,19.0,6.44,61.95,24.16,76.74,clay,long_rains,coastal,0,cotton
74.33,47.24,38.8,6.8,567.47,17.45,56.5,loamy,dry,highland,1,wheat
127.9,81.11,134.6,5.8,555.01,14.55,72.53,silty,long_rains,highland,0,potato
190.18,62.69,144.1,5.7,1699.59,28.02,75.4,clay,long_rains,sub_humid,1,sugarcane
100.11,68.64,98.19,6.1,439.65,20.86,52.55,loamy,dry,highland,0,onion
111.3,78.9,131.22,6.7,580.27,22.11,64.02,loamy,transitional,sub_humid,1,tomato
110.0,39.0,18.0,7.77,63.88,24.55,75.4,clay,long_rains,sub_humid,0,cotton
103.68,74.31,122.28,6.1,559.22,25.0,62.41,silty,transitional,highland,1,tomato
59.37,39.46,37.46,6.0,290.36,33.0,39.62,sandy,short_rains,arid,1,millet
33.27,61.9,45.07,7.6,351.95,18.22,44.24,clay,transitional,highland,0,lentils
8.0,127.0,196.0,5.83,70.96,27.03,83.17,loamy,dry,highland,1,grapes
23.79,56.07,40.04,6.6,544.13,18.72,57.46,sandy,transitional,semi_arid,0,chickpea
62.83,37.39,34.42,6.3,285.62,31.9,41.1,sandy,short_rains,arid,0,millet
40.0,9.0,41.0,5.78,106.13,24.38,85.4,sandy,dry,arid,1,pomegranate
97.38,68.67,102.89,6.6,443.46,21.21,48.18,sandy,dry,semi_arid,0,onion
101.92,59.76,75.99,6.4,724.92,26.83,50.94,loamy,long_rains,coastal,0,cotton
106.69,61.68,50.52,6.6,650.56,24.16,66.35,loamy,long_rains,highland,0,maize
183.16,55.77,145.11,6.0,1624.73,28.34,71.1,clay,long_rains,sub_humid,0,sugarcane
129.61,67.1,107.32,5.6,1564.82,19.11,73.98,silty,long_rains,highland,0,coffee
102.02,55.01,48.81,6.2,664.71,23.51,64.73,silty,long_rains,highland,0,maize
81.0,18.0,50.0,6.43,58.8,26.81,88.23,loamy,short_rains,sub_humid,0,watermelon
1.0,12.0,30.0,5.56,131.09,27.75,95.95,loamy,long_rains,coastal,0,coconut
71.77,56.48,71.57,7.1,553.86,27.79,48.41,loamy,dry,sub_humid,1,sunflower
106.64,74.82,113.42,6.5,586.88,22.7,64.32,loamy,transitional,highland,1,tomato
120.94,72.6,90.94,6.6,596.83,17.71,70.55,loamy,short_rains,highland,0,cabbage
104.0,80.0,54.0,5.88,110.13,27.09,81.34,clay,long_rains,sub_humid,0,banana
105.0,80.66,125.84,6.9,570.94,22.53,63.14,silty,dry,highland,1,tomato
35.8,64.07,52.03,7.2,533.9,21.68,58.16,loamy,short_rains,highland,1,beans
63.72,34.78,34.88,5.5,328.38,33.64,37.66,sandy,dry,semi_arid,0,millet
73.0,35.0,38.0,5.01,185.95,24.89,81.98,silty,long_rains,sub_humid,1,rice
116.91,80.68,130.54,6.2,735.58,15.05,70.72,silty,transitional,highland,0,potato
173.85,64.97,193.66,6.7,1659.53,26.35,82.35,clay,long_rains,sub_humid,1,banana
104.0,17.0,46.0,6.19,43.09,25.71,80.23,sandy,dry,sub_humid,0,watermelon
76.11,46.63,41.81,6.5,433.28,28.28,49.7,sandy,short_rains,semi_arid,0,sorghum
14.0,59.0,22.0,6.77,46.91,23.83,67.9,loamy,transitional,highland,1,lentils
129.49,82.08,129.45,5.4,685.63,14.32,69.27,silty,long_rains,highland,1,potato
62.76,52.11,81.2,6.6,950.01,25.81,70.36,sandy,long_rains,coastal,0,cassava
142.97,47.76,77.94,5.3,1938.4,17.7,76.06,silty,long_rains,highland,0,tea
69.89,58.77,72.15,6.6,523.65,27.38,45.25,loamy,dry,sub_humid,1,sunflower
75.67,60.55,95.34,5.6,604.28,27.72,68.81,sandy,short_rains,sub_humid,0,sweetpotato
117.98,51.53,69.55,7.0,690.53,25.08,51.99,clay,long_rains,sub_humid,1,cotton
91.56,83.38,116.14,6.9,564.06,21.87,65.45,loamy,transitional,highland,1,tomato
128.32,80.74,111.49,7.3,628.03,16.55,66.8,loamy,short_rains,highland,0,cabbage
98.73,66.63,108.98,6.9,459.63,22.43,50.15,loamy,dry,highland,1,onion
66.84,43.1,39.32,7.0,426.1,28.92,50.74,loamy,short_rains,semi_arid,0,sorghum
75.11,57.13,66.75,7.3,540.72,27.02,45.78,sandy,dry,sub_humid,0,sunflower
5.0,74.0,21.0,5.59,66.97,16.24,21.36,silty,short_rains,highland,1,kidney_beans
121.0,47.0,16.0,7.72,72.5,23.61,79.3,clay,long_rains,coastal,1,cotton
98.94,70.81,100.94,7.2,369.64,19.39,51.79,sandy,dry,semi_arid,0,onion
59.48,42.34,77.71,6.7,899.5,28.98,71.03,loamy,long_rains,sub_humid,0,cassava
78.7,42.7,38.19,5.8,436.01,29.64,47.2,sandy,dry,semi_arid,0,sorghum
59.9,37.28,35.41,5.9,357.71,30.87,39.36,sandy,short_rains,semi_arid,0,millet
20.0,7.0,9.0,7.13,111.17,29.48,91.58,sandy,transitional,sub_humid,0,orange
14.0,18.0,30.0,5.19,95.75,29.81,52.14,sandy,transitional,semi_arid,0,mango
122.05,59.45,104.98,5.9,1603.34,19.28,76.9,loamy,long_rains,highland,0,coffee
38.37,66.35,61.64,6.2,723.26,28.08,56.0,loamy,long_rains,coastal,0,groundnut
30.26,54.75,47.54,5.9,550.55,20.18,52.51,sandy,transitional,highland,0,chickpea
124.81,82.15,97.8,6.4,598.53,16.67,69.35,clay,short_rains,highland,0,cabbage
106.0,46.0,20.0,6.2,81.15,23.44,78.63,clay,long_rains,sub_humid,0,cotton
33.14,63.37,50.5,7.4,601.66,19.54,62.83,loamy,short_rains,sub_humid,0,beans
39.55,67.77,60.15,6.2,710.86,26.54,60.08,sandy,long_rains,coastal,1,groundnut
81.85,45.16,43.58,6.9,573.95,17.15,50.81,clay,dry,highland,1,wheat
95.55,55.65,68.74,6.0,713.75,27.52,49.54,clay,long_rains,sub_humid,0,cotton
86.0,6.0,53.0,6.92,42.11,25.92,83.47,loamy,dry,semi_arid,0,watermelon
19.0,78.0,16.0,5.97,67.72,20.65,23.11,loamy,short_rains,sub_humid,0,kidney_beans
16.0,8.0,9.0,7.6,111.29,24.6,91.28,loamy,long_rains,highland,0,orange
28.77,64.37,61.58,6.3,743.55,28.97,56.28,loamy,long_rains,sub_humid,0,groundnut
102.27,51.12,53.33,6.2,719.17,23.25,64.56,loamy,long_rains,highland,0,maize
94.0,26.0,27.0,7.46,177.32,26.37,52.26,silty,long_rains,highland,0,coffee
125.31,76.09,127.0,5.3,784.48,13.46,71.76,silty,transitional,highland,0,potato
5.0,8.0,5.0,6.56,112.77,11.03,92.23,loamy,transitional,highland,1,orange
24.0,56.0,85.0,6.55,80.64,18.2,17.41,loamy,transitional,semi_arid,1,chickpea
140.39,47.29,89.13,4.6,2093.26,17.78,81.89,silty,long_rains,highland,0,tea
113.0,21.0,33.0,7.28,176.9,26.02,55.83,loamy,long_rains,highland,0,coffee
68.97,65.56,76.34,6.2,621.75,27.27,49.86,loamy,short_rains,semi_arid,0,sunflower
6.0,18.0,37.0,5.94,108.05,19.66,89.94,loamy,transitional,arid,1,pomegranate
134.0,70.32,104.59,6.8,543.25,15.56,67.31,clay,long_rains,highland,0,cabbage
86.0,26.0,27.0,6.08,192.43,27.13,52.89,silty,long_rains,highland,0,coffee
127.92,91.56,147.31,5.7,709.16,13.91,71.06,silty,long_rains,highland,1,potato
100.0,46.0,18.0,6.43,69.08,24.19,76.04,loamy,long_rains,sub_humid,1,cotton
16.0,14.0,30.0,6.37,209.85,29.71,96.3,sandy,long_rains,coastal,0,coconut
7.0,141.0,195.0,5.51,104.91,23.88,93.45,loamy,transitional,highland,0,apple
124.03,79.78,130.76,5.3,677.13,16.39,73.78,silty,transitional,highland,1,potato
70.12,55.46,70.27,7.2,563.56,26.71,46.13,sandy,dry,sub_humid,1,sunflower
36.28,64.17,63.68,6.3,763.0,27.39,63.12,loamy,long_rains,coastal,0,groundnut
28.98,57.82,49.31,6.6,412.49,18.6,48.66,clay,dry,semi_arid,0,lentils
119.3,85.07,128.67,5.7,704.92,16.1,71.99,loamy,transitional,highland,0,potato
110.12,65.27,99.01,6.4,457.67,21.35,58.92,loamy,dry,semi_arid,1,onion
59.0,62.0,83.0,8.1,72.95,18.58,19.22,loamy,dry,semi_arid,1,chickpea
40.0,63.0,18.0,6.74,63.02,30.42,67.66,loamy,transitional,coastal,0,blackgram
126.35,76.47,126.68,5.5,622.62,15.44,71.33,silty,long_rains,highland,0,potato
26.0,32.0,32.0,6.81,90.14,30.91,49.93,loamy,dry,semi_arid,0,mango
95.24,52.81,51.39,6.0,680.33,24.35,66.8,silty,long_rains,highland,0,maize
31.93,55.83,53.41,6.4,603.78,18.18,56.23,loamy,dry,highland,0,chickpea
95.55,60.06,99.69,6.3,433.95,22.62,48.55,sandy,dry,highland,1,onion
141.41,44.94,79.47,5.3,1888.05,18.18,76.53,silty,long_rains,highland,0,tea
170.29,64.18,193.16,6.1,1453.02,30.43,81.76,clay,long_rains,coastal,1,banana
2.0,79.0,15.0,7.51,35.75,21.54,65.47,loamy,dry,highland,1,lentils
36.38,64.99,65.82,6.6,615.44,27.81,56.6,sandy,long_rains,coastal,0,groundnut
92.78,86.06,124.95,6.1,526.39,23.36,62.58,loamy,transitional,sub_humid,0,tomato
176.29,60.06,180.63,5.9,1535.41,28.77,77.68,loamy,long_rains,sub_humid,0,banana
119.07,83.19,134.29,5.5,693.05,15.65,69.43,loamy,long_rains,highland,1,potato
35.51,64.65,57.45,6.2,535.45,22.2,62.24,loamy,long_rains,highland,0,beans
79.67,42.33,64.93,7.1,733.77,28.87,56.41,loamy,transitional,semi_arid,0,mango
61.0,41.0,17.0,6.02,76.68,25.14,65.26,silty,long_rains,sub_humid,1,maize
2.0,39.0,15.0,6.48,49.62,28.07,82.91,loamy,short_rains,sub_humid,1,mung_bean
74.0,35.0,40.0,6.98,242.86,26.49,80.16,clay,long_rains,coastal,0,rice
41.06,67.99,64.43,6.7,688.89,28.55,57.74,loamy,long_rains,coastal,0,groundnut
76.61,45.78,41.88,6.1,529.02,15.67,54.08,loamy,dry,highland,0,wheat
30.0,60.0,21.0,5.46,182.27,28.88,62.49,sandy,long_rains,sub_humid,1,pigeon_peas
69.0,37.0,42.0,7.07,251.05,23.06,83.37,silty,long_rains,coastal,0,rice
153.11,49.59,78.17,5.5,2022.02,16.97,78.98,silty,long_rains,highland,1,tea
18.0,23.0,44.0,6.18,105.65,23.71,89.62,sandy,transitional,arid,1,pomegranate
28.76,62.98,59.89,6.1,547.46,22.12,66.89,silty,long_rains,sub_humid,0,beans
81.59,40.33,37.78,6.0,568.2,17.4,49.62,clay,dry,highland,0,wheat
93.0,83.0,46.0,5.77,109.25,29.38,83.5,clay,long_rains,sub_humid,0,banana
121.29,54.07,47.08,6.9,1697.0,26.62,83.3,clay,long_rains,sub_humid,0,rice
36.0,76.0,75.0,8.74,70.52,18.38,16.64,loamy,dry,semi_arid,0,chickpea
62.77,47.72,87.94,5.7,1010.92,26.19,74.07,loamy,long_rains,sub_humid,0,cassava
22.0,28.0,26.0,4.95,92.85,27.67,45.42,sandy,dry,semi_arid,0,mango
67.95,43.56,39.11,5.8,466.55,28.35,45.15,loamy,dry,semi_arid,1,sorghum
25.16,53.81,42.91,7.0,370.17,19.59,47.39,clay,dry,semi_arid,1,lentils
53.55,38.22,31.67,5.5,350.98,31.15,36.87,sandy,short_rains,arid,0,millet
124.12,81.41,136.81,6.0,662.91,17.01,67.16,loamy,long_rains,highland,1,potato
174.02,58.27,187.92,7.0,1390.2,29.3,79.68,loamy,long_rains,sub_humid,0,banana
120.05,59.24,100.84,5.8,1547.05,19.07,74.29,silty,long_rains,highland,1,coffee
21.36,64.39,45.81,7.3,300.42,19.19,45.89,loamy,dry,highland,1,lentils
179.51,66.0,188.65,6.2,1597.95,28.86,81.59,loamy,long_rains,sub_humid,0,banana
26.0,27.0,10.0,6.08,114.13,28.07,92.91,sandy,long_rains,highland,0,orange
120.75,69.38,109.56,7.3,644.68,18.68,64.57,loamy,short_rains,highland,1,cabbage
99.28,49.6,53.29,6.6,599.23,22.67,65.28,loamy,long_rains,sub_humid,0,maize
111.17,63.79,46.62,5.9,1612.01,26.04,83.98,silty,long_rains,coastal,0,rice
59.34,41.65,82.55,6.1,1008.44,27.92,68.32,sandy,long_rains,sub_humid,0,cassava
101.0,10.0,47.0,6.94,57.57,25.54,83.32,loamy,dry,sub_humid,1,watermelon
115.24,52.77,65.07,6.7,666.32,28.51,57.3,clay,long_rains,sub_humid,0,cotton
111.77,65.95,101.84,6.5,1632.72,21.29,73.49,silty,long_rains,highland,1,coffee
54.84,38.8,37.56,6.9,327.7,33.17,43.05,sandy,short_rains,arid,0,millet
73.28,45.49,40.09,7.0,568.78,16.54,49.45,clay,dry,highland,1,wheat
134.0,56.0,18.0,6.69,70.97,23.81,83.92,clay,long_rains,sub_humid,1,cotton
177.48,66.01,185.53,6.1,1445.88,26.08,78.28,clay,long_rains,coastal,0,banana
59.0,62.0,49.0,6.94,114.78,43.36,93.35,loamy,long_rains,sub_humid,1,papaya
68.47,41.92,37.17,6.4,441.32,28.58,44.96,loamy,short_rains,semi_arid,0,sorghum
92.83,63.96,108.4,6.0,447.02,21.96,49.95,sandy,dry,semi_arid,1,onion
105.14,49.55,65.7,6.4,818.03,25.59,54.55,clay,long_rains,coastal,0,cotton
82.54,44.88,66.12,5.7,936.54,31.2,52.62,sandy,transitional,coastal,0,mango
24.69,51.82,49.32,6.4,485.99,20.07,47.27,sandy,transitional,semi_arid,0,chickpea
33.65,59.98,48.34,6.9,567.88,20.3,52.09,loamy,transitional,semi_arid,0,chickpea
130.46,85.32,133.17,5.4,707.82,16.72,66.75,loamy,transitional,highland,0,potato
99.0,6.0,46.0,6.4,28.99,28.61,94.22,loamy,transitional,semi_arid,1,muskmelon
103.22,58.87,48.57,6.5,672.44,22.96,63.8,silty,long_rains,highland,0,maize
73.96,42.68,76.18,5.7,957.19,32.1,49.0,sandy,dry,coastal,0,mango
14.0,29.0,32.0,6.94,97.52,35.64,48.97,loamy,transitional,semi_arid,0,mango
35.61,63.65,60.43,7.0,737.72,29.02,57.59,sandy,long_rains,coastal,1,groundnut
32.0,60.0,83.0,8.83,91.76,19.69,19.44,loamy,dry,highland,0,chickpea
99.0,54.0,37.0,5.59,198.67,21.14,80.34,clay,long_rains,sub_humid,1,rice
7.0,16.0,9.0,7.81,114.67,18.88,92.04,loamy,transitional,sub_humid,0,orange
129.91,59.85,43.6,6.7,1738.61,28.24,88.57,silty,long_rains,sub_humid,1,rice
30.89,57.57,47.27,5.7,620.88,17.35,54.54,sandy,transitional,semi_arid,0,chickpea
103.04,77.8,122.99,6.1,496.39,24.2,60.27,loamy,dry,sub_humid,1,tomato
79.0,51.0,16.0,6.59,96.46,25.34,68.5,loamy,long_rains,sub_humid,0,maize
114.73,59.09,48.45,5.7,1786.95,26.91,80.09,silty,long_rains,sub_humid,1,rice
40.0,143.0,201.0,6.48,66.7,24.97,82.73,loamy,dry,semi_arid,1,grapes
112.0,54.0,15.0,6.18,76.89,25.46,81.57,loamy,long_rains,sub_humid,0,cotton
100.44,83.49,133.0,6.1,539.62,21.13,61.11,loamy,dry,highland,1,tomato
29.66,60.38,45.2,7.7,384.24,18.84,43.99,loamy,dry,highland,1,lentils
95.0,37.0,35.0,6.35,192.43,27.31,68.42,loamy,long_rains,highland,0,coffee
33.1,63.1,50.57,6.8,477.89,19.52,62.69,loamy,long_rains,sub_humid,0,beans
182.14,65.02,155.82,6.8,1509.0,28.61,72.98,clay,long_rains,coastal,0,sugarcane
68.32,52.31,70.94,6.7,615.66,24.17,50.08,loamy,short_rains,sub_humid,0,sunflower
38.17,63.93,65.81,5.9,707.02,29.51,54.33,sandy,long_rains,sub_humid,1,groundnut
27.94,58.1,43.71,6.7,545.26,21.65,48.54,loamy,dry,semi_arid,0,chickpea
42.46,47.59,75.93,5.5,816.99,27.24,75.84,sandy,long_rains,coastal,0,cassava
181.97,64.72,164.69,6.7,1532.34,29.81,67.95,clay,long_rains,sub_humid,0,sugarcane
28.7,56.27,44.55,6.2,349.62,20.13,43.54,clay,dry,highland,0,lentils
131.34,63.59,100.88,5.9,1443.52,19.45,73.9,silty,long_rains,highland,0,coffee
5.0,15.0,38.0,5.71,108.08,18.26,88.17,loamy,transitional,arid,1,pomegranate
32.0,18.0,13.0,6.04,107.99,13.84,91.75,sandy,long_rains,highland,0,orange
23.77,57.13,49.1,6.7,555.01,19.2,51.82,loamy,dry,semi_arid,1,chickpea
119.85,62.38,40.88,7.0,1908.13,27.1,84.41,clay,long_rains,coastal,1,rice
70.98,47.06,67.05,6.0,858.31,27.07,54.55,sandy,transitional,semi_arid,0,mango
100.5,53.69,47.84,5.9,654.91,21.54,63.69,silty,short_rains,highland,0,maize
35.18,56.25,49.17,5.6,557.09,21.77,54.18,loamy,dry,highland,0,chickpea
25.0,76.0,24.0,5.57,135.33,15.33,24.92,silty,long_rains,highland,0,kidney_beans
142.54,48.06,91.13,5.5,2064.54,15.62,83.23,silty,long_rains,highland,0,tea
124.62,61.65,45.39,6.1,1758.94,27.28,84.13,clay,long_rains,coastal,1,rice
102.17,66.46,99.46,7.1,433.13,20.14,53.02,sandy,dry,semi_arid,0,onion
34.34,72.93,49.86,7.3,604.55,21.22,69.19,silty,short_rains,highland,0,beans
36.0,56.0,20.0,7.44,31.87,25.41,49.66,sandy,dry,semi_arid,0,moth_beans
118.96,52.71,43.86,6.8,1965.43,27.17,81.9,silty,long_rains,sub_humid,1,rice
75.0,38.0,39.0,6.22,283.93,23.45,84.79,clay,long_rains,coastal,1,rice
36.0,43.0,22.0,6.39,58.37,27.83,87.17,sandy,transitional,semi_arid,0,mung_bean
31.0,55.0,22.0,5.87,109.23,22.91,21.34,silty,short_rains,highland,0,kidney_beans
182.4,67.54,174.35,5.6,1445.66,27.37,77.62,clay,long_rains,sub_humid,0,banana
128.68,86.36,124.66,6.1,723.6,14.95,67.78,loamy,transitional,highland,0,potato
25.0,129.0,195.0,5.78,72.37,17.99,81.18,loamy,dry,semi_arid,1,grapes
100.7,83.89,136.21,6.8,629.49,22.23,67.83,silty,dry,highland,0,tomato
100.0,40.0,35.0,6.96,177.82,27.56,54.41,loamy,long_rains,highland,0,coffee
26.22,50.23,47.38,5.7,496.94,20.19,49.02,sandy,dry,semi_arid,1,chickpea
93.42,48.39,51.33,6.5,686.98,22.92,64.36,silty,long_rains,sub_humid,1,maize
110.73,77.96,138.74,6.4,526.0,21.32,62.82,silty,dry,highland,0,tomato
117.6,57.81,94.9,5.5,1696.84,19.74,72.53,loamy,long_rains,highland,0,coffee
183.43,63.12,141.35,5.8,1616.04,26.47,66.22,clay,long_rains,sub_humid,1,sugarcane
83.48,59.83,109.02,6.5,690.15,24.62,69.76,loamy,long_rains,highland,1,sweetpotato
31.04,63.39,49.43,6.9,540.26,18.93,62.48,silty,short_rains,highland,1,beans
149.62,43.23,79.75,4.8,1991.43,18.25,81.21,loamy,long_rains,highland,1,tea
126.25,59.46,100.64,6.2,1683.61,18.18,79.06,silty,long_rains,highland,0,coffee
54.71,41.09,82.63,7.0,887.98,26.75,67.18,loamy,long_rains,sub_humid,0,cassava
159.34,65.6,186.83,6.5,1365.57,26.16,78.12,clay,long_rains,sub_humid,0,banana
120.68,67.94,111.1,6.4,612.3,17.57,66.57,loamy,short_rains,highland,1,cabbage
25.02,53.84,47.69,6.5,613.56,19.3,51.77,sandy,transitional,semi_arid,0,chickpea
49.0,54.0,50.0,6.76,97.26,25.62,93.18,loamy,transitional,coastal,0,papaya
128.64,73.82,130.05,5.8,654.11,15.63,67.44,silty,long_rains,highland,1,potato
109.0,36.0,18.0,7.52,62.51,25.4,76.53,clay,long_rains,coastal,0,cotton
125.51,49.64,102.85,6.2,1498.96,19.14,75.57,silty,long_rains,highland,0,coffee
69.81,42.6,44.0,7.4,428.66,28.92,51.02,sandy,dry,arid,0,sorghum
64.2,38.35,35.38,6.8,375.49,31.88,43.03,sandy,short_rains,semi_arid,0,millet
28.0,48.0,15.0,9.25,40.9,25.16,55.25,sandy,dry,arid,1,moth_beans
93.44,52.25,51.53,5.9,717.3,22.81,63.36,loamy,short_rains,highland,0,maize
126.1,64.49,112.41,6.3,583.34,16.39,66.9,loamy,long_rains,highland,1,cabbage
70.53,55.39,105.04,5.7,580.01,26.08,65.08,sandy,short_rains,highland,0,sweetpotato
105.04,46.33,67.58,6.5,648.55,25.1,54.63,clay,long_rains,coastal,1,cotton
93.33,52.81,46.74,6.3,776.72,22.35,66.97,loamy,long_rains,sub_humid,1,maize
32.72,64.23,52.21,7.1,536.6,20.83,63.18,loamy,long_rains,highland,0,beans
103.61,67.87,108.05,7.5,408.86,20.91,56.96,sandy,dry,highland,1,onion
165.14,67.4,178.68,6.7,1315.4,26.76,78.52,clay,long_rains,coastal,0,banana
100.0,48.0,17.0,7.83,66.27,23.78,83.04,clay,long_rains,sub_humid,1,cotton
37.0,50.0,23.0,6.53,56.02,29.65,88.49,loamy,transitional,sub_humid,0,mung_bean
85.49,44.75,40.97,7.4,553.3,18.38,47.86,clay,dry,highland,1,wheat
31.0,48.0,17.0,6.59,53.8,28.88,86.94,sandy,short_rains,semi_arid,0,mung_bean
119.27,60.54,110.28,6.4,1501.4,19.72,72.81,silty,long_rains,highland,1,coffee
18.0,12.0,35.0,6.34,131.34,26.14,96.39,sandy,long_rains,coastal,1,coconut
123.9,49.95,44.38,5.9,1946.46,27.49,85.26,silty,long_rains,coastal,1,rice
54.0,62.0,80.0,7.49,79.46,17.49,16.39,loamy,transitional,highland,0,chickpea
57.0,57.0,51.0,6.99,105.88,39.02,91.49,sandy,transitional,sub_humid,1,papaya
27.84,55.51,50.21,5.9,621.37,21.48,53.29,loamy,transitional,semi_arid,1,chickpea
33.36,57.99,51.11,6.8,567.0,19.86,53.02,loamy,transitional,semi_arid,0,chickpea
33.0,77.0,15.0,7.8,40.75,23.9,66.32,clay,transitional,semi_arid,0,lentils
32.12,64.71,43.2,7.3,360.26,18.37,45.24,loamy,transitional,highland,1,lentils
25.0,68.0,19.0,7.11,67.48,29.4,64.26,loamy,transitional,sub_humid,0,blackgram
113.0,41.0,20.0,7.26,96.33,25.0,80.54,loamy,long_rains,coastal,0,cotton
69.66,54.9,73.18,6.7,549.08,25.91,46.31,sandy,dry,semi_arid,0,sunflower
95.6,83.65,135.49,6.6,526.88,24.41,67.05,silty,transitional,sub_humid,1,tomato
36.17,60.85,54.67,6.3,568.29,21.48,57.23,loamy,long_rains,sub_humid,0,beans
79.1,46.65,39.93,6.2,400.3,27.06,49.59,loamy,short_rains,arid,0,sorghum
33.42,58.89,50.28,7.4,601.48,19.65,63.12,silty,short_rains,sub_humid,1,beans
35.94,60.95,53.78,6.5,510.0,22.31,62.63,loamy,short_rains,sub_humid,0,beans
25.06,56.95,46.2,7.4,423.01,17.58,47.24,loamy,transitional,semi_arid,0,lentils
78.47,46.49,74.31,6.5,836.76,31.15,51.99,sandy,dry,semi_arid,0,mango
78.5,48.82,65.34,6.2,755.15,29.1,61.46,sandy,dry,semi_arid,1,mango
64.36,57.07,111.26,7.0,562.83,25.54,65.52,loamy,long_rains,highland,0,sweetpotato
113.81,50.97,44.47,5.9,1714.6,28.97,85.44,silty,long_rains,coastal,1,rice
102.47,54.52,48.53,5.9,713.1,25.35,68.39,silty,long_rains,highland,1,maize
26.93,53.63,47.16,6.2,526.26,19.98,54.22,sandy,transitional,highland,1,chickpea
189.14,64.9,132.92,7.1,1511.02,29.65,69.73,loamy,long_rains,sub_humid,0,sugarcane
86.0,55.0,21.0,6.8,109.75,21.54,59.64,loamy,short_rains,highland,1,maize
173.87,56.4,190.1,5.6,1509.52,29.49,82.48,loamy,long_rains,coastal,1,banana
70.66,42.19,38.68,7.0,458.26,28.58,43.81,sandy,dry,semi_arid,0,sorghum
122.27,53.46,45.38,5.5,1694.43,25.39,85.63,silty,long_rains,sub_humid,0,rice
32.97,59.8,45.7,6.8,368.33,18.4,46.93,loamy,transitional,semi_arid,0,lentils
183.9,55.73,193.51,6.6,1460.13,26.87,82.27,clay,long_rains,coastal,0,banana
201.66,54.96,137.04,6.1,1614.92,31.52,72.13,clay,long_rains,coastal,1,sugarcane
120.15,55.08,47.85,6.4,2138.92,27.17,81.33,silty,long_rains,coastal,1,rice
29.58,60.79,47.63,7.3,370.77,18.97,48.64,clay,dry,semi_arid,1,lentils
121.99,56.46,43.42,6.5,1851.95,26.39,86.08,clay,long_rains,sub_humid,1,rice
115.13,83.82,122.75,6.2,515.97,24.3,63.64,silty,transitional,highland,0,tomato
92.0,21.0,48.0,6.38,54.83,25.82,82.04,loamy,short_rains,semi_arid,0,watermelon
104.0,20.0,26.0,7.49,175.73,27.23,52.95,silty,long_rains,highland,0,coffee
71.53,54.68,111.97,6.5,590.53,24.46,66.87,sandy,long_rains,sub_humid,0,sweetpotato
57.27,45.71,74.91,6.0,1024.12,25.5,70.33,loamy,long_rains,coastal,0,cassava
91.0,7.0,52.0,6.41,56.4,25.08,83.46,loamy,short_rains,semi_arid,1,watermelon
88.0,29.0,51.0,6.1,48.46,24.72,88.95,sandy,dry,sub_humid,0,watermelon
66.06,43.62,36.37,6.5,419.96,26.53,42.01,sandy,short_rains,arid,0,sorghum
164.11,46.48,68.45,5.9,1905.47,17.43,82.81,loamy,long_rains,highland,0,tea
65.11,44.19,75.61,5.9,871.05,26.39,73.22,loamy,long_rains,sub_humid,1,cassava
189.46,57.48,157.11,6.6,1758.86,28.69,76.68,loamy,long_rains,sub_humid,1,sugarcane
26.94,66.81,47.18,7.0,403.31,19.29,42.78,clay,dry,semi_arid,1,lentils
33.25,62.58,43.25,6.9,426.68,18.85,47.12,loamy,dry,highland,1,lentils
8.0,133.0,195.0,6.46,71.3,20.47,80.98,loamy,dry,highland,1,grapes
94.61,57.53,51.85,6.6,671.62,23.31,69.96,silty,short_rains,sub_humid,0,maize
192.41,51.51,136.21,5.6,1635.6,29.2,76.64,loamy,long_rains,coastal,1,sugarcane
111.31,56.15,103.28,6.4,1603.35,20.99,75.19,loamy,long_rains,highland,0,coffee
131.19,83.64,141.76,6.2,711.93,13.54,66.44,loamy,transitional,highland,1,potato
29.0,17.0,29.0,5.96,211.25,29.2,95.67,sandy,long_rains,coastal,0,coconut
29.78,47.51,46.62,6.0,528.81,21.65,55.37,loamy,transitional,semi_arid,0,chickpea
116.41,51.66,69.62,7.2,740.29,29.77,51.2,loamy,long_rains,coastal,0,cotton
14.0,67.0,22.0,5.62,84.64,23.83,24.75,silty,short_rains,sub_humid,0,kidney_beans
28.0,58.0,81.0,6.18,93.35,17.48,16.54,loamy,transitional,highland,1,chickpea
89.0,85.0,55.0,6.28,91.73,26.67,76.49,clay,long_rains,coastal,0,banana
100.0,52.0,19.0,7.9,93.5,23.46,82.45,loamy,long_rains,coastal,0,cotton
83.74,50.37,40.82,6.4,544.41,17.81,55.4,loamy,dry,highland,0,wheat
169.64,54.26,177.31,6.7,1426.73,28.38,78.9,loamy,long_rains,sub_humid,0,banana
37.0,62.0,17.0,7.12,74.62,25.69,69.84,clay,short_rains,coastal,0,blackgram
150.63,45.82,77.48,5.7,2035.09,17.14,79.21,silty,long_rains,highland,0,tea
126.11,80.82,116.1,5.4,693.57,11.79,66.7,loamy,long_rains,highland,0,potato
14.0,37.0,15.0,6.58,48.94,27.96,83.98,loamy,transitional,sub_humid,0,mung_bean
52.0,68.0,78.0,6.9,86.05,17.49,16.96,sandy,dry,semi_arid,0,chickpea
2.0,129.0,201.0,5.68,122.14,22.78,94.37,loamy,dry,highland,1,apple
69.18,44.52,34.02,6.4,443.26,29.45,44.74,sandy,short_rains,semi_arid,0,sorghum
101.0,31.0,26.0,6.86,158.86,26.71,69.71,loamy,long_rains,highland,0,coffee
31.0,13.0,33.0,5.86,205.55,27.64,95.49,sandy,long_rains,coastal,0,coconut
23.48,56.41,48.84,6.2,539.68,18.76,49.28,sandy,transitional,highland,0,chickpea
158.85,38.72,81.8,4.9,2089.15,16.01,79.36,loamy,long_rains,highland,0,tea
37.0,61.18,63.43,6.4,686.31,30.34,55.74,sandy,long_rains,sub_humid,0,groundnut
126.91,80.07,127.59,5.7,683.38,14.0,70.29,loamy,long_rains,highland,0,potato
59.0,55.0,19.0,7.33,68.97,31.74,62.51,loamy,transitional,sub_humid,0,blackgram
78.19,47.31,40.15,6.8,519.21,16.54,52.85,clay,dry,highland,1,wheat
184.7,66.04,137.45,6.6,1712.05,30.31,75.97,clay,long_rains,coastal,1,sugarcane
85.0,35.0,32.0,6.85,133.11,26.25,54.29,silty,long_rains,highland,1,coffee
102.58,59.22,76.52,7.4,725.44,28.08,55.81,clay,long_rains,sub_humid,0,cotton
111.47,67.28,106.61,7.0,559.26,16.96,73.13,clay,short_rains,highland,0,cabbage
68.97,47.93,38.33,6.7,504.74,25.64,50.56,sandy,short_rains,arid,1,sorghum
104.12,57.91,73.21,6.3,822.37,28.5,49.82,clay,long_rains,sub_humid,0,cotton
86.09,48.78,38.89,7.4,596.82,17.74,51.69,loamy,dry,highland,1,wheat
70.47,49.38,115.95,6.9,564.11,23.91,74.19,loamy,short_rains,highland,0,sweetpotato
95.0,7.0,45.0,6.03,25.09,27.3,90.8,sandy,dry,sub_humid,1,muskmelon
102.18,65.13,95.87,7.5,442.65,22.27,49.06,loamy,dry,semi_arid,1,onion
37.0,23.0,12.0,6.4,113.12,31.53,90.51,sandy,transitional,sub_humid,1,orange
27.63,53.72,46.13,5.6,552.74,19.61,46.27,loamy,dry,highland,0,chickpea
91.0,21.0,26.0,7.26,191.65,26.33,57.36,loamy,long_rains,highland,0,coffee
34.82,61.62,46.18,6.2,649.12,19.87,60.5,silty,long_rains,highland,0,beans
27.96,56.41,43.6,6.8,424.39,19.53,42.41,clay,dry,highland,1,lentils
10.0,79.0,18.0,5.62,184.62,21.06,55.47,loamy,long_rains,semi_arid,0,pigeon_peas
29.0,68.0,23.0,5.83,116.73,24.16,19.28,loamy,long_rains,sub_humid,0,kidney_beans
55.54,42.21,84.97,5.6,969.99,27.7,71.75,loamy,long_rains,sub_humid,0,cassava
37.13,60.86,66.36,6.5,694.98,26.44,58.23,loamy,long_rains,sub_humid,0,groundnut
15.0,14.0,8.0,6.22,119.39,10.01,90.22,loamy,transitional,highland,0,orange
35.29,71.28,69.53,6.2,681.8,29.64,58.85,loamy,long_rains,coastal,0,groundnut
113.09,53.1,42.98,5.8,1514.15,26.93,84.8,silty,long_rains,sub_humid,0,rice
132.54,55.88,100.27,6.0,1563.35,20.35,72.4,silty,long_rains,highland,1,coffee
58.49,54.64,70.77,6.8,555.88,24.9,47.95,loamy,short_rains,semi_arid,0,sunflower
99.5,52.58,46.54,6.2,621.9,21.38,67.61,loamy,long_rains,highland,0,maize
30.3,63.85,51.2,7.3,516.43,21.55,66.93,loamy,long_rains,sub_humid,0,beans
95.18,80.48,131.32,6.2,530.47,24.2,63.89,loamy,transitional,sub_humid,1,tomato
76.57,54.03,61.78,7.1,534.28,24.77,43.31,sandy,dry,sub_humid,0,sunflower
24.92,64.57,45.91,6.8,367.11,18.03,47.9,clay,transitional,semi_arid,0,lentils
60.0,68.0,83.0,6.62,85.53,19.12,18.43,sandy,transitional,highland,0,chickpea
60.82,47.27,73.46,6.3,914.66,29.57,67.56,loamy,long_rains,coastal,0,cassava
26.51,59.23,43.15,7.1,348.3,18.62,46.22,loamy,dry,highland,0,lentils
126.59,77.1,125.92,6.0,625.72,15.9,65.33,silty,long_rains,highland,1,potato
10.0,9.0,28.0,6.28,150.05,29.01,94.01,sandy,long_rains,coastal,1,coconut
59.69,45.27,81.03,6.3,853.42,26.71,73.98,sandy,long_rains,coastal,0,cassava
180.6,67.9,181.49,6.8,1779.85,23.84,76.58,clay,long_rains,sub_humid,0,banana
101.98,79.95,127.24,6.7,580.46,25.17,62.77,silty,dry,highland,1,tomato
42.0,79.0,23.0,6.78,68.57,27.72,63.29,clay,short_rains,sub_humid,0,blackgram
122.74,86.06,132.05,6.1,705.85,17.77,70.12,loamy,transitional,highland,1,potato
68.0,58.0,38.0,6.34,221.21,23.22,83.03,silty,long_rains,coastal,1,rice
127.0,37.0,18.0,7.04,91.92,24.88,76.3,clay,long_rains,coastal,0,cotton
30.0,25.0,31.0,5.8,208.12,26.31,98.62,loamy,long_rains,coastal,0,coconut
65.9,47.39,85.29,5.7,884.71,27.62,70.09,sandy,long_rains,coastal,0,cassava
56.0,67.0,78.0,8.26,77.82,17.57,16.72,loamy,dry,semi_arid,1,chickpea
124.97,78.13,131.21,6.2,695.12,13.56,69.21,silty,transitional,highland,0,potato
112.59,55.39,43.44,5.8,1843.77,26.05,84.56,clay,long_rains,coastal,1,rice
61.24,45.41,76.0,6.4,985.64,27.86,70.77,loamy,long_rains,sub_humid,0,cassava
40.0,144.0,196.0,5.99,107.03,22.72,92.25,loamy,transitional,highland,0,apple
149.2,45.48,86.59,5.9,1764.45,16.82,83.68,loamy,long_rains,highland,0,tea
12.0,29.0,40.0,6.59,111.28,19.68,89.75,loamy,dry,semi_arid,0,pomegranate
163.0,43.74,84.98,5.0,1995.25,18.91,80.97,silty,long_rains,highland,0,tea
135.84,62.67,104.86,6.5,1539.5,19.81,74.53,loamy,long_rains,highland,0,coffee
31.9,64.11,55.17,6.8,582.69,20.17,60.64,silty,long_rains,sub_humid,1,beans
65.42,39.12,42.38,6.8,464.27,27.5,40.28,sandy,short_rains,semi_arid,1,sorghum
128.78,73.24,113.46,5.2,702.34,13.52,70.59,loamy,long_rains,highland,0,potato
83.57,45.41,70.73,6.6,805.78,29.0,53.88,sandy,dry,semi_arid,0,mango
62.39,56.17,68.27,6.7,611.02,25.19,51.35,sandy,short_rains,sub_humid,1,sunflower
68.28,39.74,40.76,7.3,419.2,31.93,47.84,loamy,dry,semi_arid,1,sorghum
102.39,63.21,102.01,6.0,447.03,22.28,52.67,sandy,dry,highland,1,onion
158.56,46.96,79.87,5.6,1966.33,17.25,80.63,loamy,long_rains,highland,0,tea
9.0,49.0,16.0,7.66,55.05,30.88,41.37,sandy,dry,semi_arid,0,moth_beans
59.76,42.07,74.94,6.4,868.45,27.47,75.01,sandy,long_rains,sub_humid,1,cassava
65.79,58.44,105.52,6.7,626.08,22.28,67.7,sandy,short_rains,highland,0,sweetpotato
56.04,35.7,35.86,6.7,297.66,28.89,44.31,sandy,short_rains,semi_arid,0,millet
70.4,39.93,74.91,6.4,971.35,28.98,64.13,loamy,dry,coastal,0,mango
34.0,34.0,35.0,6.42,95.26,27.27,47.17,sandy,transitional,semi_arid,1,mango
28.49,63.9,55.69,6.4,530.18,19.96,62.4,silty,long_rains,sub_humid,0,beans
75.31,41.95,41.5,7.4,364.22,28.77,47.36,sandy,dry,arid,0,sorghum
4.0,41.0,20.0,6.65,37.45,28.15,83.8,loamy,transitional,semi_arid,0,mung_bean
27.01,67.33,61.61,6.8,669.64,27.82,57.94,loamy,long_rains,coastal,0,groundnut
34.0,59.0,18.0,5.74,87.67,23.38,21.99,loamy,short_rains,highland,1,kidney_beans
184.3,57.18,149.03,7.0,1585.32,28.32,70.95,clay,long_rains,coastal,1,sugarcane
133.85,79.99,129.01,5.8,740.95,15.29,69.87,silty,long_rains,highland,0,potato
99.57,72.77,115.9,6.4,529.34,24.09,66.48,silty,transitional,highland,1,tomato
82.0,23.0,49.0,6.87,51.7,26.81,87.22,loamy,short_rains,semi_arid,0,watermelon
24.79,52.66,43.91,6.9,569.98,20.7,54.74,sandy,dry,semi_arid,0,chickpea
3.0,60.0,19.0,4.82,100.78,25.75,40.72,loamy,long_rains,sub_humid,0,pigeon_peas
115.68,79.73,135.05,5.3,776.07,14.72,74.53,silty,long_rains,highland,0,potato
94.97,62.83,118.31,7.4,507.61,19.32,50.54,sandy,dry,highland,0,onion
105.62,79.21,120.89,6.3,607.26,21.66,63.75,loamy,dry,highland,1,tomato
110.0,7.0,45.0,6.19,48.32,26.64,84.7,loamy,short_rains,sub_humid,1,watermelon
56.27,40.86,74.17,6.8,847.35,27.48,70.72,loamy,long_rains,coastal,0,cassava
61.44,34.52,31.83,5.7,342.39,34.04,38.87,sandy,dry,arid,0,millet
65.24,57.64,109.7,5.9,654.26,22.87,69.3,loamy,short_rains,sub_humid,0,sweetpotato
26.71,61.47,48.04,5.9,604.1,18.4,49.24,sandy,transitional,highland,0,chickpea
71.12,42.04,41.42,6.3,431.44,30.59,40.53,sandy,dry,arid,0,sorghum
39.0,127.0,202.0,6.48,71.6,15.32,81.67,sandy,dry,semi_arid,0,grapes
40.97,67.58,48.07,6.7,520.75,20.81,64.46,loamy,long_rains,sub_humid,0,beans
73.58,63.94,107.76,5.7,637.42,25.11,70.07,loamy,long_rains,sub_humid,0,sweetpotato
78.09,41.27,38.64,7.3,439.18,30.46,43.59,sandy,short_rains,arid,0,sorghum
32.0,120.0,204.0,6.14,67.39,10.38,83.45,sandy,dry,semi_arid,1,grapes
98.5,64.74,102.49,6.8,447.02,21.71,50.14,sandy,dry,highland,0,onion
80.79,39.93,60.2,7.4,866.96,32.22,57.22,sandy,dry,coastal,1,mango
51.77,35.78,35.19,6.4,358.51,33.6,39.02,sandy,dry,semi_arid,0,millet
73.17,40.92,78.87,6.0,855.21,27.1,70.55,loamy,long_rains,coastal,0,cassava
37.72,66.55,68.54,6.3,764.97,30.48,59.37,sandy,long_rains,coastal,0,groundnut
154.43,46.49,70.3,5.6,2018.13,17.89,80.44,silty,long_rains,highland,0,tea
73.03,39.66,39.97,7.2,430.23,30.3,40.94,sandy,short_rains,arid,1,sorghum
83.68,49.13,42.13,6.2,577.17,17.17,53.18,loamy,dry,highland,0,wheat
109.91,50.57,62.19,6.3,790.82,26.5,57.44,loamy,long_rains,sub_humid,0,cotton
7.0,21.0,35.0,5.76,131.25,25.76,94.66,sandy,long_rains,coastal,1,coconut
69.09,57.89,107.87,6.2,657.53,24.95,64.07,loamy,short_rains,sub_humid,0,sweetpotato
97.96,65.87,104.62,6.3,495.77,21.43,55.25,loamy,dry,semi_arid,0,onion
103.6,65.1,109.9,6.3,429.43,19.97,51.1,sandy,dry,semi_arid,0,onion
64.0,35.0,23.0,5.68,63.04,23.02,61.89,silty,short_rains,sub_humid,0,maize
67.91,37.04,39.99,7.4,482.64,27.04,44.3,loamy,short_rains,arid,1,sorghum
127.05,61.74,41.49,6.9,1903.37,26.0,82.41,clay,long_rains,coastal,0,rice
8.0,23.0,44.0,7.13,108.48,18.47,89.69,loamy,dry,semi_arid,1,pomegranate
4.0,61.0,21.0,6.75,48.78,24.84,60.09,clay,transitional,semi_arid,0,lentils
28.0,55.6,48.75,5.9,631.3,21.13,56.81,loamy,dry,highland,1,chickpea
2.0,120.0,203.0,5.89,108.62,23.13,94.71,silty,transitional,highland,0,apple
32.0,141.0,204.0,5.54,67.24,8.83,82.9,loamy,dry,semi_arid,1,grapes
29.0,54.0,16.0,8.15,32.05,27.78,54.65,sandy,dry,arid,0,moth_beans
30.14,55.46,47.08,5.9,522.31,19.13,50.76,sandy,transitional,highland,0,chickpea
102.0,53.0,21.0,6.91,91.5,23.04,76.11,clay,long_rains,sub_humid,1,cotton
29.06,59.56,45.2,6.5,353.97,19.15,42.04,clay,transitional,highland,0,lentils
116.0,52.0,19.0,6.11,67.08,22.94,75.37,loamy,long_rains,sub_humid,0,cotton
99.0,6.0,45.0,6.0,40.71,26.13,86.55,sandy,short_rains,semi_arid,0,watermelon
39.0,70.0,15.0,6.37,47.93,20.77,63.9,clay,transitional,semi_arid,1,lentils
35.45,65.29,56.47,6.7,553.98,19.36,58.25,loamy,short_rains,sub_humid,1,beans
37.0,77.0,17.0,5.62,191.07,36.21,31.95,loamy,short_rains,semi_arid,0,pigeon_peas
116.07,60.66,44.78,6.0,1500.26,27.15,86.37,silty,long_rains,coastal,1,rice
29.08,66.63,52.59,7.0,525.3,22.93,61.73,silty,long_rains,sub_humid,1,beans
93.25,50.85,51.5,6.9,700.65,25.0,71.18,loamy,long_rains,sub_humid,0,maize
71.09,58.51,98.76,5.8,539.71,24.52,66.61,loamy,short_rains,highland,1,sweetpotato
180.63,61.58,192.76,6.2,1607.72,26.1,78.18,loamy,long_rains,coastal,0,banana
195.74,59.93,148.38,7.1,1510.48,30.04,69.23,clay,long_rains,sub_humid,1,sugarcane
80.17,44.32,57.48,7.4,946.75,32.16,57.02,loamy,dry,semi_arid,0,mango
131.21,79.88,117.62,6.5,725.69,15.2,70.65,silty,transitional,highland,1,potato
101.65,68.38,114.83,7.4,507.0,21.83,56.32,loamy,dry,semi_arid,0,onion
95.89,58.85,52.76,6.7,691.08,20.96,67.52,silty,long_rains,sub_humid,0,maize
161.05,46.83,80.18,4.6,2360.2,16.24,81.18,loamy,long_rains,highland,0,tea
55.0,66.0,22.0,7.75,66.64,30.91,68.79,clay,short_rains,coastal,1,blackgram
30.6,56.28,46.61,7.9,387.22,20.06,46.99,loamy,transitional,highland,1,lentils
30.81,59.26,49.52,5.8,591.95,22.81,49.82,loamy,dry,highland,0,chickpea
52.41,43.16,32.58,6.4,328.34,31.29,34.82,sandy,short_rains,semi_arid,0,millet
68.88,59.52,117.42,6.0,625.17,27.31,69.33,sandy,long_rains,sub_humid,0,sweetpotato
16.0,18.0,26.0,5.57,145.54,28.44,91.81,loamy,long_rains,coastal,0,coconut
55.55,48.23,78.88,6.5,836.52,27.96,74.43,loamy,long_rains,coastal,0,cassava
28.67,67.24,50.14,7.4,531.59,20.2,62.52,loamy,long_rains,highland,0,beans
11.0,6.0,25.0,6.08,178.96,28.69,96.65,loamy,long_rains,coastal,1,coconut
24.0,33.0,35.0,5.34,100.76,29.26,54.82,sandy,dry,semi_arid,1,mango
83.0,29.0,52.0,6.7,46.05,25.76,87.59,sandy,dry,sub_humid,0,watermelon
70.34,45.3,42.06,5.6,482.89,30.49,49.0,loamy,dry,arid,0,sorghum
40.0,49.0,17.0,6.69,53.57,31.02,45.89,sandy,short_rains,arid,0,moth_beans
32.0,25.0,9.0,7.8,101.15,10.36,93.76,loamy,transitional,highland,0,orange
33.0,61.0,24.0,4.57,122.46,20.05,48.94,sandy,short_rains,sub_humid,1,pigeon_peas
24.02,57.05,47.04,6.1,389.61,19.12,46.81,clay,transitional,highland,1,lentils
10.0,24.0,27.0,5.71,145.93,27.57,94.9,sandy,long_rains,coastal,1,coconut
110.0,21.0,54.0,6.75,47.46,26.74,87.82,loamy,short_rains,semi_arid,0,watermelon
152.43,44.97,80.21,4.7,2056.15,15.44,79.55,loamy,long_rains,highland,0,tea
28.79,63.53,52.65,7.4,495.71,22.03,62.21,loamy,short_rains,highland,0,beans
124.79,48.38,46.08,6.3,2019.04,28.34,87.22,clay,long_rains,coastal,1,rice
101.23,60.61,50.54,7.0,613.81,24.3,59.0,loamy,long_rains,sub_humid,1,maize
32.21,60.1,41.98,6.4,586.78,18.94,56.61,loamy,transitional,semi_arid,0,chickpea
119.14,56.44,41.47,5.9,1842.54,29.59,81.26,silty,long_rains,sub_humid,1,rice
26.0,121.0,201.0,6.16,112.31,22.19,90.03,loamy,dry,highland,1,apple
3.0,136.0,205.0,6.33,71.41,17.59,80.85,sandy,dry,semi_arid,0,grapes
107.67,51.61,47.95,6.7,708.64,22.96,65.05,silty,long_rains,sub_humid,1,maize
95.88,80.95,129.76,6.3,566.52,24.73,64.8,silty,transitional,sub_humid,1,tomato
122.5,48.54,46.79,6.5,1840.11,27.47,83.79,clay,long_rains,sub_humid,1,rice
29.0,34.0,26.0,6.27,89.29,33.88,54.39,loamy,dry,coastal,1,mango
190.18,65.07,147.57,7.2,1701.17,24.49,73.31,loamy,long_rains,sub_humid,1,sugarcane
71.02,59.31,112.32,6.0,565.07,26.36,69.01,sandy,short_rains,sub_humid,0,sweetpotato
21.0,135.0,198.0,5.77,105.02,23.86,94.92,loamy,transitional,highland,1,apple
121.93,78.23,128.67,5.6,727.69,15.91,72.37,loamy,transitional,highland,0,potato
106.92,58.26,72.6,6.4,877.29,26.3,48.51,clay,long_rains,sub_humid,0,cotton
170.09,66.37,171.53,5.5,1596.82,25.52,78.88,loamy,long_rains,coastal,0,banana
13.0,7.0,43.0,7.01,109.66,18.2,91.12,loamy,transitional,semi_arid,1,pomegranate
119.82,81.46,126.17,6.0,647.49,15.03,67.42,loamy,transitional,highland,0,potato
29.98,59.38,56.07,6.4,593.87,22.16,62.62,loamy,long_rains,highland,0,beans
41.0,78.0,21.0,6.58,70.89,25.2,60.37,clay,short_rains,coastal,0,blackgram
24.24,63.58,42.96,7.4,390.68,17.95,50.6,loamy,dry,highland,0,lentils
26.0,18.0,30.0,6.34,96.6,32.06,51.08,sandy,dry,coastal,0,mango
184.56,71.04,149.38,6.9,1557.94,29.59,71.5,clay,long_rains,sub_humid,0,sugarcane
39.81,65.1,56.58,6.9,583.26,22.22,62.42,silty,short_rains,highland,0,beans
171.28,54.5,185.93,5.6,1533.82,27.35,81.97,clay,long_rains,sub_humid,1,banana
55.39,38.48,32.01,6.3,301.32,30.64,42.11,sandy,dry,semi_arid,0,millet
76.57,53.45,109.14,6.2,581.02,24.23,67.12,loamy,long_rains,highland,1,sweetpotato
82.48,46.06,35.76,7.1,563.72,12.29,49.76,clay,dry,highland,0,wheat
91.0,75.0,55.0,6.21,109.28,27.49,76.11,clay,long_rains,coastal,1,banana
186.95,62.59,138.45,7.3,1577.97,28.86,71.96,clay,long_rains,coastal,1,sugarcane
8.0,38.0,32.0,4.98,91.41,29.75,46.74,loamy,dry,semi_arid,0,mango
57.65,46.9,77.31,6.7,906.25,27.32,73.34,loamy,long_rains,sub_humid,0,cassava
89.25,61.67,116.81,6.7,435.23,19.76,54.13,loamy,dry,highland,0,onion
70.78,55.91,70.91,6.6,645.68,24.72,50.91,loamy,short_rains,sub_humid,0,sunflower
63.41,61.18,99.86,7.0,639.5,26.07,66.44,sandy,long_rains,highland,0,sweetpotato
110.16,51.76,40.36,6.6,2062.83,26.68,86.87,silty,long_rains,sub_humid,1,rice
56.33,34.79,34.69,6.7,297.17,28.14,37.38,sandy,dry,semi_arid,0,millet
34.07,70.57,53.21,6.0,533.11,21.02,66.45,loamy,long_rains,sub_humid,0,beans
89.0,60.0,17.0,5.98,101.7,25.38,57.21,loamy,long_rains,sub_humid,1,maize
65.25,42.93,36.1,6.1,439.79,27.21,47.61,sandy,dry,semi_arid,1,sorghum
100.94,55.49,51.26,6.5,720.04,23.47,70.68,silty,long_rains,highland,0,maize
98.09,56.83,50.16,6.6,710.5,23.84,67.6,loamy,short_rains,sub_humid,0,maize
73.52,49.85,35.99,6.7,564.84,17.44,47.22,loamy,dry,highland,1,wheat
50.0,58.0,23.0,7.6,69.76,27.81,62.5,clay,short_rains,sub_humid,0,blackgram
31.0,6.0,26.0,5.74,157.24,29.13,91.31,loamy,long_rains,coastal,0,coconut
100.14,67.4,109.52,7.1,445.1,20.74,49.83,sandy,dry,semi_arid,1,onion
177.45,64.78,117.94,6.2,1678.54,26.3,77.9,clay,long_rains,coastal,0,sugarcane
123.94,60.45,97.47,5.6,1546.92,19.62,75.44,silty,long_rains,highland,0,coffee
27.0,65.0,18.0,5.6,73.36,20.11,23.22,silty,long_rains,sub_humid,0,kidney_beans
90.47,60.35,110.78,6.6,475.29,20.48,46.35,sandy,dry,highland,1,onion
125.49,61.29,99.16,6.4,1526.0,20.38,74.86,silty,long_rains,highland,1,coffee
27.62,63.74,64.71,6.6,770.52,29.89,55.76,loamy,long_rains,sub_humid,0,groundnut
84.0,25.0,52.0,6.13,44.21,24.37,81.25,loamy,short_rains,sub_humid,1,watermelon
121.36,65.27,105.55,6.7,590.32,18.89,66.55,loamy,short_rains,highland,0,cabbage
69.84,48.11,44.09,6.1,464.61,32.03,43.9,loamy,dry,arid,0,sorghum
4.0,59.0,22.0,8.91,42.44,29.34,49.0,sandy,short_rains,arid,1,moth_beans
90.03,50.94,51.26,6.0,755.67,24.34,76.28,loamy,short_rains,sub_humid,0,maize
32.75,56.84,42.52,7.1,400.12,17.12,43.96,loamy,dry,semi_arid,0,lentils
29.59,59.61,46.1,7.7,406.37,17.95,48.59,clay,dry,highland,0,lentils
191.49,61.67,130.75,6.1,1612.06,28.2,73.26,clay,long_rains,sub_humid,0,sugarcane
60.03,50.17,67.41,7.2,533.52,26.27,45.97,loamy,dry,sub_humid,0,sunflower
180.64,58.88,138.35,7.4,1683.86,29.09,75.9,clay,long_rains,sub_humid,1,sugarcane
70.59,42.42,39.31,7.2,431.59,27.52,39.92,sandy,dry,semi_arid,0,sorghum
81.27,41.27,42.25,7.0,589.1,17.18,57.27,clay,dry,highland,1,wheat
132.52,86.69,135.56,5.7,667.37,16.75,67.57,silty,transitional,highland,1,potato
60.35,41.59,81.99,6.0,955.54,25.95,74.03,loamy,long_rains,coastal,0,cassava
65.16,42.78,68.49,6.5,608.78,26.69,49.53,sandy,dry,semi_arid,0,sunflower
195.97,51.27,146.3,7.3,1541.44,29.65,73.41,clay,long_rains,coastal,0,sugarcane
29.77,65.52,45.88,7.9,427.41,19.11,46.09,loamy,transitional,highland,0,lentils
103.66,70.55,99.59,6.0,416.83,21.56,50.41,loamy,dry,semi_arid,0,onion
72.88,44.45,41.91,7.3,561.94,15.34,51.77,clay,dry,highland,0,wheat
128.68,64.22,111.97,7.4,568.83,14.83,67.71,loamy,short_rains,highland,0,cabbage
5.0,136.0,195.0,6.26,107.77,22.36,91.92,loamy,dry,highland,1,apple
97.08,52.2,47.38,5.8,726.38,23.52,60.19,loamy,long_rains,highland,0,maize
30.0,17.0,31.0,6.8,94.63,31.2,54.5,loamy,dry,coastal,0,mango
129.07,72.8,136.39,6.2,692.02,14.84,67.34,silty,long_rains,highland,1,potato
184.59,62.5,120.17,6.9,1596.62,29.59,67.79,clay,long_rains,sub_humid,0,sugarcane
91.39,53.6,50.69,6.1,640.74,25.01,63.19,silty,long_rains,highland,1,maize
74.41,47.98,40.8,6.3,550.42,16.64,50.94,loamy,dry,highland,0,wheat
75.33,58.55,114.04,6.7,573.95,23.35,67.03,loamy,long_rains,sub_humid,0,sweetpotato
5.0,45.0,21.0,6.49,43.05,28.36,88.01,sandy,transitional,sub_humid,0,mung_bean
27.1,57.08,45.89,6.2,360.4,16.8,45.2,loamy,dry,semi_arid,0,lentils
27.64,56.6,47.35,6.3,333.82,18.84,51.36,clay,dry,semi_arid,1,lentils
32.0,66.0,17.0,7.16,70.14,34.95,65.27,loamy,short_rains,sub_humid,0,blackgram
31.0,72.0,17.0,5.83,96.36,28.69,49.47,sandy,long_rains,semi_arid,0,pigeon_peas
77.79,41.71,38.35,6.8,425.12,28.04,43.23,loamy,short_rains,semi_arid,0,sorghum
36.0,140.0,198.0,6.28,104.43,23.34,91.48,loamy,dry,highland,0,apple
27.24,56.67,51.11,5.7,464.79,21.56,52.59,sandy,dry,highland,1,chickpea
18.0,66.0,22.0,6.35,47.9,25.88,67.55,clay,dry,highland,0,lentils
188.37,62.35,183.14,6.1,1399.92,26.85,80.13,loamy,long_rains,sub_humid,0,banana
128.37,54.79,42.33,6.9,1816.53,25.91,88.84,silty,long_rains,sub_humid,0,rice
19.0,53.0,22.0,6.85,42.83,27.86,80.45,sandy,short_rains,sub_humid,0,mung_bean
66.0,54.0,21.0,5.92,72.12,25.19,60.2,loamy,short_rains,highland,0,maize
3.0,68.0,16.0,4.96,107.47,18.32,34.7,sandy,short_rains,semi_arid,0,pigeon_peas
178.36,60.41,137.17,6.0,1448.28,30.09,73.03,loamy,long_rains,coastal,1,sugarcane
30.0,7.0,15.0,7.83,115.77,33.23,91.06,loamy,transitional,highland,1,orange
87.1,42.43,65.7,5.6,798.57,29.1,53.73,loamy,transitional,coastal,0,mango
84.86,46.82,76.44,6.7,775.22,27.36,56.58,sandy,dry,semi_arid,0,mango
149.15,48.86,78.64,4.6,2108.84,17.16,79.84,silty,long_rains,highland,0,tea
112.53,68.26,101.78,7.4,462.77,22.09,53.83,loamy,dry,semi_arid,0,onion
103.0,33.0,33.0,7.13,126.81,26.72,50.5,loamy,long_rains,highland,0,coffee
33.0,75.0,21.0,6.69,62.3,33.05,68.94,clay,short_rains,sub_humid,0,blackgram
109.68,83.3,126.24,6.2,582.35,21.41,62.54,silty,transitional,sub_humid,1,tomato
26.28,63.73,50.75,7.2,536.69,20.51,68.17,loamy,short_rains,sub_humid,0,beans
189.47,72.73,139.69,7.4,1613.11,30.66,78.06,loamy,long_rains,coastal,0,sugarcane
91.89,55.16,46.29,6.4,684.12,22.1,68.58,loamy,short_rains,highland,1,maize
127.73,78.62,134.69,5.6,717.23,15.25,68.62,silty,transitional,highland,1,potato
54.04,36.45,35.91,6.8,307.39,32.12,39.45,sandy,short_rains,semi_arid,0,millet
107.72,78.38,105.14,6.7,594.92,23.87,68.9,loamy,dry,sub_humid,1,tomato
103.0,72.0,51.0,6.1,104.48,26.13,81.81,loamy,long_rains,sub_humid,1,banana
101.29,60.9,54.44,6.0,760.21,23.45,67.64,loamy,long_rains,highland,0,maize
80.78,48.43,43.35,6.4,566.97,16.7,55.3,loamy,dry,highland,1,wheat
70.41,56.6,100.13,6.4,683.84,25.03,63.26,sandy,short_rains,sub_humid,1,sweetpotato
57.13,38.5,35.05,6.7,349.67,31.06,42.61,sandy,dry,semi_arid,0,millet
63.56,57.73,97.06,5.6,551.83,24.93,67.35,loamy,short_rains,sub_humid,0,sweetpotato
34.0,63.33,51.92,6.5,537.32,20.71,60.61,silty,short_rains,highland,0,beans
56.27,36.89,81.22,6.7,854.8,27.08,72.1,loamy,long_rains,coastal,0,cassava
67.88,62.37,65.28,6.8,549.66,25.84,45.73,loamy,short_rains,semi_arid,1,sunflower
70.02,44.55,37.68,6.4,408.14,27.89,44.55,sandy,short_rains,semi_arid,1,sorghum
29.0,145.0,205.0,6.21,109.34,22.81,92.13,loamy,transitional,highland,1,apple
110.29,84.22,127.35,6.7,574.47,22.6,59.87,silty,dry,highland,1,tomato
135.96,42.62,89.6,5.2,1930.98,16.98,81.21,silty,long_rains,highland,0,tea
33.0,63.56,51.55,6.6,508.64,21.48,63.33,silty,long_rains,sub_humid,0,beans
20.0,23.0,11.0,6.41,109.95,31.85,90.12,sandy,long_rains,sub_humid,1,orange
6.0,64.0,23.0,7.07,36.19,23.34,67.4,loamy,transitional,highland,0,lentils
110.42,58.39,53.56,6.9,786.77,21.83,65.59,silty,short_rains,sub_humid,1,maize
38.98,64.09,63.3,6.8,656.3,27.84,55.07,loamy,long_rains,sub_humid,0,groundnut
26.0,56.0,22.0,7.01,52.6,23.05,60.42,loamy,dry,semi_arid,0,lentils
78.42,46.02,39.22,6.0,553.03,18.57,54.28,clay,dry,highland,0,wheat
126.73,50.3,46.65,5.6,1811.41,24.93,83.22,clay,long_rains,coastal,1,rice
33.0,59.0,22.0,5.95,122.39,22.64,21.59,loamy,long_rains,sub_humid,0,kidney_beans
122.74,77.03,125.22,6.1,692.41,12.41,71.12,silty,transitional,highland,0,potato
94.62,55.84,70.12,6.8,863.61,29.56,51.9,clay,long_rains,sub_humid,0,cotton
153.46,43.67,83.41,4.7,2167.23,13.79,80.54,loamy,long_rains,highland,0,tea
102.0,28.0,54.0,6.86,55.5,25.16,80.28,loamy,dry,semi_arid,0,watermelon
83.0,79.0,55.0,5.57,98.67,25.15,83.35,clay,long_rains,sub_humid,0,banana
60.17,45.95,79.21,6.0,845.99,26.3,76.21,sandy,long_rains,sub_humid,0,cassava
33.0,12.0,15.0,6.05,116.72,30.26,92.03,loamy,long_rains,highland,1,orange
62.62,46.04,74.12,6.8,933.26,27.43,73.26,sandy,long_rains,sub_humid,0,cassava
51.84,52.6,82.49,5.6,755.62,26.16,74.15,loamy,long_rains,coastal,0,cassava
132.16,81.11,122.37,6.4,691.32,15.85,67.37,silty,long_rains,highland,0,potato
73.44,38.07,38.39,7.0,384.74,30.12,42.67,sandy,dry,arid,0,sorghum
124.23,91.71,128.16,6.4,714.39,13.63,72.32,loamy,transitional,highland,1,potato
84.66,46.66,38.7,6.9,580.27,17.7,49.15,clay,dry,highland,0,wheat
114.0,20.0,26.0,7.28,193.59,25.56,62.67,loamy,long_rains,highland,0,coffee
129.73,59.56,103.24,7.0,572.08,16.4,65.23,clay,long_rains,highland,1,cabbage
105.28,62.06,106.26,7.1,506.33,22.14,48.92,loamy,dry,semi_arid,1,onion
98.84,49.49,48.65,6.4,684.16,23.25,71.58,silty,short_rains,sub_humid,0,maize
0.0,12.0,7.0,6.97,116.81,20.18,90.65,loamy,long_rains,sub_humid,0,orange
98.46,59.06,47.07,6.2,675.71,23.02,64.52,silty,long_rains,sub_humid,0,maize
60.21,40.54,34.56,6.1,336.71,32.48,39.16,sandy,dry,arid,0,millet
79.5,41.19,40.26,6.6,522.25,14.96,49.18,loamy,dry,highland,1,wheat
144.09,39.76,85.13,5.5,2027.06,17.08,80.74,silty,long_rains,highland,0,tea
104.72,82.33,138.36,6.9,549.89,21.51,63.68,silty,transitional,sub_humid,1,tomato
116.41,61.02,45.78,5.7,2225.15,27.86,86.03,silty,long_rains,sub_humid,0,rice
96.5,56.29,50.91,6.3,704.84,23.96,66.22,loamy,long_rains,sub_humid,1,maize
34.72,59.59,54.26,6.5,577.56,22.15,61.27,silty,short_rains,highland,1,beans
112.94,67.07,100.74,6.1,387.64,20.58,52.58,loamy,dry,highland,1,onion
78.36,46.67,44.93,7.1,627.02,18.22,52.84,loamy,dry,highland,1,wheat
62.72,42.64,40.78,7.0,495.45,30.56,44.39,sandy,short_rains,arid,1,sorghum
82.41,45.87,68.78,7.4,965.35,27.19,56.57,sandy,dry,coastal,0,mango
98.75,49.3,54.0,6.8,757.72,24.26,68.64,loamy,short_rains,highland,0,maize
37.26,59.19,55.08,6.7,542.5,21.69,58.27,silty,short_rains,sub_humid,0,beans
119.16,58.83,105.54,6.1,1534.66,19.79,73.14,silty,long_rains,highland,0,coffee
171.59,56.42,206.3,6.8,1571.68,27.28,78.08,loamy,long_rains,coastal,0,banana
53.56,45.74,73.79,5.7,950.17,27.03,74.26,sandy,long_rains,sub_humid,0,cassava
58.21,44.96,77.84,6.1,792.38,26.7,76.05,loamy,long_rains,coastal,0,cassava
56.3,44.03,73.96,6.4,892.83,26.91,74.16,loamy,long_rains,sub_humid,0,cassava
13.0,22.0,5.0,7.76,100.17,19.67,90.5,sandy,long_rains,sub_humid,1,orange
33.96,65.98,71.57,6.0,725.52,28.3,55.86,loamy,long_rains,coastal,0,groundnut
30.26,67.03,50.27,7.4,509.61,17.48,63.25,loamy,long_rains,highland,0,beans
128.38,79.1,122.18,5.4,732.92,14.52,71.04,loamy,transitional,highland,1,potato
20.0,45.0,16.0,4.63,45.44,29.94,54.62,sandy,dry,semi_arid,0,moth_beans
115.0,12.0,52.0,6.69,21.02,27.51,94.96,loamy,transitional,sub_humid,0,muskmelon
108.03,81.61,135.59,6.8,498.37,21.67,64.62,silty,transitional,sub_humid,1,tomato
91.21,51.52,73.57,6.9,743.38,27.13,51.01,loamy,long_rains,sub_humid,0,cotton
35.37,65.16,61.48,6.7,769.26,30.25,57.5,sandy,long_rains,coastal,0,groundnut
58.78,50.89,78.88,7.0,860.35,29.86,73.75,loamy,long_rains,sub_humid,0,cassava
30.76,64.19,47.6,6.6,355.35,19.34,55.06,clay,dry,highland,1,lentils
38.16,64.07,69.45,5.7,654.46,29.52,58.61,loamy,long_rains,coastal,0,groundnut
61.8,46.55,73.24,6.9,848.17,27.6,72.53,sandy,long_rains,sub_humid,0,cassava
35.0,57.0,25.0,8.34,71.13,27.1,42.26,sandy,short_rains,arid,1,moth_beans
81.65,37.52,73.51,5.9,953.25,28.07,52.8,loamy,transitional,coastal,0,mango
173.98,66.95,184.21,6.6,1449.43,27.92,80.22,loamy,long_rains,coastal,0,banana
59.0,43.33,33.83,6.0,338.69,30.87,41.55,sandy,dry,arid,0,millet
27.0,43.0,23.0,5.88,44.94,31.7,56.85,sandy,dry,semi_arid,0,moth_beans
23.05,59.03,46.1,6.0,516.73,20.42,48.1,sandy,transitional,semi_arid,0,chickpea
82.0,77.0,46.0,5.9,95.83,28.95,82.19,clay,long_rains,sub_humid,1,banana
19.0,24.0,15.0,7.14,111.84,20.49,93.72,loamy,transitional,highland,0,orange
95.0,75.0,50.0,5.62,118.28,28.08,75.26,clay,long_rains,sub_humid,0,banana
107.0,51.0,22.0,5.98,79.57,24.87,78.22,clay,long_rains,coastal,1,cotton
37.0,36.0,26.0,4.65,94.49,32.89,52.61,loamy,transitional,coastal,0,mango
63.5,39.07,33.59,6.7,301.99,33.33,42.0,sandy,short_rains,semi_arid,0,millet
72.52,56.78,104.52,6.8,611.87,23.77,67.3,sandy,short_rains,highland,0,sweetpotato
70.0,47.0,17.0,6.6,104.16,24.61,70.42,silty,short_rains,highland,1,maize
24.0,80.0,19.0,6.81,65.66,29.68,69.09,loamy,short_rains,sub_humid,0,blackgram
73.71,41.19,38.88,7.1,517.06,27.64,47.42,sandy,dry,arid,0,sorghum
68.47,42.86,85.67,6.1,924.32,26.79,76.13,loamy,long_rains,sub_humid,1,cassava
73.13,58.98,107.92,6.5,686.41,21.62,68.71,sandy,long_rains,sub_humid,1,sweetpotato
31.58,60.53,45.01,5.7,584.51,20.56,56.76,loamy,dry,highland,1,chickpea
60.39,43.84,38.72,5.8,442.42,27.85,48.84,sandy,short_rains,arid,0,sorghum
30.0,79.0,22.0,6.25,48.6,18.29,69.49,loamy,dry,semi_arid,0,lentils
74.0,55.0,19.0,6.29,84.24,18.05,62.89,loamy,long_rains,sub_humid,0,maize
72.25,56.22,72.68,7.3,592.65,27.04,47.52,sandy,short_rains,sub_humid,0,sunflower
79.78,41.61,75.02,7.2,912.0,32.19,55.5,loamy,dry,coastal,0,mango
123.33,73.72,126.69,6.2,635.97,15.71,70.33,silty,long_rains,highland,1,potato
116.59,80.1,136.88,6.4,688.74,17.35,67.17,silty,long_rains,highland,1,potato
14.0,48.0,21.0,6.99,53.43,29.25,84.8,loamy,transitional,sub_humid,0,mung_bean
112.85,65.45,95.88,7.5,589.29,15.95,71.36,clay,long_rains,highland,0,cabbage
57.56,32.27,34.42,6.6,311.4,32.21,43.32,sandy,short_rains,semi_arid,0,millet
100.42,54.25,48.77,6.9,717.64,21.34,71.09,loamy,short_rains,highland,1,maize
30.0,20.0,38.0,7.06,110.09,22.6,93.16,loamy,transitional,arid,0,pomegranate
10.0,75.0,17.0,7.73,39.01,18.44,68.05,loamy,dry,highland,1,lentils
179.17,61.19,183.07,5.7,1409.49,25.9,78.58,clay,long_rains,sub_humid,0,banana
182.45,54.93,147.7,6.0,1866.88,31.41,70.6,clay,long_rains,coastal,0,sugarcane
26.96,57.42,43.0,7.3,375.37,18.7,44.06,loamy,dry,semi_arid,1,lentils
78.0,42.0,42.0,7.63,262.72,20.13,81.6,silty,long_rains,sub_humid,0,rice
104.97,51.92,71.08,6.9,749.02,28.41,51.77,clay,long_rains,sub_humid,1,cotton
82.38,46.8,38.82,7.2,617.26,17.69,51.92,loamy,dry,highland,0,wheat
29.88,69.44,52.03,7.1,590.4,17.69,60.01,silty,long_rains,highland,0,beans
184.62,62.08,133.55,6.8,1595.5,30.49,69.44,loamy,long_rains,coastal,0,sugarcane
102.84,58.73,53.88,6.6,724.21,26.0,62.11,silty,long_rains,sub_humid,0,maize
118.83,67.73,108.49,7.0,591.95,18.31,72.32,loamy,short_rains,highland,0,cabbage
77.78,43.19,42.23,6.8,423.98,28.48,47.24,sandy,short_rains,semi_arid,0,sorghum
95.68,62.94,105.63,7.0,526.28,20.9,51.99,loamy,dry,semi_arid,0,onion
71.54,62.96,99.93,6.4,632.59,27.43,69.85,sandy,long_rains,highland,1,sweetpotato
77.97,48.21,35.66,7.2,557.09,15.51,50.33,loamy,dry,highland,1,wheat
56.0,58.0,49.0,6.69,172.48,37.13,94.61,loamy,transitional,coastal,0,papaya
153.56,47.77,85.22,4.9,2096.43,15.43,82.05,loamy,long_rains,highland,0,tea
38.0,15.0,27.0,6.78,92.26,33.75,48.5,sandy,transitional,coastal,0,mango
71.48,59.11,107.27,6.2,654.04,25.81,70.72,loamy,short_rains,sub_humid,1,sweetpotato
39.0,42.0,20.0,8.06,40.83,29.35,61.25,sandy,dry,arid,1,moth_beans
62.46,48.05,119.66,6.1,575.94,24.05,72.82,loamy,short_rains,sub_humid,0,sweetpotato
67.49,47.86,80.25,6.1,847.89,26.83,69.59,loamy,long_rains,sub_humid,0,cassava
25.36,58.07,50.07,7.0,530.85,19.11,50.56,sandy,dry,semi_arid,0,chickpea
32.0,79.0,22.0,5.92,54.38,27.6,63.46,loamy,dry,highland,0,lentils
108.0,60.0,17.0,6.56,97.77,22.76,76.76,clay,long_rains,coastal,0,cotton
96.35,55.8,44.0,6.4,692.93,23.66,68.93,loamy,short_rains,highland,0,maize
61.32,45.25,81.84,6.0,906.76,26.61,71.65,loamy,long_rains,sub_humid,1,cassava
32.0,63.77,52.37,7.0,566.72,20.87,65.35,loamy,long_rains,highland,1,beans
89.16,45.92,74.0,6.4,945.02,32.66,52.51,loamy,transitional,coastal,0,mango
3.0,18.0,31.0,6.39,91.1,31.65,48.21,loamy,transitional,coastal,0,mango
72.27,53.33,94.25,6.6,601.31,24.05,66.96,sandy,short_rains,sub_humid,1,sweetpotato
32.0,14.0,37.0,6.83,104.68,22.73,88.49,sandy,dry,arid,1,pomegranate
27.62,54.44,40.82,7.4,329.36,21.06,45.35,clay,transitional,highland,1,lentils
70.42,41.58,38.38,6.8,468.31,29.02,47.59,loamy,dry,arid,0,sorghum
25.82,69.63,49.73,6.0,576.64,20.17,63.72,loamy,long_rains,sub_humid,0,beans
125.41,74.8,100.57,7.5,653.81,17.92,70.23,loamy,short_rains,highland,1,cabbage
54.05,46.82,94.39,6.0,867.32,25.02,73.86,sandy,long_rains,sub_humid,0,cassava
26.7,60.7,43.67,7.5,350.51,17.97,48.71,clay,dry,highland,1,lentils
100.95,55.72,51.5,6.0,655.42,22.76,62.12,loamy,short_rains,sub_humid,0,maize
103.65,73.56,132.95,6.7,516.96,22.54,64.39,loamy,transitional,sub_humid,1,tomato
93.93,54.6,53.04,6.6,809.3,22.6,66.04,loamy,long_rains,sub_humid,0,maize
26.0,50.0,19.0,6.01,32.56,27.32,51.67,sandy,dry,arid,0,moth_beans
65.16,46.21,43.47,6.5,502.27,28.02,45.4,loamy,short_rains,semi_arid,0,sorghum
178.18,53.77,194.6,5.6,1372.34,27.6,81.33,loamy,long_rains,coastal,0,banana
40.0,5.0,29.0,5.82,160.39,28.48,97.77,sandy,long_rains,coastal,1,coconut
134.11,67.92,108.15,6.3,1535.9,17.46,77.17,loamy,long_rains,highland,0,coffee
17.0,57.0,20.0,3.79,66.18,28.51,45.2,sandy,dry,semi_arid,1,moth_beans
57.02,38.94,36.07,5.8,399.16,31.97,44.37,sandy,dry,semi_arid,0,millet
97.0,52.06,68.57,6.9,843.58,26.59,50.77,loamy,long_rains,sub_humid,1,cotton
28.68,65.7,49.75,6.2,372.83,20.65,46.09,clay,transitional,semi_arid,1,lentils
66.61,56.11,68.47,7.0,597.1,26.16,51.24,loamy,dry,semi_arid,0,sunflower
124.9,66.8,113.91,6.6,551.7,15.45,67.56,clay,short_rains,highland,0,cabbage
27.0,62.0,24.0,7.35,62.27,28.63,66.77,loamy,short_rains,coastal,1,blackgram
180.2,59.37,203.23,6.1,1589.82,26.71,81.21,loamy,long_rains,sub_humid,1,banana
108.0,26.0,52.0,6.2,26.24,28.83,94.27,sandy,transitional,sub_humid,0,muskmelon
176.79,64.9,131.14,7.0,1541.79,29.18,73.7,clay,long_rains,coastal,0,sugarcane
94.0,54.0,17.0,5.87,107.32,23.39,61.74,loamy,short_rains,sub_humid,0,maize
103.39,82.61,128.7,6.6,586.36,23.37,62.68,loamy,transitional,sub_humid,0,tomato
7.0,20.0,12.0,6.48,110.04,16.53,94.77,sandy,transitional,highland,1,orange
192.83,70.53,125.9,6.1,1453.62,29.53,72.21,loamy,long_rains,coastal,0,sugarcane
56.41,32.38,32.46,6.1,318.78,31.12,47.18,sandy,short_rains,arid,0,millet
77.59,41.8,72.09,6.7,880.02,30.23,58.67,loamy,transitional,coastal,0,mango
77.83,43.68,42.93,7.3,519.25,15.77,51.54,clay,dry,highland,1,wheat
33.92,66.12,53.81,6.7,590.76,22.51,68.99,silty,long_rains,highland,0,beans
22.0,8.0,33.0,5.67,203.93,28.44,95.88,loamy,long_rains,coastal,1,coconut
64.57,41.13,40.98,5.6,441.08,27.43,47.83,loamy,dry,arid,0,sorghum
40.0,45.0,20.0,6.88,38.34,29.38,57.7,sandy,short_rains,arid,1,moth_beans
178.56,64.58,189.92,6.6,1476.81,28.1,81.4,clay,long_rains,coastal,0,banana
31.0,20.0,26.0,6.44,199.79,25.57,97.61,sandy,long_rains,coastal,0,coconut
97.0,22.0,26.0,6.07,185.16,23.61,59.69,loamy,long_rains,highland,1,coffee
75.0,49.0,15.0,5.92,102.49,21.54,71.51,silty,short_rains,highland,1,maize
74.5,57.11,113.89,6.7,639.95,24.66,63.6,sandy,long_rains,highland,0,sweetpotato
109.0,53.98,69.96,6.3,692.29,26.72,51.62,loamy,long_rains,coastal,0,cotton
88.53,53.95,51.88,6.2,674.6,22.4,67.92,loamy,short_rains,highland,1,maize
30.88,53.06,48.26,6.0,567.2,21.61,51.13,loamy,transitional,highland,1,chickpea
101.53,55.71,51.39,6.7,733.55,23.46,68.72,loamy,short_rains,highland,0,maize
10.0,5.0,42.0,6.89,109.25,20.24,91.09,loamy,dry,arid,1,pomegranate
102.26,58.07,74.7,6.0,839.68,29.83,53.43,clay,long_rains,coastal,0,cotton
79.0,59.0,17.0,6.64,108.51,20.38,63.74,loamy,short_rains,highland,0,maize
9.0,29.0,34.0,5.73,100.81,29.38,45.89,sandy,transitional,semi_arid,0,mango
69.51,48.35,69.21,6.6,954.18,32.37,54.24,loamy,transitional,semi_arid,1,mango
25.0,48.0,21.0,6.27,52.55,28.44,83.49,sandy,transitional,semi_arid,0,mung_bean
149.42,52.66,75.95,5.5,2072.2,16.23,78.21,silty,long_rains,highland,0,tea
34.0,59.0,23.0,6.94,56.48,28.56,83.25,sandy,transitional,sub_humid,0,mung_bean
122.95,65.09,104.78,5.8,1536.77,20.51,77.04,silty,long_rains,highland,0,coffee
25.0,70.0,16.0,5.76,106.36,19.63,18.91,silty,short_rains,highland,1,kidney_beans
133.79,54.86,96.14,6.5,1494.9,19.25,76.36,loamy,long_rains,highland,0,coffee
56.56,38.95,35.49,5.6,328.05,31.61,44.27,sandy,short_rains,arid,0,millet
111.0,79.0,53.0,6.17,119.7,28.31,75.77,clay,long_rains,sub_humid,1,banana
29.2,64.9,67.13,6.4,691.94,28.88,55.01,sandy,long_rains,sub_humid,0,groundnut
33.17,65.22,60.79,5.7,678.03,28.16,62.05,sandy,long_rains,coastal,0,groundnut
198.7,56.05,151.25,6.2,1651.54,27.15,71.78,clay,long_rains,coastal,1,sugarcane
58.19,38.7,29.34,6.1,315.46,33.57,40.57,sandy,dry,arid,0,millet
120.0,87.0,52.0,5.91,118.99,28.08,76.06,clay,long_rains,sub_humid,0,banana
28.3,54.72,46.63,6.4,545.6,20.63,57.67,loamy,transitional,highland,1,chickpea
56.37,36.47,36.3,6.0,258.4,31.75,38.58,sandy,dry,arid,0,millet
0.0,137.0,195.0,6.33,65.4,22.44,80.19,loamy,dry,semi_arid,1,grapes
85.0,38.0,41.0,6.25,276.66,21.59,82.79,clay,long_rains,sub_humid,0,rice
107.72,53.44,49.92,6.1,641.6,23.52,72.63,silty,short_rains,highland,0,maize
71.34,52.38,105.02,6.5,669.83,23.52,60.45,sandy,long_rains,highland,0,sweetpotato
98.44,53.66,51.67,6.7,638.84,22.99,62.27,silty,long_rains,sub_humid,1,maize
88.12,45.34,70.31,7.0,742.47,30.66,58.52,loamy,dry,coastal,0,mango
40.0,79.0,17.0,6.4,38.72,21.13,63.19,loamy,dry,highland,1,lentils
179.22,62.29,172.23,5.9,1493.21,25.07,81.87,loamy,long_rains,sub_humid,1,banana
68.32,44.75,42.83,5.7,447.93,28.2,45.86,sandy,dry,semi_arid,0,sorghum
119.48,51.72,44.35,6.5,1666.35,28.76,84.09,clay,long_rains,coastal,1,rice
3.0,9.0,45.0,6.54,104.62,23.89,89.62,loamy,transitional,semi_arid,1,pomegranate
90.28,67.77,110.56,6.3,491.78,21.36,48.79,sandy,dry,semi_arid,1,onion
99.4,76.24,125.86,6.9,568.6,22.48,66.83,loamy,dry,sub_humid,1,tomato
22.0,67.0,78.0,6.2,72.33,17.17,14.42,sandy,transitional,highland,1,chickpea
61.81,45.34,78.67,6.7,900.44,26.76,69.34,loamy,long_rains,coastal,0,cassava
94.71,53.45,45.15,6.6,678.58,23.64,68.31,silty,long_rains,highland,0,maize
102.55,59.68,76.76,5.9,774.56,28.37,58.11,clay,long_rains,coastal,1,cotton
108.66,71.03,124.19,6.5,503.59,20.26,63.14,loamy,dry,highland,0,tomato
17.0,56.0,17.0,5.96,69.66,27.94,45.41,sandy,short_rains,arid,0,moth_beans
102.38,53.74,68.82,6.4,730.46,27.54,53.32,loamy,long_rains,coastal,1,cotton
189.46,64.77,134.55,6.7,1669.82,26.95,68.89,clay,long_rains,coastal,0,sugarcane
120.26,66.05,100.68,6.9,630.64,16.46,72.29,clay,short_rains,highland,1,cabbage
34.0,10.0,14.0,6.73,116.8,34.05,92.06,loamy,long_rains,sub_humid,0,orange
82.0,78.0,46.0,5.74,110.44,25.06,84.97,clay,long_rains,coastal,1,banana
33.81,61.06,55.05,6.8,505.23,20.18,58.29,silty,short_rains,highland,0,beans
121.56,58.07,99.72,5.7,1481.78,18.69,72.5,loamy,long_rains,highland,1,coffee
5.0,13.0,37.0,5.65,103.32,22.34,89.79,loamy,transitional,semi_arid,1,pomegranate
82.69,58.27,92.93,6.2,622.3,22.49,64.2,loamy,short_rains,sub_humid,0,sweetpotato
106.15,63.44,120.8,6.9,412.92,20.44,51.46,sandy,dry,highland,1,onion
67.71,51.09,103.04,5.6,591.57,24.76,62.7,sandy,short_rains,highland,0,sweetpotato
56.82,35.98,36.17,6.1,349.55,33.22,39.3,sandy,dry,arid,0,millet
69.7,44.33,37.3,6.6,468.57,30.09,48.73,loamy,dry,arid,0,sorghum
28.0,122.0,197.0,5.86,69.66,19.89,82.73,loamy,dry,highland,1,grapes
105.61,78.48,123.64,6.6,505.78,23.27,62.21,loamy,transitional,sub_humid,1,tomato
96.62,57.95,51.42,6.3,731.63,22.88,67.98,silty,long_rains,sub_humid,1,maize
80.41,35.92,42.91,6.9,562.09,16.45,53.26,clay,dry,highland,0,wheat
25.0,143.0,198.0,6.03,107.86,22.81,91.52,silty,dry,highland,1,apple
31.8,66.67,44.85,6.7,353.05,21.11,47.92,loamy,transitional,highland,0,lentils
99.68,63.55,108.04,7.2,436.97,19.72,53.23,sandy,dry,semi_arid,1,onion
119.0,25.0,51.0,6.28,53.66,26.47,80.92,loamy,short_rains,semi_arid,0,watermelon
189.09,55.04,184.2,5.8,1496.77,26.65,78.03,loamy,long_rains,coastal,1,banana
104.17,80.37,126.18,6.1,561.14,24.12,62.24,loamy,transitional,highland,0,tomato
79.0,45.0,20.0,5.72,89.96,23.81,59.25,silty,short_rains,highland,0,maize
60.48,54.58,81.61,6.2,849.77,25.37,71.83,loamy,long_rains,sub_humid,0,cassava
125.82,47.39,102.19,6.3,1491.94,20.12,71.56,silty,long_rains,highland,0,coffee
7.0,23.0,35.0,7.05,102.55,19.75,88.72,sandy,transitional,semi_arid,1,pomegranate
108.93,67.2,92.65,6.1,419.89,20.69,55.63,loamy,dry,semi_arid,1,onion
93.18,78.69,130.36,6.6,540.9,22.82,60.43,loamy,dry,sub_humid,1,tomato
63.55,54.21,68.03,6.1,555.19,27.74,45.48,loamy,short_rains,semi_arid,1,sunflower
74.5,47.34,63.66,5.8,808.61,28.12,47.8,sandy,transitional,coastal,0,mango
72.84,57.24,78.42,6.8,557.72,26.79,44.41,loamy,short_rains,sub_humid,0,sunflower
96.7,62.08,104.0,7.1,455.12,19.89,53.38,loamy,dry,highland,1,onion
74.82,58.67,67.38,7.0,535.48,25.66,50.36,loamy,short_rains,sub_humid,0,sunflower
34.3,63.99,53.78,6.9,550.64,22.11,60.64,loamy,short_rains,highland,0,beans
65.54,41.35,78.65,5.6,923.0,26.4,70.85,sandy,long_rains,sub_humid,0,cassava
98.27,67.51,106.84,6.4,479.9,22.49,53.45,loamy,dry,semi_arid,1,onion
78.0,35.0,44.0,7.07,183.62,26.54,84.67,silty,long_rains,sub_humid,0,rice
64.06,49.46,80.34,6.7,979.69,27.94,72.45,loamy,long_rains,coastal,0,cassava
77.56,41.06,36.84,6.1,501.21,29.22,45.93,sandy,short_rains,arid,1,sorghum
133.81,74.76,94.6,7.0,612.36,19.69,62.46,clay,long_rains,highland,0,cabbage
29.0,77.0,75.0,7.78,72.94,17.5,15.48,sandy,dry,semi_arid,0,chickpea
104.7,54.03,47.97,6.4,716.4,21.68,68.49,loamy,long_rains,sub_humid,0,maize
34.15,67.82,53.8,6.1,449.79,20.03,63.08,loamy,short_rains,sub_humid,0,beans
99.0,12.0,52.0,6.0,22.22,28.7,94.31,sandy,dry,semi_arid,0,muskmelon
126.29,59.24,106.91,5.8,1586.93,19.66,75.4,silty,long_rains,highland,1,coffee
13.0,16.0,8.0,6.95,100.2,34.74,93.12,loamy,long_rains,sub_humid,0,orange
69.9,49.99,74.33,7.4,516.44,26.24,45.46,sandy,dry,sub_humid,0,sunflower
79.18,44.2,38.9,6.2,634.47,17.29,53.18,clay,dry,highland,1,wheat
78.93,42.79,69.03,7.3,800.56,32.88,50.92,loamy,transitional,coastal,1,mango
13.0,8.0,12.0,7.11,114.31,25.16,92.55,sandy,transitional,sub_humid,1,orange
27.86,59.34,45.31,6.7,377.09,19.1,47.46,loamy,dry,highland,0,lentils
80.7,43.17,41.75,6.3,568.96,17.16,58.66,loamy,dry,highland,1,wheat
123.86,78.67,135.57,5.7,717.68,16.11,74.83,loamy,transitional,highland,1,potato
72.88,40.5,38.25,6.1,452.04,28.46,50.97,sandy,short_rains,semi_arid,1,sorghum
36.0,26.0,26.0,6.81,95.23,30.17,51.08,sandy,transitional,semi_arid,0,mango
110.83,77.83,128.36,6.1,553.03,24.39,60.25,loamy,dry,sub_humid,1,tomato
28.0,7.0,9.0,6.73,115.57,34.59,92.13,sandy,long_rains,sub_humid,1,orange
27.52,63.78,49.83,6.1,589.28,21.17,62.82,silty,short_rains,sub_humid,0,beans
108.0,35.0,25.0,6.97,161.53,23.98,61.11,silty,long_rains,highland,0,coffee
52.57,57.76,75.81,6.7,543.44,26.26,45.5,sandy,dry,semi_arid,1,sunflower
22.28,50.16,49.18,5.8,545.84,19.72,49.92,sandy,dry,semi_arid,0,chickpea
116.23,80.33,121.39,5.4,744.28,13.84,68.16,loamy,long_rains,highland,0,potato
83.29,45.54,41.28,6.9,635.25,18.26,54.59,loamy,dry,highland,1,wheat
63.78,45.61,79.41,6.7,861.39,26.71,67.69,loamy,long_rains,sub_humid,0,cassava
26.21,56.8,45.9,5.6,578.71,19.21,47.66,sandy,transitional,highland,0,chickpea
82.7,42.28,37.29,7.5,574.06,18.36,49.63,clay,dry,highland,1,wheat
82.0,29.0,35.0,6.25,156.15,26.67,52.24,silty,long_rains,highland,0,coffee
33.41,60.15,46.69,7.6,367.17,18.5,47.6,clay,dry,semi_arid,0,lentils
113.16,77.12,127.96,6.3,635.85,23.01,66.28,silty,transitional,highland,1,tomato
72.37,52.2,110.57,6.5,624.77,22.58,60.87,sandy,short_rains,sub_humid,0,sweetpotato
31.0,37.0,21.0,6.71,37.31,27.24,86.4,loamy,short_rains,sub_humid,0,mung_bean
69.43,56.3,102.69,7.0,665.51,24.13,69.99,loamy,short_rains,highland,1,sweetpotato
130.26,74.01,122.65,5.6,722.01,15.34,69.74,silty,transitional,highland,0,potato
55.7,33.81,31.23,6.0,359.57,32.36,38.99,sandy,dry,arid,0,millet
57.0,73.0,85.0,7.36,91.95,18.49,14.72,loamy,transitional,semi_arid,0,chickpea
93.62,67.98,100.05,6.2,453.8,19.35,50.9,sandy,dry,highland,0,onion
96.12,55.12,65.82,6.5,728.44,26.18,53.26,clay,long_rains,sub_humid,1,cotton
66.19,43.51,39.69,5.7,488.21,29.82,50.34,loamy,short_rains,semi_arid,0,sorghum
97.35,53.61,52.1,6.8,593.42,23.33,67.04,silty,short_rains,highland,0,maize
86.06,46.26,75.2,6.6,833.46,31.05,57.5,loamy,transitional,semi_arid,0,mango
69.55,46.37,43.05,6.9,454.03,31.61,44.13,loamy,short_rains,semi_arid,0,sorghum
124.19,79.96,127.8,6.3,736.62,15.28,71.88,silty,long_rains,highland,0,potato
13.0,28.0,33.0,5.69,151.08,28.13,95.65,loamy,long_rains,coastal,1,coconut
108.13,80.29,133.1,6.5,555.04,24.08,61.37,loamy,transitional,sub_humid,1,tomato
115.33,64.87,105.61,6.9,615.53,17.49,63.28,loamy,short_rains,highland,0,cabbage
33.51,65.24,62.65,5.9,626.28,28.27,57.98,sandy,long_rains,coastal,1,groundnut
85.55,47.25,37.54,6.8,605.89,16.61,49.41,loamy,dry,highland,1,wheat
114.0,40.0,23.0,6.75,95.43,25.54,81.14,clay,long_rains,sub_humid,1,cotton
57.61,44.73,76.71,5.9,1022.5,27.45,68.93,loamy,long_rains,coastal,0,cassava
27.0,71.0,24.0,7.06,165.41,31.46,48.18,sandy,long_rains,sub_humid,0,pigeon_peas
30.0,30.0,35.0,6.0,165.81,25.01,95.59,loamy,long_rains,coastal,1,coconut
34.0,61.0,49.0,6.5,117.82,28.13,93.32,loamy,transitional,sub_humid,1,papaya
26.02,60.71,44.44,7.5,364.16,22.42,47.05,clay,dry,highland,1,lentils
27.42,67.79,50.86,6.7,570.86,22.34,62.67,silty,short_rains,sub_humid,0,beans
61.0,60.0,15.0,6.27,91.26,24.88,68.74,loamy,short_rains,highland,1,maize
72.21,55.91,110.86,5.6,600.46,25.99,67.31,loamy,long_rains,sub_humid,0,sweetpotato
118.0,44.0,23.0,6.69,67.06,22.08,82.83,clay,long_rains,coastal,0,cotton
113.0,19.0,46.0,6.29,49.52,25.42,81.12,loamy,dry,sub_humid,1,watermelon
23.89,60.91,45.13,6.3,346.7,18.26,50.29,loamy,transitional,highland,0,lentils
148.96,48.15,85.85,4.5,2117.26,16.6,82.32,loamy,long_rains,highland,0,tea
81.5,44.23,38.52,7.5,530.83,17.93,53.68,clay,dry,highland,1,wheat
36.0,38.0,15.0,6.32,58.0,28.36,87.6,sandy,transitional,sub_humid,0,mung_bean
68.0,70.0,54.0,6.99,54.78,31.3,92.76,sandy,transitional,coastal,0,papaya
62.83,45.76,79.34,6.4,901.77,27.28,69.11,sandy,long_rains,coastal,0,cassava
171.51,54.88,200.02,6.2,1377.74,25.64,82.33,loamy,long_rains,coastal,1,banana
82.06,42.35,73.78,7.1,900.41,28.08,62.59,loamy,transitional,coastal,0,mango
7.0,17.0,26.0,6.41,91.63,34.89,48.76,loamy,dry,coastal,1,mango
74.06,44.89,79.16,6.6,954.9,27.62,52.68,sandy,dry,coastal,0,mango
0.0,49.0,18.0,6.99,41.82,29.68,87.94,loamy,short_rains,sub_humid,0,mung_bean
73.1,43.18,37.39,7.1,437.69,30.86,43.92,sandy,dry,semi_arid,1,sorghum
84.53,40.75,39.68,6.6,549.63,18.9,50.87,clay,dry,highland,0,wheat
118.0,45.0,23.0,7.98,71.68,23.37,77.43,loamy,long_rains,coastal,0,cotton
60.0,54.0,19.0,6.42,70.23,18.75,62.5,loamy,long_rains,sub_humid,0,maize
108.91,48.37,47.43,6.4,720.93,22.47,73.17,loamy,long_rains,highland,1,maize
118.11,52.38,46.42,6.0,1717.95,26.92,82.48,silty,long_rains,sub_humid,1,rice
184.96,61.75,193.68,6.9,1536.74,27.65,78.55,clay,long_rains,coastal,1,banana
34.0,66.0,19.0,7.59,73.45,32.97,60.18,clay,short_rains,sub_humid,0,blackgram
118.9,84.77,133.5,5.6,724.01,12.69,71.17,loamy,long_rains,highland,1,potato
120.28,52.28,44.69,6.6,1816.68,24.69,82.62,silty,long_rains,sub_humid,1,rice
32.26,52.43,46.84,6.8,569.87,19.5,53.58,loamy,dry,semi_arid,0,chickpea
39.0,58.0,85.0,6.0,68.55,17.89,15.41,loamy,dry,highland,0,chickpea
61.14,42.3,31.39,6.9,371.07,34.91,47.51,sandy,dry,semi_arid,0,millet
98.19,79.86,127.39,6.0,552.86,21.1,59.13,loamy,dry,highland,1,tomato
52.26,35.76,33.6,6.0,320.46,30.94,37.78,sandy,short_rains,arid,0,millet
98.5,56.41,112.43,6.0,495.77,22.23,53.15,sandy,dry,semi_arid,0,onion
39.0,70.0,52.0,6.65,59.49,26.27,90.8,sandy,long_rains,sub_humid,1,papaya
121.3,80.92,126.17,6.0,732.49,14.8,65.55,loamy,transitional,highland,0,potato
129.51,78.83,122.53,5.0,742.41,14.15,68.07,silty,long_rains,highland,1,potato
34.0,65.0,47.0,6.83,191.78,23.49,93.71,loamy,transitional,coastal,1,papaya
90.93,55.67,51.17,6.2,611.06,22.22,68.03,silty,long_rains,sub_humid,1,maize
91.5,59.45,50.48,5.9,727.11,22.69,72.65,silty,long_rains,highland,0,maize
98.62,63.24,104.46,6.3,502.48,21.48,50.86,sandy,dry,semi_arid,1,onion
118.99,56.98,103.56,5.7,1577.92,20.79,74.54,silty,long_rains,highland,0,coffee
107.49,62.72,65.45,7.4,660.06,28.19,52.87,loamy,long_rains,coastal,0,cotton
96.76,72.47,101.48,7.2,469.48,20.3,49.05,sandy,dry,highland,1,onion
6.0,68.0,18.0,6.71,47.26,24.39,62.5,loamy,dry,highland,1,lentils
107.95,76.25,112.85,7.0,607.17,23.83,65.06,silty,dry,sub_humid,1,tomato
37.35,65.48,46.65,6.3,518.66,21.16,58.33,loamy,long_rains,sub_humid,0,beans
128.35,54.31,103.06,5.6,1595.82,21.02,74.58,silty,long_rains,highland,0,coffee
123.03,76.21,125.68,5.7,676.21,14.84,68.4,silty,long_rains,highland,0,potato
53.72,39.18,71.51,6.8,962.85,26.74,75.26,loamy,long_rains,sub_humid,0,cassava
23.0,45.0,23.0,6.98,56.12,28.78,86.69,loamy,transitional,sub_humid,0,mung_bean
72.96,46.09,39.8,6.3,427.0,31.34,40.67,sandy,dry,arid,1,sorghum
31.83,66.13,50.19,6.3,499.28,20.74,60.69,loamy,short_rains,sub_humid,0,beans
55.62,44.68,81.35,6.5,879.59,27.51,76.88,loamy,long_rains,coastal,0,cassava
5.0,25.0,6.0,6.01,106.81,30.72,94.01,loamy,long_rains,sub_humid,0,orange
60.36,39.11,80.3,6.6,898.95,26.36,71.38,sandy,long_rains,sub_humid,0,cassava
102.1,69.79,93.07,7.3,359.02,22.0,46.84,loamy,dry,semi_arid,1,onion
14.0,121.0,203.0,6.16,74.46,9.72,83.75,sandy,dry,highland,1,grapes
121.71,82.46,125.01,5.2,704.15,15.46,70.23,loamy,transitional,highland,1,potato
109.4,59.75,70.78,6.8,824.05,28.19,55.88,loamy,long_rains,coastal,0,cotton
98.39,49.44,48.63,6.0,702.41,24.68,63.59,loamy,short_rains,highland,0,maize
24.0,27.0,34.0,6.2,145.06,28.88,95.11,sandy,long_rains,coastal,0,coconut
167.42,60.76,155.05,6.1,1709.9,25.71,68.41,loamy,long_rains,sub_humid,0,sugarcane
105.09,73.48,117.56,6.3,549.77,21.42,67.34,silty,dry,sub_humid,1,tomato
90.88,57.42,74.66,6.7,881.9,28.95,55.93,clay,long_rains,coastal,0,cotton
28.59,60.54,39.63,6.4,274.92,18.09,50.04,clay,dry,highland,0,lentils
125.88,73.77,121.29,5.6,790.8,13.89,70.14,silty,long_rains,highland,0,potato
155.54,38.61,81.61,5.0,1907.23,18.15,84.51,loamy,long_rains,highland,0,tea
28.01,47.46,46.53,6.5,630.82,20.28,52.62,loamy,transitional,semi_arid,0,chickpea
107.0,58.0,15.0,7.56,76.64,23.74,75.78,clay,long_rains,sub_humid,1,cotton
9.0,48.0,22.0,6.4,49.51,27.77,87.1,loamy,short_rains,semi_arid,0,mung_bean
121.79,89.97,132.14,6.5,738.08,13.58,69.77,silty,long_rains,highland,0,potato
99.1,54.79,68.09,6.5,750.26,31.43,54.23,loamy,long_rains,sub_humid,1,cotton
125.31,54.85,48.28,5.6,1709.97,25.55,84.91,clay,long_rains,coastal,1,rice
30.75,61.98,47.86,7.1,592.85,20.79,64.74,loamy,long_rains,highland,0,beans
95.37,61.61,98.67,6.4,490.65,18.95,50.12,loamy,dry,highland,1,onion
109.2,75.5,132.55,6.5,610.31,22.31,62.21,silty,transitional,sub_humid,1,tomato
116.22,52.77,39.32,6.3,1794.09,26.31,87.79,clay,long_rains,sub_humid,0,rice
50.0,74.0,17.0,6.54,73.85,27.1,63.36,clay,transitional,sub_humid,0,blackgram
1.0,132.0,200.0,5.62,66.57,16.28,82.94,loamy,dry,semi_arid,1,grapes
74.44,44.93,37.58,6.4,551.05,17.5,53.44,loamy,dry,highland,1,wheat
105.13,53.88,68.36,7.5,775.52,27.74,52.27,loamy,long_rains,coastal,1,cotton
118.71,78.53,120.63,6.2,765.7,13.74,72.64,silty,transitional,highland,1,potato
99.32,54.16,67.08,6.0,669.21,24.56,55.77,loamy,long_rains,sub_humid,0,cotton
85.0,27.0,45.0,6.47,57.8,26.07,88.73,loamy,dry,sub_humid,0,watermelon
56.15,34.24,31.07,6.2,317.57,30.48,43.27,sandy,dry,arid,0,millet
53.6,47.32,79.57,6.8,948.37,28.2,76.16,sandy,long_rains,coastal,0,cassava
79.06,48.52,108.39,6.3,633.38,24.48,65.86,sandy,long_rains,highland,0,sweetpotato
58.05,47.11,75.39,6.4,897.32,28.04,71.78,sandy,long_rains,sub_humid,0,cassava
66.38,59.61,69.18,6.5,662.44,25.79,49.41,sandy,short_rains,sub_humid,0,sunflower
106.0,40.0,30.0,6.78,122.68,23.43,64.11,loamy,long_rains,highland,0,coffee
6.0,144.0,198.0,5.56,104.51,21.11,90.32,loamy,transitional,highland,0,apple
26.0,11.0,11.0,7.61,106.29,13.7,90.96,sandy,long_rains,sub_humid,1,orange
28.78,59.06,45.93,6.1,560.46,19.5,52.76,loamy,dry,semi_arid,0,chickpea
50.85,41.78,74.68,5.6,1025.4,27.7,75.93,sandy,long_rains,sub_humid,0,cassava
182.89,60.64,134.59,7.5,1644.95,27.72,72.81,clay,long_rains,sub_humid,1,sugarcane
61.78,43.2,80.0,7.0,835.12,25.11,70.89,loamy,long_rains,sub_humid,0,cassava
78.44,46.7,41.1,6.2,539.06,13.64,52.97,clay,dry,highland,1,wheat
59.53,40.7,84.51,6.9,981.94,27.28,71.71,loamy,long_rains,sub_humid,1,cassava
80.01,46.7,70.13,6.8,816.83,30.76,56.95,sandy,dry,semi_arid,1,mango
29.49,57.82,46.26,7.8,415.35,18.28,45.95,loamy,dry,highland,0,lentils
27.87,57.42,47.81,7.7,363.86,18.14,41.47,loamy,transitional,highland,1,lentils
31.0,137.0,196.0,6.4,120.63,22.14,93.83,loamy,dry,highland,1,apple
151.49,41.25,82.25,4.8,1935.17,17.19,79.51,silty,long_rains,highland,0,tea
124.11,81.23,126.17,5.1,663.74,14.31,69.66,loamy,long_rains,highland,0,potato
102.47,51.06,48.17,6.1,675.44,22.4,65.08,loamy,long_rains,highland,0,maize
122.02,48.79,44.29,6.0,1673.94,26.79,85.36,clay,long_rains,coastal,1,rice
31.86,65.14,46.71,6.1,532.77,20.03,62.26,loamy,short_rains,highland,0,beans
121.6,71.97,103.36,7.1,633.45,14.04,65.8,loamy,short_rains,highland,0,cabbage
61.0,64.0,52.0,6.64,110.56,43.3,92.83,sandy,long_rains,sub_humid,1,papaya
62.86,37.78,37.98,6.5,465.49,27.27,43.82,sandy,dry,semi_arid,0,sorghum
127.29,86.31,128.28,6.4,688.37,15.91,75.68,loamy,transitional,highland,0,potato
117.0,86.0,53.0,5.7,115.86,25.2,83.56,loamy,long_rains,sub_humid,0,banana
103.48,65.65,105.87,7.1,461.5,21.75,51.02,loamy,dry,semi_arid,0,onion
178.24,66.66,180.87,6.5,1408.65,27.93,77.25,loamy,long_rains,sub_humid,0,banana
26.0,15.0,6.0,6.91,108.01,17.22,94.79,loamy,transitional,sub_humid,1,orange
193.35,62.98,118.63,7.3,1546.53,29.76,68.35,loamy,long_rains,coastal,1,sugarcane
28.65,61.37,44.47,7.7,402.76,19.09,49.03,clay,dry,highland,1,lentils
65.0,63.0,50.0,6.52,79.27,31.88,91.33,loamy,long_rains,sub_humid,0,papaya
27.92,55.86,45.72,5.7,574.13,20.86,51.92,loamy,dry,highland,1,chickpea
126.46,49.84,46.43,5.9,1954.53,28.4,87.35,silty,long_rains,coastal,0,rice
99.28,66.67,92.64,6.8,489.91,20.48,52.84,sandy,dry,semi_arid,1,onion
28.0,57.0,17.0,9.42,61.87,30.48,61.58,sandy,dry,semi_arid,0,moth_beans
127.75,79.31,132.66,5.3,727.04,13.63,71.24,silty,long_rains,highland,1,potato
28.0,69.0,16.0,6.55,35.7,29.77,66.29,loamy,dry,highland,0,lentils
120.0,16.0,51.0,6.55,23.29,28.0,91.64,loamy,transitional,semi_arid,1,muskmelon
94.01,65.7,104.32,6.7,478.71,21.85,55.13,loamy,dry,semi_arid,1,onion
102.75,56.85,48.54,6.0,669.23,22.77,71.26,loamy,long_rains,sub_humid,0,maize
58.0,70.0,84.0,6.23,74.66,20.65,16.61,loamy,transitional,highland,1,chickpea
89.93,49.98,68.87,7.2,765.96,28.01,59.51,loamy,long_rains,coastal,0,cotton
26.0,66.0,22.0,6.3,51.55,18.06,65.1,clay,transitional,highland,0,lentils
97.05,55.05,47.13,6.3,735.0,21.51,67.71,loamy,long_rains,highland,0,maize
36.0,58.0,25.0,8.4,36.93,28.66,59.32,sandy,short_rains,arid,0,moth_beans
111.0,87.0,48.0,5.57,98.17,26.4,81.36,loamy,long_rains,coastal,0,banana
119.9,49.87,45.57,6.0,1877.53,26.65,80.65,clay,long_rains,sub_humid,1,rice
78.84,43.21,68.72,7.2,640.54,30.17,55.25,sandy,dry,semi_arid,1,mango
85.68,44.64,39.48,6.1,547.33,16.1,52.64,loamy,dry,highland,0,wheat
173.21,54.69,171.03,6.3,1611.74,24.73,82.48,loamy,long_rains,sub_humid,0,banana
80.84,41.28,70.68,6.3,971.86,31.71,55.55,loamy,transitional,semi_arid,0,mango
15.0,123.0,204.0,6.37,115.38,22.53,92.55,silty,dry,highland,0,apple
99.89,82.6,130.67,6.2,520.58,23.23,64.74,silty,transitional,sub_humid,1,tomato
113.35,54.07,71.0,7.1,738.93,26.69,52.41,clay,long_rains,coastal,0,cotton
103.74,72.97,124.49,6.4,523.31,23.39,67.67,loamy,transitional,sub_humid,1,tomato
202.76,64.59,137.95,7.2,1655.37,29.83,75.05,clay,long_rains,sub_humid,1,sugarcane
37.0,71.0,16.0,7.32,46.14,26.29,68.52,loamy,transitional,semi_arid,0,lentils
105.46,79.78,128.32,6.9,531.86,22.88,64.48,loamy,dry,highland,1,tomato
34.18,71.13,63.21,6.3,744.65,27.66,58.59,loamy,long_rains,coastal,1,groundnut
124.13,57.98,40.83,6.7,1288.23,27.17,88.67,clay,long_rains,coastal,1,rice
70.23,57.49,69.21,6.9,524.22,26.43,49.31,loamy,dry,sub_humid,0,sunflower
36.79,60.68,43.19,6.2,349.51,17.42,47.2,loamy,transitional,highland,1,lentils
135.19,59.12,103.21,6.0,1598.37,18.19,76.95,silty,long_rains,highland,0,coffee
84.33,43.8,43.7,6.3,586.53,15.59,52.51,loamy,dry,highland,1,wheat
40.0,72.0,77.0,7.49,88.55,17.02,16.99,loamy,transitional,semi_arid,0,chickpea
35.47,62.23,68.15,5.6,649.75,27.43,57.65,sandy,long_rains,coastal,0,groundnut
32.29,67.4,54.13,6.3,512.3,21.68,67.09,silty,short_rains,sub_humid,1,beans
98.99,75.94,128.37,6.2,482.22,25.98,57.21,loamy,transitional,highland,1,tomato
27.32,55.48,41.67,7.4,366.72,17.84,49.62,clay,dry,semi_arid,1,lentils
102.84,56.11,52.58,6.5,777.16,21.18,68.4,silty,short_rains,sub_humid,0,maize
98.16,54.8,47.22,6.7,650.47,22.67,69.58,silty,short_rains,highland,0,maize
52.98,47.32,79.3,6.0,893.36,25.5,73.71,sandy,long_rains,sub_humid,0,cassava
114.98,60.62,45.39,5.9,1772.02,24.34,86.34,clay,long_rains,coastal,1,rice
103.61,57.97,74.23,6.4,665.02,28.06,56.87,loamy,long_rains,sub_humid,1,cotton
32.62,59.54,58.04,7.2,506.07,21.13,58.17,silty,long_rains,highland,0,beans
40.0,78.0,20.0,5.67,80.15,19.19,20.83,silty,long_rains,highland,0,kidney_beans
65.57,58.71,107.03,5.5,613.41,24.0,64.94,sandy,short_rains,sub_humid,0,sweetpotato
133.89,51.33,104.97,5.7,1667.07,20.84,74.26,silty,long_rains,highland,0,coffee
82.48,46.28,71.27,6.5,953.47,28.64,55.0,sandy,transitional,coastal,1,mango
96.0,13.0,55.0,6.7,21.14,29.53,94.57,loamy,dry,semi_arid,1,muskmelon
207.77,62.51,140.54,6.8,1675.98,25.51,74.02,clay,long_rains,coastal,0,sugarcane
98.0,18.0,27.0,6.52,167.44,27.56,68.49,silty,long_rains,highland,0,coffee
56.85,38.44,84.03,6.7,883.76,26.79,76.76,loamy,long_rains,coastal,0,cassava
24.37,61.18,45.07,7.7,386.18,19.43,50.66,clay,dry,semi_arid,0,lentils
175.35,68.17,195.69,6.5,1656.73,26.92,78.94,clay,long_rains,sub_humid,0,banana
76.0,47.0,42.0,5.74,263.64,20.08,83.29,clay,long_rains,sub_humid,1,rice
154.0,36.53,73.3,5.7,2011.31,18.61,79.74,silty,long_rains,highland,0,tea
118.0,40.0,35.0,7.46,121.56,26.35,58.51,silty,long_rains,highland,0,coffee
110.04,60.38,67.13,7.5,683.6,28.77,57.55,clay,long_rains,coastal,0,cotton
20.0,67.0,19.0,5.67,180.65,19.24,50.54,sandy,short_rains,sub_humid,0,pigeon_peas
5.0,65.0,16.0,5.87,109.1,21.33,18.49,silty,long_rains,sub_humid,1,kidney_beans
31.66,65.25,61.97,6.6,663.16,26.71,54.35,sandy,long_rains,coastal,0,groundnut
124.88,84.57,136.56,6.1,720.45,15.35,72.04,loamy,long_rains,highland,1,potato
30.64,56.1,48.48,5.7,634.99,21.55,49.6,sandy,transitional,semi_arid,0,chickpea
73.07,58.7,62.94,6.5,467.93,26.23,44.76,loamy,short_rains,semi_arid,0,sunflower
96.25,54.59,47.46,6.4,713.77,24.03,64.68,silty,short_rains,highland,0,maize
89.0,91.0,55.0,6.28,94.33,25.08,80.26,clay,long_rains,coastal,0,banana
0.0,74.0,17.0,7.24,47.02,23.33,64.51,clay,dry,semi_arid,1,lentils
6.0,62.0,22.0,5.82,120.45,20.53,18.09,silty,long_rains,highland,1,kidney_beans
68.68,47.65,82.68,6.0,907.09,27.38,77.29,loamy,long_rains,sub_humid,0,cassava
85.0,95.0,47.0,6.21,119.85,25.94,78.34,loamy,long_rains,coastal,1,banana
8.0,136.0,201.0,5.61,74.2,41.66,82.22,loamy,dry,highland,0,grapes
120.52,80.74,129.65,5.5,715.89,13.23,67.34,loamy,long_rains,highland,1,potato
79.43,42.82,63.81,6.9,1006.05,29.47,57.61,sandy,dry,coastal,0,mango
33.22,62.24,56.38,6.3,602.59,19.45,59.29,silty,long_rains,highland,0,beans
74.4,40.95,39.68,6.4,486.3,27.14,47.54,loamy,short_rains,arid,0,sorghum
120.6,52.42,46.45,5.9,1716.87,26.71,86.4,clay,long_rains,coastal,1,rice
33.0,23.0,45.0,7.12,112.34,20.0,85.84,loamy,transitional,arid,0,pomegranate
121.0,53.0,19.0,7.98,80.11,23.51,76.73,clay,long_rains,sub_humid,1,cotton
163.25,57.15,191.32,6.9,1707.59,27.44,74.29,clay,long_rains,sub_humid,0,banana
72.0,60.0,25.0,5.77,88.1,18.53,69.03,loamy,short_rains,sub_humid,1,maize
30.79,67.32,48.31,6.2,549.23,19.94,65.55,loamy,long_rains,sub_humid,0,beans
69.73,55.06,69.72,6.6,500.01,27.36,48.15,sandy,short_rains,sub_humid,0,sunflower
40.59,70.12,56.9,7.0,536.1,22.94,64.3,loamy,short_rains,highland,0,beans
24.0,128.0,196.0,5.52,110.43,22.75,90.69,silty,transitional,highland,1,apple
31.11,67.86,55.09,7.1,540.25,21.86,63.87,silty,long_rains,sub_humid,0,beans
121.59,62.53,45.67,6.1,2077.07,25.87,87.4,clay,long_rains,sub_humid,1,rice
73.8,39.84,39.04,6.4,406.5,26.99,40.75,loamy,dry,arid,0,sorghum
56.06,34.57,36.74,6.5,343.19,32.15,42.85,sandy,dry,arid,0,millet
110.0,78.0,50.0,5.92,98.22,25.94,78.9,clay,long_rains,coastal,0,banana
117.36,51.13,43.26,6.8,1793.59,25.01,86.45,silty,long_rains,sub_humid,1,rice
23.96,59.59,46.65,6.6,390.42,20.0,49.95,loamy,transitional,semi_arid,0,lentils
35.0,142.0,203.0,5.9,123.65,21.17,90.24,silty,transitional,highland,0,apple
103.0,51.0,20.0,7.05,91.64,22.8,84.15,loamy,long_rains,sub_humid,0,cotton
129.45,71.44,123.06,7.3,555.87,16.6,74.71,loamy,short_rains,highland,0,cabbage
125.25,54.37,106.6,6.0,1583.34,17.83,71.63,loamy,long_rains,highland,1,coffee
88.0,54.0,44.0,6.15,233.13,25.74,83.88,clay,long_rains,coastal,0,rice
78.61,58.1,69.8,7.4,564.41,25.0,48.83,loamy,short_rains,sub_humid,0,sunflower
43.0,61.0,20.0,6.8,63.52,26.87,61.61,loamy,transitional,coastal,0,blackgram
70.27,55.87,67.12,7.0,541.95,27.88,46.28,sandy,dry,sub_humid,1,sunflower
113.0,28.0,48.0,6.17,24.44,28.88,92.49,sandy,transitional,semi_arid,0,muskmelon
75.52,54.1,79.18,6.2,556.04,27.72,46.32,sandy,dry,sub_humid,0,sunflower
98.08,57.23,52.85,6.5,640.67,23.74,74.99,loamy,short_rains,highland,0,maize
107.0,10.0,49.0,6.76,45.25,25.83,89.0,loamy,dry,semi_arid,0,watermelon
29.47,68.17,53.07,6.6,530.82,20.93,64.17,silty,short_rains,highland,0,beans
77.82,39.44,39.85,7.0,596.82,18.19,59.47,loamy,dry,highland,1,wheat
80.0,30.0,25.0,7.49,148.38,26.24,65.64,loamy,long_rains,highland,0,coffee
59.0,55.0,79.0,8.77,82.25,20.37,16.9,sandy,dry,semi_arid,0,chickpea
87.0,28.0,35.0,6.76,152.06,26.56,57.16,silty,long_rains,highland,0,coffee
122.21,56.93,46.35,6.3,1804.76,28.55,83.12,clay,long_rains,sub_humid,1,rice
19.0,55.0,20.0,7.19,54.73,27.43,87.81,sandy,transitional,semi_arid,0,mung_bean
57.54,47.09,64.23,7.2,535.46,28.27,46.64,sandy,dry,semi_arid,0,sunflower
102.81,59.13,45.73,6.8,679.66,23.27,69.86,silty,long_rains,highland,0,maize
35.98,65.53,51.55,6.4,580.03,17.92,57.3,loamy,long_rains,sub_humid,0,beans
187.47,64.08,174.96,6.8,1649.91,26.17,80.38,loamy,long_rains,sub_humid,0,banana
34.45,63.05,55.2,6.1,566.41,22.12,62.54,silty,short_rains,sub_humid,0,beans
27.0,40.0,24.0,7.06,52.85,27.84,90.0,loamy,transitional,sub_humid,1,mung_bean
60.54,43.06,84.04,6.5,982.19,27.49,69.4,loamy,long_rains,coastal,1,cassava
124.76,80.06,136.41,6.1,710.15,18.55,69.24,loamy,transitional,highland,0,potato
103.19,59.1,51.3,6.6,718.7,23.84,68.67,loamy,long_rains,sub_humid,0,maize
9.0,137.0,200.0,5.64,102.8,21.12,90.69,silty,transitional,highland,1,apple
40.0,132.0,202.0,5.97,69.71,24.58,80.71,loamy,dry,highland,0,grapes
19.0,26.0,29.0,5.67,166.57,26.93,98.8,sandy,long_rains,coastal,1,coconut
29.23,58.12,49.41,7.0,548.41,22.09,55.73,loamy,dry,semi_arid,0,chickpea
118.23,73.8,109.3,6.1,596.95,16.63,65.94,loamy,long_rains,highland,1,cabbage
25.63,60.14,44.28,5.5,618.72,21.16,53.54,loamy,dry,highland,1,chickpea
92.0,60.0,23.0,5.72,69.93,18.67,71.52,loamy,short_rains,sub_humid,1,maize
39.0,5.0,31.0,5.55,150.95,27.1,93.7,sandy,long_rains,coastal,0,coconut
0.0,5.0,36.0,6.15,105.53,24.35,90.89,sandy,dry,semi_arid,1,pomegranate
61.42,51.25,102.69,6.0,633.54,24.88,65.97,sandy,long_rains,sub_humid,0,sweetpotato
97.0,29.0,27.0,7.21,139.86,27.75,54.37,loamy,long_rains,highland,0,coffee
24.15,51.19,52.61,6.8,465.3,22.19,50.96,loamy,dry,highland,1,chickpea
90.0,86.0,55.0,5.64,97.56,27.96,84.15,loamy,long_rains,sub_humid,1,banana
9.0,59.0,24.0,4.75,137.23,20.44,39.37,loamy,long_rains,sub_humid,1,pigeon_peas
71.15,39.97,39.88,5.9,418.99,30.81,45.48,loamy,dry,semi_arid,1,sorghum
73.66,54.47,92.7,6.0,594.07,23.88,72.49,loamy,short_rains,highland,0,sweetpotato
164.65,46.16,81.19,5.2,2165.67,18.72,79.48,loamy,long_rains,highland,0,tea
66.87,53.9,97.46,5.5,682.95,25.86,72.68,loamy,short_rains,sub_humid,0,sweetpotato
124.59,60.41,101.26,6.0,1625.44,18.38,75.91,silty,long_rains,highland,0,coffee
153.74,46.99,76.98,5.9,1810.03,17.61,83.72,silty,long_rains,highland,0,tea
0.0,36.0,26.0,5.1,96.39,34.13,51.26,sandy,transitional,coastal,0,mango
160.99,61.37,176.58,6.1,1742.61,26.99,79.78,clay,long_rains,sub_humid,0,banana
97.06,63.7,96.46,6.7,442.4,20.31,57.42,sandy,dry,highland,1,onion
80.89,43.97,35.62,6.1,586.0,15.11,53.11,clay,dry,highland,1,wheat
184.07,59.59,123.49,6.2,1663.07,30.14,68.92,clay,long_rains,sub_humid,1,sugarcane
63.78,42.31,74.38,6.9,803.61,25.74,76.87,sandy,long_rains,sub_humid,0,cassava
112.07,55.27,75.98,7.0,681.66,30.5,52.21,clay,long_rains,coastal,1,cotton
42.0,58.0,25.0,6.51,69.46,27.46,62.9,clay,transitional,sub_humid,0,blackgram
18.0,23.0,8.0,6.41,101.48,21.49,93.44,loamy,long_rains,sub_humid,1,orange
87.0,35.0,25.0,6.18,65.89,21.45,63.16,loamy,short_rains,highland,1,maize
166.68,55.35,184.79,5.7,1500.4,27.52,76.02,clay,long_rains,sub_humid,0,banana
34.01,62.6,50.19,6.5,531.49,20.64,64.42,silty,short_rains,highland,0,beans
95.23,53.36,49.18,6.5,664.76,23.57,71.84,loamy,short_rains,highland,0,maize
37.48,64.37,62.47,6.0,688.65,28.04,58.16,sandy,long_rains,sub_humid,0,groundnut
142.55,49.6,81.14,4.5,2008.32,18.19,79.21,loamy,long_rains,highland,1,tea
67.54,45.42,74.3,6.9,892.18,27.35,72.69,sandy,long_rains,sub_humid,0,cassava
54.82,37.07,33.49,6.6,313.93,31.1,39.12,sandy,short_rains,semi_arid,0,millet
29.0,78.0,25.0,5.98,195.79,19.96,59.33,sandy,long_rains,semi_arid,0,pigeon_peas
108.71,74.17,138.57,6.4,531.79,25.03,61.31,loamy,dry,highland,0,tomato
101.59,55.53,76.92,6.2,676.34,25.17,52.0,loamy,long_rains,coastal,0,cotton
122.93,60.8,104.24,6.0,1467.03,20.5,75.95,silty,long_rains,highland,0,coffee
118.04,58.82,98.41,6.4,1519.02,19.59,74.57,silty,long_rains,highland,0,coffee
59.21,34.86,36.5,6.0,369.14,31.43,41.69,sandy,short_rains,semi_arid,0,millet
181.18,63.33,132.02,6.0,1423.34,31.25,70.68,clay,long_rains,coastal,0,sugarcane
74.3,43.05,39.85,5.9,421.29,28.86,42.76,loamy,dry,arid,0,sorghum
32.0,78.0,22.0,7.01,53.41,23.97,62.36,clay,transitional,highland,0,lentils
